season_id,game_type_id,competition_id,group_id,category_base,category_label_raw,is_femenino,division_level,competition_label_raw,group_label_raw,has_calendario,has_clasificaciones,has_goleadores
17,2,13693975,14213240,BENJAMIN,PRIMERA DIVISION AUTONOMICA BENJAMIN F7,False,PRIMERA DIVISION AUTONOMICA,PRIMERA DIVISION AUTONOMICA BENJAMIN F7,GRUPO 1,True,True,True
17,2,13693975,14213313,BENJAMIN,PRIMERA DIVISION AUTONOMICA BENJAMIN F7,False,PRIMERA DIVISION AUTONOMICA,PRIMERA DIVISION AUTONOMICA BENJAMIN F7,GRUPO 2,True,True,True
17,2,13693975,14213363,BENJAMIN,PRIMERA DIVISION AUTONOMICA BENJAMIN F7,False,PRIMERA DIVISION AUTONOMICA,PRIMERA DIVISION AUTONOMICA BENJAMIN F7,GRUPO 3,True,True,True
17,2,13693975,14213437,BENJAMIN,PRIMERA DIVISION AUTONOMICA BENJAMIN F7,False,PRIMERA DIVISION AUTONOMICA,PRIMERA DIVISION AUTONOMICA BENJAMIN F7,GRUPO 4,True,True,True
17,2,13693975,14213602,BENJAMIN,PRIMERA DIVISION AUTONOMICA BENJAMIN F7,False,PRIMERA DIVISION AUTONOMICA,PRIMERA DIVISION AUTONOMICA BENJAMIN F7,GRUPO 5,True,True,True
17,2,13693975,14213690,BENJAMIN,PRIMERA DIVISION AUTONOMICA BENJAMIN F7,False,PRIMERA DIVISION AUTONOMICA,PRIMERA DIVISION AUTONOMICA BENJAMIN F7,GRUPO 6,True,True,True
17,2,13693975,14213757,BENJAMIN,PRIMERA DIVISION AUTONOMICA BENJAMIN F7,False,PRIMERA DIVISION AUTONOMICA,PRIMERA DIVISION AUTONOMICA BENJAMIN F7,GRUPO 7,True,True,True
17,2,13693975,14213799,BENJAMIN,PRIMERA DIVISION AUTONOMICA BENJAMIN F7,False,PRIMERA DIVISION AUTONOMICA,PRIMERA DIVISION AUTONOMICA BENJAMIN F7,GRUPO 8,True,True,True
17,2,15267384,15276640,BENJAMIN,PRIMERA DIVISION AUTONOMICA BENJAMIN F7,False,PRIMERA DIVISION AUTONOMICA,PRIMERA DIVISION AUTONOMICA BENJAMIN F7 -TORNEO DE CAMPEONES,"Cuartos, Semifinales y final",True,True,True
17,2,13564803,14494242,BENJAMIN,PREFERENTE BENJAMIN F7,False,PREFERENTE,PREFERENTE BENJAMIN F7,GRUPO 1,True,True,True
17,2,13564803,14494322,BENJAMIN,PREFERENTE BENJAMIN F7,False,PREFERENTE,PREFERENTE BENJAMIN F7,GRUPO 2,True,True,True
17,2,13564803,14494340,BENJAMIN,PREFERENTE BENJAMIN F7,False,PREFERENTE,PREFERENTE BENJAMIN F7,GRUPO 3,True,True,True
17,2,13564803,14494349,BENJAMIN,PREFERENTE BENJAMIN F7,False,PREFERENTE,PREFERENTE BENJAMIN F7,GRUPO 4,True,True,True
17,2,13564803,14494368,BENJAMIN,PREFERENTE BENJAMIN F7,False,PREFERENTE,PREFERENTE BENJAMIN F7,GRUPO 5,True,True,True
17,2,13564803,14494390,BENJAMIN,PREFERENTE BENJAMIN F7,False,PREFERENTE,PREFERENTE BENJAMIN F7,GRUPO 6,True,True,True
17,2,13564803,14494414,BENJAMIN,PREFERENTE BENJAMIN F7,False,PREFERENTE,PREFERENTE BENJAMIN F7,GRUPO 7,True,True,True
17,2,13564803,14494443,BENJAMIN,PREFERENTE BENJAMIN F7,False,PREFERENTE,PREFERENTE BENJAMIN F7,GRUPO 8,True,True,True
17,2,13564803,14494480,BENJAMIN,PREFERENTE BENJAMIN F7,False,PREFERENTE,PREFERENTE BENJAMIN F7,GRUPO 9,True,True,True
17,2,13564803,14494489,BENJAMIN,PREFERENTE BENJAMIN F7,False,PREFERENTE,PREFERENTE BENJAMIN F7,GRUPO 10,True,True,True
17,2,13564803,14494499,BENJAMIN,PREFERENTE BENJAMIN F7,False,PREFERENTE,PREFERENTE BENJAMIN F7,GRUPO 11,True,True,True
17,2,13564803,14494526,BENJAMIN,PREFERENTE BENJAMIN F7,False,PREFERENTE,PREFERENTE BENJAMIN F7,GRUPO 12,True,True,True
17,2,13564803,14494545,BENJAMIN,PREFERENTE BENJAMIN F7,False,PREFERENTE,PREFERENTE BENJAMIN F7,GRUPO 13,True,True,True
17,2,13564803,14494571,BENJAMIN,PREFERENTE BENJAMIN F7,False,PREFERENTE,PREFERENTE BENJAMIN F7,GRUPO 14,True,True,True
17,2,13564803,14494581,BENJAMIN,PREFERENTE BENJAMIN F7,False,PREFERENTE,PREFERENTE BENJAMIN F7,GRUPO 15,True,True,True
17,2,15267385,15277579,BENJAMIN,PREFERENTE BENJAMIN F7,False,PREFERENTE,PREFERENTE BENJAMIN F7 -TORNEO DE CAMPEONES,"Cuartos, Semifinales y final",True,True,True
17,2,15256755,15256762,BENJAMIN,PREFERENTE BENJAMIN F7,False,PREFERENTE,SEGUNDA FASE PREFERENTE BENJAMIN F7,Grupo 4,True,True,True
17,2,13564827,14575605,BENJAMIN,PRIMERA BENJAMIN F7,False,PRIMERA,PRIMERA BENJAMIN F7,Grupo 1,True,True,True
17,2,13564827,14575899,BENJAMIN,PRIMERA BENJAMIN F7,False,PRIMERA,PRIMERA BENJAMIN F7,Grupo 2,True,True,True
17,2,13564827,14576627,BENJAMIN,PRIMERA BENJAMIN F7,False,PRIMERA,PRIMERA BENJAMIN F7,Grupo 3,True,True,True
17,2,13564827,14576836,BENJAMIN,PRIMERA BENJAMIN F7,False,PRIMERA,PRIMERA BENJAMIN F7,Grupo 4,True,True,True
17,2,13564827,14577732,BENJAMIN,PRIMERA BENJAMIN F7,False,PRIMERA,PRIMERA BENJAMIN F7,Grupo 5,True,True,True
17,2,13564827,14578389,BENJAMIN,PRIMERA BENJAMIN F7,False,PRIMERA,PRIMERA BENJAMIN F7,Grupo 6,True,True,True
17,2,13564827,14579449,BENJAMIN,PRIMERA BENJAMIN F7,False,PRIMERA,PRIMERA BENJAMIN F7,Grupo 7,True,True,True
17,2,13564827,14581125,BENJAMIN,PRIMERA BENJAMIN F7,False,PRIMERA,PRIMERA BENJAMIN F7,Grupo 8,True,True,True
17,2,13564827,14581561,BENJAMIN,PRIMERA BENJAMIN F7,False,PRIMERA,PRIMERA BENJAMIN F7,Grupo 9,True,True,True
17,2,13564827,14582071,BENJAMIN,PRIMERA BENJAMIN F7,False,PRIMERA,PRIMERA BENJAMIN F7,Grupo 10,True,True,True
17,2,13564827,14583925,BENJAMIN,PRIMERA BENJAMIN F7,False,PRIMERA,PRIMERA BENJAMIN F7,Grupo 11,True,True,True
17,2,13564827,14584187,BENJAMIN,PRIMERA BENJAMIN F7,False,PRIMERA,PRIMERA BENJAMIN F7,Grupo 12,True,True,True
17,2,13564827,14584423,BENJAMIN,PRIMERA BENJAMIN F7,False,PRIMERA,PRIMERA BENJAMIN F7,Grupo 13,True,True,True
17,2,13564827,14583615,BENJAMIN,PRIMERA BENJAMIN F7,False,PRIMERA,PRIMERA BENJAMIN F7,Grupo 14,True,True,True
17,2,13564827,14584673,BENJAMIN,PRIMERA BENJAMIN F7,False,PRIMERA,PRIMERA BENJAMIN F7,Grupo 15,True,True,True
17,2,13564827,14585759,BENJAMIN,PRIMERA BENJAMIN F7,False,PRIMERA,PRIMERA BENJAMIN F7,Grupo 16,True,True,True
17,2,13564827,14586623,BENJAMIN,PRIMERA BENJAMIN F7,False,PRIMERA,PRIMERA BENJAMIN F7,Grupo 17,True,True,True
17,2,13564827,14587030,BENJAMIN,PRIMERA BENJAMIN F7,False,PRIMERA,PRIMERA BENJAMIN F7,Grupo 18,True,True,True
17,2,13564827,14587322,BENJAMIN,PRIMERA BENJAMIN F7,False,PRIMERA,PRIMERA BENJAMIN F7,Grupo 19,True,True,True
17,2,13564827,14587662,BENJAMIN,PRIMERA BENJAMIN F7,False,PRIMERA,PRIMERA BENJAMIN F7,Grupo 20,True,True,True
17,2,13564827,14588246,BENJAMIN,PRIMERA BENJAMIN F7,False,PRIMERA,PRIMERA BENJAMIN F7,Grupo 21,True,True,True
17,2,13564827,14588578,BENJAMIN,PRIMERA BENJAMIN F7,False,PRIMERA,PRIMERA BENJAMIN F7,Grupo 22,True,True,True
17,2,13564827,14597157,BENJAMIN,PRIMERA BENJAMIN F7,False,PRIMERA,PRIMERA BENJAMIN F7,Grupo 23,True,True,True
17,2,13564827,14642297,BENJAMIN,PRIMERA BENJAMIN F7,False,PRIMERA,PRIMERA BENJAMIN F7,Grupo 24,True,True,True
17,2,13564827,14642337,BENJAMIN,PRIMERA BENJAMIN F7,False,PRIMERA,PRIMERA BENJAMIN F7,Grupo 25,True,True,True
17,2,13564827,14642068,BENJAMIN,PRIMERA BENJAMIN F7,False,PRIMERA,PRIMERA BENJAMIN F7,Grupo 26,True,True,True
17,2,13564827,14642138,BENJAMIN,PRIMERA BENJAMIN F7,False,PRIMERA,PRIMERA BENJAMIN F7,Grupo 27,True,True,True
17,2,13564827,14642172,BENJAMIN,PRIMERA BENJAMIN F7,False,PRIMERA,PRIMERA BENJAMIN F7,Grupo 28,True,True,True
17,2,13564827,14602100,BENJAMIN,PRIMERA BENJAMIN F7,False,PRIMERA,PRIMERA BENJAMIN F7,Grupo 29,True,True,True
17,2,13564827,14602449,BENJAMIN,PRIMERA BENJAMIN F7,False,PRIMERA,PRIMERA BENJAMIN F7,Grupo 30,True,True,True
17,2,13564827,14604012,BENJAMIN,PRIMERA BENJAMIN F7,False,PRIMERA,PRIMERA BENJAMIN F7,Grupo 31,True,True,True
17,2,13564827,14605083,BENJAMIN,PRIMERA BENJAMIN F7,False,PRIMERA,PRIMERA BENJAMIN F7,Grupo 32,True,True,True
17,2,13564827,14605738,BENJAMIN,PRIMERA BENJAMIN F7,False,PRIMERA,PRIMERA BENJAMIN F7,Grupo 33,True,True,True
17,2,13564827,14606852,BENJAMIN,PRIMERA BENJAMIN F7,False,PRIMERA,PRIMERA BENJAMIN F7,Grupo 34,True,True,True
17,2,13564827,14607926,BENJAMIN,PRIMERA BENJAMIN F7,False,PRIMERA,PRIMERA BENJAMIN F7,Grupo 35,True,True,True
17,2,13564827,14642466,BENJAMIN,PRIMERA BENJAMIN F7,False,PRIMERA,PRIMERA BENJAMIN F7,Grupo 36,True,True,True
17,2,13564827,14642537,BENJAMIN,PRIMERA BENJAMIN F7,False,PRIMERA,PRIMERA BENJAMIN F7,Grupo 37,True,True,True
17,2,13564827,14642544,BENJAMIN,PRIMERA BENJAMIN F7,False,PRIMERA,PRIMERA BENJAMIN F7,Grupo 38,True,True,True
17,2,13564827,14607747,BENJAMIN,PRIMERA BENJAMIN F7,False,PRIMERA,PRIMERA BENJAMIN F7,Grupo 39,True,True,True
17,2,13564827,14608196,BENJAMIN,PRIMERA BENJAMIN F7,False,PRIMERA,PRIMERA BENJAMIN F7,Grupo 40,True,True,True
17,2,13564827,14608929,BENJAMIN,PRIMERA BENJAMIN F7,False,PRIMERA,PRIMERA BENJAMIN F7,Grupo 41,True,True,True
17,2,13564827,14608325,BENJAMIN,PRIMERA BENJAMIN F7,False,PRIMERA,PRIMERA BENJAMIN F7,Grupo 42,True,True,True
17,2,13564827,14608540,BENJAMIN,PRIMERA BENJAMIN F7,False,PRIMERA,PRIMERA BENJAMIN F7,Grupo 43,True,True,True
17,2,13564827,14608900,BENJAMIN,PRIMERA BENJAMIN F7,False,PRIMERA,PRIMERA BENJAMIN F7,Grupo 44,True,True,True
17,2,13564827,14635434,BENJAMIN,PRIMERA BENJAMIN F7,False,PRIMERA,PRIMERA BENJAMIN F7,Grupo 45,True,True,True
17,2,13564827,14635785,BENJAMIN,PRIMERA BENJAMIN F7,False,PRIMERA,PRIMERA BENJAMIN F7,Grupo 46,True,True,True
17,2,13564827,14636736,BENJAMIN,PRIMERA BENJAMIN F7,False,PRIMERA,PRIMERA BENJAMIN F7,Grupo 47,True,True,True
17,2,13564827,14637057,BENJAMIN,PRIMERA BENJAMIN F7,False,PRIMERA,PRIMERA BENJAMIN F7,Grupo 48,True,True,True
17,2,13564827,14643021,BENJAMIN,PRIMERA BENJAMIN F7,False,PRIMERA,PRIMERA BENJAMIN F7,Grupo 49,True,True,True
17,2,13564827,14643094,BENJAMIN,PRIMERA BENJAMIN F7,False,PRIMERA,PRIMERA BENJAMIN F7,Grupo 50,True,True,True
17,2,13564827,14652701,BENJAMIN,PRIMERA BENJAMIN F7,False,PRIMERA,PRIMERA BENJAMIN F7,Grupo 51,True,True,True
17,2,13564827,14643174,BENJAMIN,PRIMERA BENJAMIN F7,False,PRIMERA,PRIMERA BENJAMIN F7,Grupo 52,True,True,True
17,2,13564827,14643245,BENJAMIN,PRIMERA BENJAMIN F7,False,PRIMERA,PRIMERA BENJAMIN F7,Grupo 53,True,True,True
17,2,13564827,14638048,BENJAMIN,PRIMERA BENJAMIN F7,False,PRIMERA,PRIMERA BENJAMIN F7,Grupo 54,True,True,True
17,2,13564827,14609358,BENJAMIN,PRIMERA BENJAMIN F7,False,PRIMERA,PRIMERA BENJAMIN F7,Grupo 55,True,True,True
17,2,13564827,14638528,BENJAMIN,PRIMERA BENJAMIN F7,False,PRIMERA,PRIMERA BENJAMIN F7,Grupo 56,True,True,True
17,2,13564827,14638653,BENJAMIN,PRIMERA BENJAMIN F7,False,PRIMERA,PRIMERA BENJAMIN F7,Grupo 57,True,True,True
17,2,13564827,14638329,BENJAMIN,PRIMERA BENJAMIN F7,False,PRIMERA,PRIMERA BENJAMIN F7,Grupo 58,True,True,True
17,2,13564827,14652968,BENJAMIN,PRIMERA BENJAMIN F7,False,PRIMERA,PRIMERA BENJAMIN F7,Grupo 59,True,True,True
17,2,13564827,14810496,BENJAMIN,PRIMERA BENJAMIN F7,False,PRIMERA,PRIMERA BENJAMIN F7,Grupo 60,True,True,True
17,2,13564827,14810559,BENJAMIN,PRIMERA BENJAMIN F7,False,PRIMERA,PRIMERA BENJAMIN F7,Grupo 61,True,True,True
17,2,15267387,15276386,BENJAMIN,PRIMERA BENJAMIN F7,False,PRIMERA,PRIMERA BENJAMIN F7 -TORNEO DE CAMPEONES,"16º, Octavos, Cuartos, Semifinales y Final",True,True,True
17,2,13564892,14881975,PREBENJAMIN,PREFERENTE PREBENJAMIN,False,PREFERENTE,PREFERENTE PREBENJAMIN,Grupo 1,True,True,True
17,2,13564892,14882026,PREBENJAMIN,PREFERENTE PREBENJAMIN,False,PREFERENTE,PREFERENTE PREBENJAMIN,Grupo 2,True,True,True
17,2,13564892,14881992,PREBENJAMIN,PREFERENTE PREBENJAMIN,False,PREFERENTE,PREFERENTE PREBENJAMIN,Grupo 3,True,True,True
17,2,13564892,14881995,PREBENJAMIN,PREFERENTE PREBENJAMIN,False,PREFERENTE,PREFERENTE PREBENJAMIN,Grupo 4,True,True,True
17,2,13564892,14882028,PREBENJAMIN,PREFERENTE PREBENJAMIN,False,PREFERENTE,PREFERENTE PREBENJAMIN,Grupo 5,True,True,True
17,2,13564892,14882025,PREBENJAMIN,PREFERENTE PREBENJAMIN,False,PREFERENTE,PREFERENTE PREBENJAMIN,Grupo 6,True,True,True
17,2,13564892,14882047,PREBENJAMIN,PREFERENTE PREBENJAMIN,False,PREFERENTE,PREFERENTE PREBENJAMIN,Grupo 7,True,True,True
17,2,13564892,14882046,PREBENJAMIN,PREFERENTE PREBENJAMIN,False,PREFERENTE,PREFERENTE PREBENJAMIN,Grupo 8,True,True,True
17,2,13564892,14882027,PREBENJAMIN,PREFERENTE PREBENJAMIN,False,PREFERENTE,PREFERENTE PREBENJAMIN,Grupo 9,True,True,True
17,2,13564892,14882006,PREBENJAMIN,PREFERENTE PREBENJAMIN,False,PREFERENTE,PREFERENTE PREBENJAMIN,Grupo 10,True,True,True
17,2,13564892,14882016,PREBENJAMIN,PREFERENTE PREBENJAMIN,False,PREFERENTE,PREFERENTE PREBENJAMIN,Grupo 11,True,True,True
17,2,13564892,14881978,PREBENJAMIN,PREFERENTE PREBENJAMIN,False,PREFERENTE,PREFERENTE PREBENJAMIN,Grupo 12,True,True,True
17,2,13564892,14881979,PREBENJAMIN,PREFERENTE PREBENJAMIN,False,PREFERENTE,PREFERENTE PREBENJAMIN,Grupo 13,True,True,True
17,2,15267388,15279397,PREBENJAMIN,PREFERENTE PREBENJAMIN,False,PREFERENTE,PREFERENTE PREBENJAMIN F7 -TORNEO DE CAMPEONES,"Cuartos, Semifinales y final",True,True,True
17,2,15256736,15256742,PREBENJAMIN,PREFERENTE PREBENJAMIN,False,PREFERENTE,SEGUNDA FASE PREFERENTE PREBENJAMIN,Grupo 3,True,True,True
17,2,15256736,15256743,PREBENJAMIN,PREFERENTE PREBENJAMIN,False,PREFERENTE,SEGUNDA FASE PREFERENTE PREBENJAMIN,Grupo 7,True,True,True
17,2,15256736,15263755,PREBENJAMIN,PREFERENTE PREBENJAMIN,False,PREFERENTE,SEGUNDA FASE PREFERENTE PREBENJAMIN,Grupo 12,True,True,True
17,2,13694022,14888105,PREBENJAMIN,PREBENJAMIN,False,PRIMERA,PRIMERA PREBENJAMIN,Grupo 1,True,True,True
17,2,13694022,14888124,PREBENJAMIN,PREBENJAMIN,False,PRIMERA,PRIMERA PREBENJAMIN,Grupo 2,True,True,True
17,2,13694022,14888133,PREBENJAMIN,PREBENJAMIN,False,PRIMERA,PRIMERA PREBENJAMIN,Grupo 3,True,True,True
17,2,13694022,14888134,PREBENJAMIN,PREBENJAMIN,False,PRIMERA,PRIMERA PREBENJAMIN,Grupo 4,True,True,True
17,2,13694022,14888137,PREBENJAMIN,PREBENJAMIN,False,PRIMERA,PRIMERA PREBENJAMIN,Grupo 5,True,True,True
17,2,13694022,14888146,PREBENJAMIN,PREBENJAMIN,False,PRIMERA,PRIMERA PREBENJAMIN,Grupo 6,True,True,True
17,2,13694022,14888147,PREBENJAMIN,PREBENJAMIN,False,PRIMERA,PRIMERA PREBENJAMIN,Grupo 7,True,True,True
17,2,13694022,14891671,PREBENJAMIN,PREBENJAMIN,False,PRIMERA,PRIMERA PREBENJAMIN,Grupo 8,True,True,True
17,2,13694022,14888155,PREBENJAMIN,PREBENJAMIN,False,PRIMERA,PRIMERA PREBENJAMIN,Grupo 9,True,True,True
17,2,13694022,14888156,PREBENJAMIN,PREBENJAMIN,False,PRIMERA,PRIMERA PREBENJAMIN,Grupo 10,True,True,True
17,2,13694022,14888160,PREBENJAMIN,PREBENJAMIN,False,PRIMERA,PRIMERA PREBENJAMIN,Grupo 11,True,True,True
17,2,13694022,14888161,PREBENJAMIN,PREBENJAMIN,False,PRIMERA,PRIMERA PREBENJAMIN,Grupo 12,True,True,True
17,2,13694022,14888178,PREBENJAMIN,PREBENJAMIN,False,PRIMERA,PRIMERA PREBENJAMIN,Grupo 13,True,True,True
17,2,13694022,14888200,PREBENJAMIN,PREBENJAMIN,False,PRIMERA,PRIMERA PREBENJAMIN,Grupo 14,True,True,True
17,2,13694022,14888234,PREBENJAMIN,PREBENJAMIN,False,PRIMERA,PRIMERA PREBENJAMIN,Grupo 15,True,True,True
17,2,13694022,14891691,PREBENJAMIN,PREBENJAMIN,False,PRIMERA,PRIMERA PREBENJAMIN,Grupo 16,True,True,True
17,2,13694022,14888290,PREBENJAMIN,PREBENJAMIN,False,PRIMERA,PRIMERA PREBENJAMIN,Grupo 17,True,True,True
17,2,13694022,14888326,PREBENJAMIN,PREBENJAMIN,False,PRIMERA,PRIMERA PREBENJAMIN,Grupo 18,True,True,True
17,2,13694022,14888335,PREBENJAMIN,PREBENJAMIN,False,PRIMERA,PRIMERA PREBENJAMIN,Grupo 19,True,True,True
17,2,13694022,14888361,PREBENJAMIN,PREBENJAMIN,False,PRIMERA,PRIMERA PREBENJAMIN,Grupo 20,True,True,True
17,2,13694022,14888399,PREBENJAMIN,PREBENJAMIN,False,PRIMERA,PRIMERA PREBENJAMIN,Grupo 21,True,True,True
17,2,13694022,14888439,PREBENJAMIN,PREBENJAMIN,False,PRIMERA,PRIMERA PREBENJAMIN,Grupo 22,True,True,True
17,2,13694022,14888476,PREBENJAMIN,PREBENJAMIN,False,PRIMERA,PRIMERA PREBENJAMIN,Grupo 23,True,True,True
17,2,13694022,14888497,PREBENJAMIN,PREBENJAMIN,False,PRIMERA,PRIMERA PREBENJAMIN,Grupo 24,True,True,True
17,2,13694022,14888526,PREBENJAMIN,PREBENJAMIN,False,PRIMERA,PRIMERA PREBENJAMIN,Grupo 25,True,True,True
17,2,13694022,14889713,PREBENJAMIN,PREBENJAMIN,False,PRIMERA,PRIMERA PREBENJAMIN,Grupo 26,True,True,True
17,2,13694022,14889723,PREBENJAMIN,PREBENJAMIN,False,PRIMERA,PRIMERA PREBENJAMIN,Grupo 27,True,True,True
17,2,13694022,14889747,PREBENJAMIN,PREBENJAMIN,False,PRIMERA,PRIMERA PREBENJAMIN,Grupo 28,True,True,True
17,2,13694022,14889781,PREBENJAMIN,PREBENJAMIN,False,PRIMERA,PRIMERA PREBENJAMIN,Grupo 29,True,True,True
17,2,13694022,14889820,PREBENJAMIN,PREBENJAMIN,False,PRIMERA,PRIMERA PREBENJAMIN,Grupo 30,True,True,True
17,2,13694022,14889837,PREBENJAMIN,PREBENJAMIN,False,PRIMERA,PRIMERA PREBENJAMIN,Grupo 31,True,True,True
17,2,13694022,14889855,PREBENJAMIN,PREBENJAMIN,False,PRIMERA,PRIMERA PREBENJAMIN,Grupo 32,True,True,True
17,2,13694022,14889880,PREBENJAMIN,PREBENJAMIN,False,PRIMERA,PRIMERA PREBENJAMIN,Grupo 33,True,True,True
17,2,13694022,14889928,PREBENJAMIN,PREBENJAMIN,False,PRIMERA,PRIMERA PREBENJAMIN,Grupo 34,True,True,True
17,2,13694022,14889993,PREBENJAMIN,PREBENJAMIN,False,PRIMERA,PRIMERA PREBENJAMIN,Grupo 35,True,True,True
17,2,13694022,14890006,PREBENJAMIN,PREBENJAMIN,False,PRIMERA,PRIMERA PREBENJAMIN,Grupo 36,True,True,True
17,2,13694022,14891336,PREBENJAMIN,PREBENJAMIN,False,PRIMERA,PRIMERA PREBENJAMIN,Grupo 37,True,True,True
17,2,13694022,14891353,PREBENJAMIN,PREBENJAMIN,False,PRIMERA,PRIMERA PREBENJAMIN,Grupo 38,True,True,True
17,2,13694022,14890026,PREBENJAMIN,PREBENJAMIN,False,PRIMERA,PRIMERA PREBENJAMIN,Grupo 39,True,True,True
17,2,13694022,14890055,PREBENJAMIN,PREBENJAMIN,False,PRIMERA,PRIMERA PREBENJAMIN,Grupo 40,True,True,True
17,2,13694022,14890116,PREBENJAMIN,PREBENJAMIN,False,PRIMERA,PRIMERA PREBENJAMIN,Grupo 41,True,True,True
17,2,13694022,14891295,PREBENJAMIN,PREBENJAMIN,False,PRIMERA,PRIMERA PREBENJAMIN,Grupo 42,True,True,True
17,2,13694022,14891415,PREBENJAMIN,PREBENJAMIN,False,PRIMERA,PRIMERA PREBENJAMIN,Grupo 43,True,True,True
17,2,13694022,14891371,PREBENJAMIN,PREBENJAMIN,False,PRIMERA,PRIMERA PREBENJAMIN,Grupo 44,True,True,True
17,2,13694022,14891368,PREBENJAMIN,PREBENJAMIN,False,PRIMERA,PRIMERA PREBENJAMIN,Grupo 45,True,True,True
17,2,13694022,14891373,PREBENJAMIN,PREBENJAMIN,False,PRIMERA,PRIMERA PREBENJAMIN,Grupo 46,True,True,True
17,2,13694022,14891409,PREBENJAMIN,PREBENJAMIN,False,PRIMERA,PRIMERA PREBENJAMIN,Grupo 47,True,True,True
17,2,13694022,14891417,PREBENJAMIN,PREBENJAMIN,False,PRIMERA,PRIMERA PREBENJAMIN,Grupo 48,True,True,True
17,2,13694022,14891387,PREBENJAMIN,PREBENJAMIN,False,PRIMERA,PRIMERA PREBENJAMIN,Grupo 49,True,True,True
17,2,13694022,14891722,PREBENJAMIN,PREBENJAMIN,False,PRIMERA,PRIMERA PREBENJAMIN,Grupo 50,True,True,True
17,2,13694022,14891732,PREBENJAMIN,PREBENJAMIN,False,PRIMERA,PRIMERA PREBENJAMIN,Grupo 51,True,True,True
17,2,15267389,15276211,PREBENJAMIN,PREBENJAMIN,False,PRIMERA,PRIMERA PREBENJAMIN F7 -TORNEO DE CAMPEONES,"16º, Octavos, Cuartos, Semifinales y Final",True,True,True
17,2,15256368,15256372,PREBENJAMIN,PREBENJAMIN,False,PRIMERA,SEGUNDA FASE PRIMERA PREBENJAMIN,Grupo 4,True,True,True
17,2,15256368,15256593,PREBENJAMIN,PREBENJAMIN,False,PRIMERA,SEGUNDA FASE PRIMERA PREBENJAMIN,Grupo 22,True,True,True
17,2,15256368,15256641,PREBENJAMIN,PREBENJAMIN,False,PRIMERA,SEGUNDA FASE PRIMERA PREBENJAMIN,Grupo 23,True,True,True
17,2,15256368,15256664,PREBENJAMIN,PREBENJAMIN,False,PRIMERA,SEGUNDA FASE PRIMERA PREBENJAMIN,Grupo 24,True,True,True
17,2,15256368,15256665,PREBENJAMIN,PREBENJAMIN,False,PRIMERA,SEGUNDA FASE PRIMERA PREBENJAMIN,Grupo 28,True,True,True
17,2,15256368,15256679,PREBENJAMIN,PREBENJAMIN,False,PRIMERA,SEGUNDA FASE PRIMERA PREBENJAMIN,Grupo 31,True,True,True
17,2,15256368,15256674,PREBENJAMIN,PREBENJAMIN,False,PRIMERA,SEGUNDA FASE PRIMERA PREBENJAMIN,Grupo 32,True,True,True
17,2,15256368,15256695,PREBENJAMIN,PREBENJAMIN,False,PRIMERA,SEGUNDA FASE PRIMERA PREBENJAMIN,Grupo 36,True,True,True
17,2,15256368,15256699,PREBENJAMIN,PREBENJAMIN,False,PRIMERA,SEGUNDA FASE PRIMERA PREBENJAMIN,Grupo 38,True,True,True
17,2,15256368,15263761,PREBENJAMIN,PREBENJAMIN,False,PRIMERA,SEGUNDA FASE PRIMERA PREBENJAMIN,Grupo 42,True,True,True
17,2,15256368,15263765,PREBENJAMIN,PREBENJAMIN,False,PRIMERA,SEGUNDA FASE PRIMERA PREBENJAMIN,Grupo 43,True,True,True
17,2,15256368,15256728,PREBENJAMIN,PREBENJAMIN,False,PRIMERA,SEGUNDA FASE PRIMERA PREBENJAMIN,Grupo 44,True,True,True
17,3,18973231,18941402,BENJAMIN,BENJAMIN SALA,False,OTHER,Benjamin - F.S.,Grupo 1,True,True,False
17,3,18973231,18941403,BENJAMIN,BENJAMIN SALA,False,OTHER,Benjamin - F.S.,Grupo 2,True,True,False
17,3,18973231,18941421,BENJAMIN,BENJAMIN SALA,False,OTHER,Benjamin - F.S.,Grupo 3,True,True,False
17,3,18973231,18941422,BENJAMIN,BENJAMIN SALA,False,OTHER,Benjamin - F.S.,Grupo 4,True,True,False
17,3,19051536,19019707,BENJAMIN,BENJAMIN SALA,False,OTHER,Copa Benjamin - F.S.,Grupo 1,True,True,True
17,3,19051536,19019708,BENJAMIN,BENJAMIN SALA,False,OTHER,Copa Benjamin - F.S.,Grupo 2,True,True,True
17,3,19051536,19019709,BENJAMIN,BENJAMIN SALA,False,OTHER,Copa Benjamin - F.S.,Grupo 3,True,True,True
17,3,19051536,19019710,BENJAMIN,BENJAMIN SALA,False,OTHER,Copa Benjamin - F.S.,Grupo 4,True,True,True
17,3,19051536,19019711,BENJAMIN,BENJAMIN SALA,False,OTHER,Copa Benjamin - F.S.,Grupo 5,True,True,True
17,3,19051536,19019712,BENJAMIN,BENJAMIN SALA,False,OTHER,Copa Benjamin - F.S.,Grupo 6,True,True,True
17,3,19051536,19019713,BENJAMIN,BENJAMIN SALA,False,OTHER,Copa Benjamin - F.S.,Grupo 7,True,True,True
17,3,19051536,19019714,BENJAMIN,BENJAMIN SALA,False,OTHER,Copa Benjamin - F.S.,Grupo 8,True,True,True
17,3,19051536,19019715,BENJAMIN,BENJAMIN SALA,False,OTHER,Copa Benjamin - F.S.,Grupo 9,True,True,True
17,3,19051536,19019716,BENJAMIN,BENJAMIN SALA,False,OTHER,Copa Benjamin - F.S.,Grupo 10,True,True,True
17,3,19051536,19019717,BENJAMIN,BENJAMIN SALA,False,OTHER,Copa Benjamin - F.S.,Grupo 11,True,True,True
17,3,19051536,19019718,BENJAMIN,BENJAMIN SALA,False,OTHER,Copa Benjamin - F.S.,Grupo 12,True,True,True
17,3,19051536,19019719,BENJAMIN,BENJAMIN SALA,False,OTHER,Copa Benjamin - F.S.,Grupo 13,True,True,True
17,3,19051536,19019720,BENJAMIN,BENJAMIN SALA,False,OTHER,Copa Benjamin - F.S.,Grupo 14,True,True,True
17,3,19052965,19021136,BENJAMIN,BENJAMIN SALA,False,OTHER,Copa Benjamín Eliminatorias - F.S.,Eliminatorias,True,True,True
17,3,19052893,19021133,BENJAMIN,BENJAMIN SALA,False,OTHER,Copa Benjamin Previa - F.S.,Previa,True,True,True
17,3,19045120,19013291,BENJAMIN,BENJAMIN SALA,False,SEGUNDA,Segunda Fase Benjamin - F.S.,Grupo A,True,True,False
17,3,19045120,19013292,BENJAMIN,BENJAMIN SALA,False,SEGUNDA,Segunda Fase Benjamin - F.S.,Grupo B,True,True,False
17,3,19045120,19013293,BENJAMIN,BENJAMIN SALA,False,SEGUNDA,Segunda Fase Benjamin - F.S.,Grupo C,True,True,False
17,3,19045120,19013294,BENJAMIN,BENJAMIN SALA,False,SEGUNDA,Segunda Fase Benjamin - F.S.,Grupo D,True,True,False
17,3,19045120,19013295,BENJAMIN,BENJAMIN SALA,False,SEGUNDA,Segunda Fase Benjamin - F.S.,Grupo E,True,True,False
17,3,19045120,19013296,BENJAMIN,BENJAMIN SALA,False,SEGUNDA,Segunda Fase Benjamin - F.S.,Grupo F,True,True,False
17,3,19045120,19013297,BENJAMIN,BENJAMIN SALA,False,SEGUNDA,Segunda Fase Benjamin - F.S.,Grupo G,True,True,False
17,3,19045120,19013298,BENJAMIN,BENJAMIN SALA,False,SEGUNDA,Segunda Fase Benjamin - F.S.,Grupo H,True,True,False
17,3,19051617,19020896,PREBENJAMIN,PREBENJAMIN SALA,False,OTHER,Copa Prebenjamin - F.S.,Eliminatorias,True,True,True
17,3,19027125,18999967,PREBENJAMIN,PREBENJAMIN SALA,False,OTHER,Prebenjamin - F.S.,Grupo Unico,True,True,False
17,3,19027127,18995298,BENJAMIN,BENJAMIN FEMENINO SALA,True,OTHER,Benjamín Femenina - F.S.,Grupo único,True,True,False
17,3,19053458,19021630,BENJAMIN,BENJAMIN FEMENINO SALA,True,OTHER,Copa Benjamín Femenina - F.S.,Copa Benjamín Femenina,True,True,True
