page_kind,group_id,competition_id,season_id,game_type_id,url,raw_saved_path
calendario,9565929,9565626,14,2,https://www.rffm.es/competicion/calendario?temporada=14&competicion=9565626&grupo=9565929&tipojuego=2,output/raw/rffm/benjamin/2018-2019/calendario/9565929.html
clasificaciones,9565929,9565626,14,2,https://www.rffm.es/competicion/clasificaciones?temporada=14&competicion=9565626&grupo=9565929&tipojuego=2,output/raw/rffm/benjamin/2018-2019/clasificaciones/9565929.html
goleadores,9565929,9565626,14,2,https://www.rffm.es/competicion/goleadores?temporada=14&competicion=9565626&grupo=9565929&tipojuego=2,output/raw/rffm/benjamin/2018-2019/goleadores/9565929.html
calendario,9565955,9565626,14,2,https://www.rffm.es/competicion/calendario?temporada=14&competicion=9565626&grupo=9565955&tipojuego=2,output/raw/rffm/benjamin/2018-2019/calendario/9565955.html
clasificaciones,9565955,9565626,14,2,https://www.rffm.es/competicion/clasificaciones?temporada=14&competicion=9565626&grupo=9565955&tipojuego=2,output/raw/rffm/benjamin/2018-2019/clasificaciones/9565955.html
goleadores,9565955,9565626,14,2,https://www.rffm.es/competicion/goleadores?temporada=14&competicion=9565626&grupo=9565955&tipojuego=2,output/raw/rffm/benjamin/2018-2019/goleadores/9565955.html
calendario,9566558,9565626,14,2,https://www.rffm.es/competicion/calendario?temporada=14&competicion=9565626&grupo=9566558&tipojuego=2,output/raw/rffm/benjamin/2018-2019/calendario/9566558.html
clasificaciones,9566558,9565626,14,2,https://www.rffm.es/competicion/clasificaciones?temporada=14&competicion=9565626&grupo=9566558&tipojuego=2,output/raw/rffm/benjamin/2018-2019/clasificaciones/9566558.html
goleadores,9566558,9565626,14,2,https://www.rffm.es/competicion/goleadores?temporada=14&competicion=9565626&grupo=9566558&tipojuego=2,output/raw/rffm/benjamin/2018-2019/goleadores/9566558.html
calendario,9566607,9565626,14,2,https://www.rffm.es/competicion/calendario?temporada=14&competicion=9565626&grupo=9566607&tipojuego=2,output/raw/rffm/benjamin/2018-2019/calendario/9566607.html
clasificaciones,9566607,9565626,14,2,https://www.rffm.es/competicion/clasificaciones?temporada=14&competicion=9565626&grupo=9566607&tipojuego=2,output/raw/rffm/benjamin/2018-2019/clasificaciones/9566607.html
goleadores,9566607,9565626,14,2,https://www.rffm.es/competicion/goleadores?temporada=14&competicion=9565626&grupo=9566607&tipojuego=2,output/raw/rffm/benjamin/2018-2019/goleadores/9566607.html
calendario,9566664,9565626,14,2,https://www.rffm.es/competicion/calendario?temporada=14&competicion=9565626&grupo=9566664&tipojuego=2,output/raw/rffm/benjamin/2018-2019/calendario/9566664.html
clasificaciones,9566664,9565626,14,2,https://www.rffm.es/competicion/clasificaciones?temporada=14&competicion=9565626&grupo=9566664&tipojuego=2,output/raw/rffm/benjamin/2018-2019/clasificaciones/9566664.html
goleadores,9566664,9565626,14,2,https://www.rffm.es/competicion/goleadores?temporada=14&competicion=9565626&grupo=9566664&tipojuego=2,output/raw/rffm/benjamin/2018-2019/goleadores/9566664.html
calendario,9566723,9565626,14,2,https://www.rffm.es/competicion/calendario?temporada=14&competicion=9565626&grupo=9566723&tipojuego=2,output/raw/rffm/benjamin/2018-2019/calendario/9566723.html
clasificaciones,9566723,9565626,14,2,https://www.rffm.es/competicion/clasificaciones?temporada=14&competicion=9565626&grupo=9566723&tipojuego=2,output/raw/rffm/benjamin/2018-2019/clasificaciones/9566723.html
goleadores,9566723,9565626,14,2,https://www.rffm.es/competicion/goleadores?temporada=14&competicion=9565626&grupo=9566723&tipojuego=2,output/raw/rffm/benjamin/2018-2019/goleadores/9566723.html
calendario,9566745,9565626,14,2,https://www.rffm.es/competicion/calendario?temporada=14&competicion=9565626&grupo=9566745&tipojuego=2,output/raw/rffm/benjamin/2018-2019/calendario/9566745.html
clasificaciones,9566745,9565626,14,2,https://www.rffm.es/competicion/clasificaciones?temporada=14&competicion=9565626&grupo=9566745&tipojuego=2,output/raw/rffm/benjamin/2018-2019/clasificaciones/9566745.html
goleadores,9566745,9565626,14,2,https://www.rffm.es/competicion/goleadores?temporada=14&competicion=9565626&grupo=9566745&tipojuego=2,output/raw/rffm/benjamin/2018-2019/goleadores/9566745.html
calendario,9566774,9565626,14,2,https://www.rffm.es/competicion/calendario?temporada=14&competicion=9565626&grupo=9566774&tipojuego=2,output/raw/rffm/benjamin/2018-2019/calendario/9566774.html
clasificaciones,9566774,9565626,14,2,https://www.rffm.es/competicion/clasificaciones?temporada=14&competicion=9565626&grupo=9566774&tipojuego=2,output/raw/rffm/benjamin/2018-2019/clasificaciones/9566774.html
goleadores,9566774,9565626,14,2,https://www.rffm.es/competicion/goleadores?temporada=14&competicion=9565626&grupo=9566774&tipojuego=2,output/raw/rffm/benjamin/2018-2019/goleadores/9566774.html
calendario,9566826,9565626,14,2,https://www.rffm.es/competicion/calendario?temporada=14&competicion=9565626&grupo=9566826&tipojuego=2,output/raw/rffm/benjamin/2018-2019/calendario/9566826.html
clasificaciones,9566826,9565626,14,2,https://www.rffm.es/competicion/clasificaciones?temporada=14&competicion=9565626&grupo=9566826&tipojuego=2,output/raw/rffm/benjamin/2018-2019/clasificaciones/9566826.html
goleadores,9566826,9565626,14,2,https://www.rffm.es/competicion/goleadores?temporada=14&competicion=9565626&grupo=9566826&tipojuego=2,output/raw/rffm/benjamin/2018-2019/goleadores/9566826.html
calendario,9566857,9565626,14,2,https://www.rffm.es/competicion/calendario?temporada=14&competicion=9565626&grupo=9566857&tipojuego=2,output/raw/rffm/benjamin/2018-2019/calendario/9566857.html
clasificaciones,9566857,9565626,14,2,https://www.rffm.es/competicion/clasificaciones?temporada=14&competicion=9565626&grupo=9566857&tipojuego=2,output/raw/rffm/benjamin/2018-2019/clasificaciones/9566857.html
goleadores,9566857,9565626,14,2,https://www.rffm.es/competicion/goleadores?temporada=14&competicion=9565626&grupo=9566857&tipojuego=2,output/raw/rffm/benjamin/2018-2019/goleadores/9566857.html
calendario,9567261,9565626,14,2,https://www.rffm.es/competicion/calendario?temporada=14&competicion=9565626&grupo=9567261&tipojuego=2,output/raw/rffm/benjamin/2018-2019/calendario/9567261.html
clasificaciones,9567261,9565626,14,2,https://www.rffm.es/competicion/clasificaciones?temporada=14&competicion=9565626&grupo=9567261&tipojuego=2,output/raw/rffm/benjamin/2018-2019/clasificaciones/9567261.html
goleadores,9567261,9565626,14,2,https://www.rffm.es/competicion/goleadores?temporada=14&competicion=9565626&grupo=9567261&tipojuego=2,output/raw/rffm/benjamin/2018-2019/goleadores/9567261.html
calendario,9567323,9565626,14,2,https://www.rffm.es/competicion/calendario?temporada=14&competicion=9565626&grupo=9567323&tipojuego=2,output/raw/rffm/benjamin/2018-2019/calendario/9567323.html
clasificaciones,9567323,9565626,14,2,https://www.rffm.es/competicion/clasificaciones?temporada=14&competicion=9565626&grupo=9567323&tipojuego=2,output/raw/rffm/benjamin/2018-2019/clasificaciones/9567323.html
goleadores,9567323,9565626,14,2,https://www.rffm.es/competicion/goleadores?temporada=14&competicion=9565626&grupo=9567323&tipojuego=2,output/raw/rffm/benjamin/2018-2019/goleadores/9567323.html
calendario,9567359,9565626,14,2,https://www.rffm.es/competicion/calendario?temporada=14&competicion=9565626&grupo=9567359&tipojuego=2,output/raw/rffm/benjamin/2018-2019/calendario/9567359.html
clasificaciones,9567359,9565626,14,2,https://www.rffm.es/competicion/clasificaciones?temporada=14&competicion=9565626&grupo=9567359&tipojuego=2,output/raw/rffm/benjamin/2018-2019/clasificaciones/9567359.html
goleadores,9567359,9565626,14,2,https://www.rffm.es/competicion/goleadores?temporada=14&competicion=9565626&grupo=9567359&tipojuego=2,output/raw/rffm/benjamin/2018-2019/goleadores/9567359.html
calendario,9567394,9565626,14,2,https://www.rffm.es/competicion/calendario?temporada=14&competicion=9565626&grupo=9567394&tipojuego=2,output/raw/rffm/benjamin/2018-2019/calendario/9567394.html
clasificaciones,9567394,9565626,14,2,https://www.rffm.es/competicion/clasificaciones?temporada=14&competicion=9565626&grupo=9567394&tipojuego=2,output/raw/rffm/benjamin/2018-2019/clasificaciones/9567394.html
goleadores,9567394,9565626,14,2,https://www.rffm.es/competicion/goleadores?temporada=14&competicion=9565626&grupo=9567394&tipojuego=2,output/raw/rffm/benjamin/2018-2019/goleadores/9567394.html
calendario,9567464,9565626,14,2,https://www.rffm.es/competicion/calendario?temporada=14&competicion=9565626&grupo=9567464&tipojuego=2,output/raw/rffm/benjamin/2018-2019/calendario/9567464.html
clasificaciones,9567464,9565626,14,2,https://www.rffm.es/competicion/clasificaciones?temporada=14&competicion=9565626&grupo=9567464&tipojuego=2,output/raw/rffm/benjamin/2018-2019/clasificaciones/9567464.html
goleadores,9567464,9565626,14,2,https://www.rffm.es/competicion/goleadores?temporada=14&competicion=9565626&grupo=9567464&tipojuego=2,output/raw/rffm/benjamin/2018-2019/goleadores/9567464.html
calendario,9569709,9565626,14,2,https://www.rffm.es/competicion/calendario?temporada=14&competicion=9565626&grupo=9569709&tipojuego=2,output/raw/rffm/benjamin/2018-2019/calendario/9569709.html
clasificaciones,9569709,9565626,14,2,https://www.rffm.es/competicion/clasificaciones?temporada=14&competicion=9565626&grupo=9569709&tipojuego=2,output/raw/rffm/benjamin/2018-2019/clasificaciones/9569709.html
goleadores,9569709,9565626,14,2,https://www.rffm.es/competicion/goleadores?temporada=14&competicion=9565626&grupo=9569709&tipojuego=2,output/raw/rffm/benjamin/2018-2019/goleadores/9569709.html
calendario,10638976,10638965,14,2,https://www.rffm.es/competicion/calendario?temporada=14&competicion=10638965&grupo=10638976&tipojuego=2,output/raw/rffm/benjamin/2018-2019/calendario/10638976.html
clasificaciones,10638976,10638965,14,2,https://www.rffm.es/competicion/clasificaciones?temporada=14&competicion=10638965&grupo=10638976&tipojuego=2,output/raw/rffm/benjamin/2018-2019/clasificaciones/10638976.html
goleadores,10638976,10638965,14,2,https://www.rffm.es/competicion/goleadores?temporada=14&competicion=10638965&grupo=10638976&tipojuego=2,output/raw/rffm/benjamin/2018-2019/goleadores/10638976.html
calendario,10638977,10638965,14,2,https://www.rffm.es/competicion/calendario?temporada=14&competicion=10638965&grupo=10638977&tipojuego=2,output/raw/rffm/benjamin/2018-2019/calendario/10638977.html
clasificaciones,10638977,10638965,14,2,https://www.rffm.es/competicion/clasificaciones?temporada=14&competicion=10638965&grupo=10638977&tipojuego=2,output/raw/rffm/benjamin/2018-2019/clasificaciones/10638977.html
goleadores,10638977,10638965,14,2,https://www.rffm.es/competicion/goleadores?temporada=14&competicion=10638965&grupo=10638977&tipojuego=2,output/raw/rffm/benjamin/2018-2019/goleadores/10638977.html
calendario,10638978,10638965,14,2,https://www.rffm.es/competicion/calendario?temporada=14&competicion=10638965&grupo=10638978&tipojuego=2,output/raw/rffm/benjamin/2018-2019/calendario/10638978.html
clasificaciones,10638978,10638965,14,2,https://www.rffm.es/competicion/clasificaciones?temporada=14&competicion=10638965&grupo=10638978&tipojuego=2,output/raw/rffm/benjamin/2018-2019/clasificaciones/10638978.html
goleadores,10638978,10638965,14,2,https://www.rffm.es/competicion/goleadores?temporada=14&competicion=10638965&grupo=10638978&tipojuego=2,output/raw/rffm/benjamin/2018-2019/goleadores/10638978.html
calendario,10638979,10638965,14,2,https://www.rffm.es/competicion/calendario?temporada=14&competicion=10638965&grupo=10638979&tipojuego=2,output/raw/rffm/benjamin/2018-2019/calendario/10638979.html
clasificaciones,10638979,10638965,14,2,https://www.rffm.es/competicion/clasificaciones?temporada=14&competicion=10638965&grupo=10638979&tipojuego=2,output/raw/rffm/benjamin/2018-2019/clasificaciones/10638979.html
goleadores,10638979,10638965,14,2,https://www.rffm.es/competicion/goleadores?temporada=14&competicion=10638965&grupo=10638979&tipojuego=2,output/raw/rffm/benjamin/2018-2019/goleadores/10638979.html
calendario,10638989,10638980,14,2,https://www.rffm.es/competicion/calendario?temporada=14&competicion=10638980&grupo=10638989&tipojuego=2,output/raw/rffm/benjamin/2018-2019/calendario/10638989.html
clasificaciones,10638989,10638980,14,2,https://www.rffm.es/competicion/clasificaciones?temporada=14&competicion=10638980&grupo=10638989&tipojuego=2,output/raw/rffm/benjamin/2018-2019/clasificaciones/10638989.html
goleadores,10638989,10638980,14,2,https://www.rffm.es/competicion/goleadores?temporada=14&competicion=10638980&grupo=10638989&tipojuego=2,output/raw/rffm/benjamin/2018-2019/goleadores/10638989.html
calendario,9599125,9565676,14,2,https://www.rffm.es/competicion/calendario?temporada=14&competicion=9565676&grupo=9599125&tipojuego=2,output/raw/rffm/benjamin/2018-2019/calendario/9599125.html
clasificaciones,9599125,9565676,14,2,https://www.rffm.es/competicion/clasificaciones?temporada=14&competicion=9565676&grupo=9599125&tipojuego=2,output/raw/rffm/benjamin/2018-2019/clasificaciones/9599125.html
goleadores,9599125,9565676,14,2,https://www.rffm.es/competicion/goleadores?temporada=14&competicion=9565676&grupo=9599125&tipojuego=2,output/raw/rffm/benjamin/2018-2019/goleadores/9599125.html
calendario,9599312,9565676,14,2,https://www.rffm.es/competicion/calendario?temporada=14&competicion=9565676&grupo=9599312&tipojuego=2,output/raw/rffm/benjamin/2018-2019/calendario/9599312.html
clasificaciones,9599312,9565676,14,2,https://www.rffm.es/competicion/clasificaciones?temporada=14&competicion=9565676&grupo=9599312&tipojuego=2,output/raw/rffm/benjamin/2018-2019/clasificaciones/9599312.html
goleadores,9599312,9565676,14,2,https://www.rffm.es/competicion/goleadores?temporada=14&competicion=9565676&grupo=9599312&tipojuego=2,output/raw/rffm/benjamin/2018-2019/goleadores/9599312.html
calendario,9599448,9565676,14,2,https://www.rffm.es/competicion/calendario?temporada=14&competicion=9565676&grupo=9599448&tipojuego=2,output/raw/rffm/benjamin/2018-2019/calendario/9599448.html
clasificaciones,9599448,9565676,14,2,https://www.rffm.es/competicion/clasificaciones?temporada=14&competicion=9565676&grupo=9599448&tipojuego=2,output/raw/rffm/benjamin/2018-2019/clasificaciones/9599448.html
goleadores,9599448,9565676,14,2,https://www.rffm.es/competicion/goleadores?temporada=14&competicion=9565676&grupo=9599448&tipojuego=2,output/raw/rffm/benjamin/2018-2019/goleadores/9599448.html
calendario,9599534,9565676,14,2,https://www.rffm.es/competicion/calendario?temporada=14&competicion=9565676&grupo=9599534&tipojuego=2,output/raw/rffm/benjamin/2018-2019/calendario/9599534.html
clasificaciones,9599534,9565676,14,2,https://www.rffm.es/competicion/clasificaciones?temporada=14&competicion=9565676&grupo=9599534&tipojuego=2,output/raw/rffm/benjamin/2018-2019/clasificaciones/9599534.html
goleadores,9599534,9565676,14,2,https://www.rffm.es/competicion/goleadores?temporada=14&competicion=9565676&grupo=9599534&tipojuego=2,output/raw/rffm/benjamin/2018-2019/goleadores/9599534.html
calendario,9599713,9565676,14,2,https://www.rffm.es/competicion/calendario?temporada=14&competicion=9565676&grupo=9599713&tipojuego=2,output/raw/rffm/benjamin/2018-2019/calendario/9599713.html
clasificaciones,9599713,9565676,14,2,https://www.rffm.es/competicion/clasificaciones?temporada=14&competicion=9565676&grupo=9599713&tipojuego=2,output/raw/rffm/benjamin/2018-2019/clasificaciones/9599713.html
goleadores,9599713,9565676,14,2,https://www.rffm.es/competicion/goleadores?temporada=14&competicion=9565676&grupo=9599713&tipojuego=2,output/raw/rffm/benjamin/2018-2019/goleadores/9599713.html
calendario,9599970,9565676,14,2,https://www.rffm.es/competicion/calendario?temporada=14&competicion=9565676&grupo=9599970&tipojuego=2,output/raw/rffm/benjamin/2018-2019/calendario/9599970.html
clasificaciones,9599970,9565676,14,2,https://www.rffm.es/competicion/clasificaciones?temporada=14&competicion=9565676&grupo=9599970&tipojuego=2,output/raw/rffm/benjamin/2018-2019/clasificaciones/9599970.html
goleadores,9599970,9565676,14,2,https://www.rffm.es/competicion/goleadores?temporada=14&competicion=9565676&grupo=9599970&tipojuego=2,output/raw/rffm/benjamin/2018-2019/goleadores/9599970.html
calendario,9600556,9565676,14,2,https://www.rffm.es/competicion/calendario?temporada=14&competicion=9565676&grupo=9600556&tipojuego=2,output/raw/rffm/benjamin/2018-2019/calendario/9600556.html
clasificaciones,9600556,9565676,14,2,https://www.rffm.es/competicion/clasificaciones?temporada=14&competicion=9565676&grupo=9600556&tipojuego=2,output/raw/rffm/benjamin/2018-2019/clasificaciones/9600556.html
goleadores,9600556,9565676,14,2,https://www.rffm.es/competicion/goleadores?temporada=14&competicion=9565676&grupo=9600556&tipojuego=2,output/raw/rffm/benjamin/2018-2019/goleadores/9600556.html
calendario,9600740,9565676,14,2,https://www.rffm.es/competicion/calendario?temporada=14&competicion=9565676&grupo=9600740&tipojuego=2,output/raw/rffm/benjamin/2018-2019/calendario/9600740.html
clasificaciones,9600740,9565676,14,2,https://www.rffm.es/competicion/clasificaciones?temporada=14&competicion=9565676&grupo=9600740&tipojuego=2,output/raw/rffm/benjamin/2018-2019/clasificaciones/9600740.html
goleadores,9600740,9565676,14,2,https://www.rffm.es/competicion/goleadores?temporada=14&competicion=9565676&grupo=9600740&tipojuego=2,output/raw/rffm/benjamin/2018-2019/goleadores/9600740.html
calendario,9600896,9565676,14,2,https://www.rffm.es/competicion/calendario?temporada=14&competicion=9565676&grupo=9600896&tipojuego=2,output/raw/rffm/benjamin/2018-2019/calendario/9600896.html
clasificaciones,9600896,9565676,14,2,https://www.rffm.es/competicion/clasificaciones?temporada=14&competicion=9565676&grupo=9600896&tipojuego=2,output/raw/rffm/benjamin/2018-2019/clasificaciones/9600896.html
goleadores,9600896,9565676,14,2,https://www.rffm.es/competicion/goleadores?temporada=14&competicion=9565676&grupo=9600896&tipojuego=2,output/raw/rffm/benjamin/2018-2019/goleadores/9600896.html
calendario,9601154,9565676,14,2,https://www.rffm.es/competicion/calendario?temporada=14&competicion=9565676&grupo=9601154&tipojuego=2,output/raw/rffm/benjamin/2018-2019/calendario/9601154.html
clasificaciones,9601154,9565676,14,2,https://www.rffm.es/competicion/clasificaciones?temporada=14&competicion=9565676&grupo=9601154&tipojuego=2,output/raw/rffm/benjamin/2018-2019/clasificaciones/9601154.html
goleadores,9601154,9565676,14,2,https://www.rffm.es/competicion/goleadores?temporada=14&competicion=9565676&grupo=9601154&tipojuego=2,output/raw/rffm/benjamin/2018-2019/goleadores/9601154.html
calendario,9602863,9565676,14,2,https://www.rffm.es/competicion/calendario?temporada=14&competicion=9565676&grupo=9602863&tipojuego=2,output/raw/rffm/benjamin/2018-2019/calendario/9602863.html
clasificaciones,9602863,9565676,14,2,https://www.rffm.es/competicion/clasificaciones?temporada=14&competicion=9565676&grupo=9602863&tipojuego=2,output/raw/rffm/benjamin/2018-2019/clasificaciones/9602863.html
goleadores,9602863,9565676,14,2,https://www.rffm.es/competicion/goleadores?temporada=14&competicion=9565676&grupo=9602863&tipojuego=2,output/raw/rffm/benjamin/2018-2019/goleadores/9602863.html
calendario,9602981,9565676,14,2,https://www.rffm.es/competicion/calendario?temporada=14&competicion=9565676&grupo=9602981&tipojuego=2,output/raw/rffm/benjamin/2018-2019/calendario/9602981.html
clasificaciones,9602981,9565676,14,2,https://www.rffm.es/competicion/clasificaciones?temporada=14&competicion=9565676&grupo=9602981&tipojuego=2,output/raw/rffm/benjamin/2018-2019/clasificaciones/9602981.html
goleadores,9602981,9565676,14,2,https://www.rffm.es/competicion/goleadores?temporada=14&competicion=9565676&grupo=9602981&tipojuego=2,output/raw/rffm/benjamin/2018-2019/goleadores/9602981.html
calendario,9625050,9565676,14,2,https://www.rffm.es/competicion/calendario?temporada=14&competicion=9565676&grupo=9625050&tipojuego=2,output/raw/rffm/benjamin/2018-2019/calendario/9625050.html
clasificaciones,9625050,9565676,14,2,https://www.rffm.es/competicion/clasificaciones?temporada=14&competicion=9565676&grupo=9625050&tipojuego=2,output/raw/rffm/benjamin/2018-2019/clasificaciones/9625050.html
goleadores,9625050,9565676,14,2,https://www.rffm.es/competicion/goleadores?temporada=14&competicion=9565676&grupo=9625050&tipojuego=2,output/raw/rffm/benjamin/2018-2019/goleadores/9625050.html
calendario,9625149,9565676,14,2,https://www.rffm.es/competicion/calendario?temporada=14&competicion=9565676&grupo=9625149&tipojuego=2,output/raw/rffm/benjamin/2018-2019/calendario/9625149.html
clasificaciones,9625149,9565676,14,2,https://www.rffm.es/competicion/clasificaciones?temporada=14&competicion=9565676&grupo=9625149&tipojuego=2,output/raw/rffm/benjamin/2018-2019/clasificaciones/9625149.html
goleadores,9625149,9565676,14,2,https://www.rffm.es/competicion/goleadores?temporada=14&competicion=9565676&grupo=9625149&tipojuego=2,output/raw/rffm/benjamin/2018-2019/goleadores/9625149.html
calendario,9628315,9565676,14,2,https://www.rffm.es/competicion/calendario?temporada=14&competicion=9565676&grupo=9628315&tipojuego=2,output/raw/rffm/benjamin/2018-2019/calendario/9628315.html
clasificaciones,9628315,9565676,14,2,https://www.rffm.es/competicion/clasificaciones?temporada=14&competicion=9565676&grupo=9628315&tipojuego=2,output/raw/rffm/benjamin/2018-2019/clasificaciones/9628315.html
goleadores,9628315,9565676,14,2,https://www.rffm.es/competicion/goleadores?temporada=14&competicion=9565676&grupo=9628315&tipojuego=2,output/raw/rffm/benjamin/2018-2019/goleadores/9628315.html
calendario,9970136,9565676,14,2,https://www.rffm.es/competicion/calendario?temporada=14&competicion=9565676&grupo=9970136&tipojuego=2,output/raw/rffm/benjamin/2018-2019/calendario/9970136.html
clasificaciones,9970136,9565676,14,2,https://www.rffm.es/competicion/clasificaciones?temporada=14&competicion=9565676&grupo=9970136&tipojuego=2,output/raw/rffm/benjamin/2018-2019/clasificaciones/9970136.html
goleadores,9970136,9565676,14,2,https://www.rffm.es/competicion/goleadores?temporada=14&competicion=9565676&grupo=9970136&tipojuego=2,output/raw/rffm/benjamin/2018-2019/goleadores/9970136.html
calendario,9628538,9565676,14,2,https://www.rffm.es/competicion/calendario?temporada=14&competicion=9565676&grupo=9628538&tipojuego=2,output/raw/rffm/benjamin/2018-2019/calendario/9628538.html
clasificaciones,9628538,9565676,14,2,https://www.rffm.es/competicion/clasificaciones?temporada=14&competicion=9565676&grupo=9628538&tipojuego=2,output/raw/rffm/benjamin/2018-2019/clasificaciones/9628538.html
goleadores,9628538,9565676,14,2,https://www.rffm.es/competicion/goleadores?temporada=14&competicion=9565676&grupo=9628538&tipojuego=2,output/raw/rffm/benjamin/2018-2019/goleadores/9628538.html
calendario,9628676,9565676,14,2,https://www.rffm.es/competicion/calendario?temporada=14&competicion=9565676&grupo=9628676&tipojuego=2,output/raw/rffm/benjamin/2018-2019/calendario/9628676.html
clasificaciones,9628676,9565676,14,2,https://www.rffm.es/competicion/clasificaciones?temporada=14&competicion=9565676&grupo=9628676&tipojuego=2,output/raw/rffm/benjamin/2018-2019/clasificaciones/9628676.html
goleadores,9628676,9565676,14,2,https://www.rffm.es/competicion/goleadores?temporada=14&competicion=9565676&grupo=9628676&tipojuego=2,output/raw/rffm/benjamin/2018-2019/goleadores/9628676.html
calendario,9628776,9565676,14,2,https://www.rffm.es/competicion/calendario?temporada=14&competicion=9565676&grupo=9628776&tipojuego=2,output/raw/rffm/benjamin/2018-2019/calendario/9628776.html
clasificaciones,9628776,9565676,14,2,https://www.rffm.es/competicion/clasificaciones?temporada=14&competicion=9565676&grupo=9628776&tipojuego=2,output/raw/rffm/benjamin/2018-2019/clasificaciones/9628776.html
goleadores,9628776,9565676,14,2,https://www.rffm.es/competicion/goleadores?temporada=14&competicion=9565676&grupo=9628776&tipojuego=2,output/raw/rffm/benjamin/2018-2019/goleadores/9628776.html
calendario,9629448,9565676,14,2,https://www.rffm.es/competicion/calendario?temporada=14&competicion=9565676&grupo=9629448&tipojuego=2,output/raw/rffm/benjamin/2018-2019/calendario/9629448.html
clasificaciones,9629448,9565676,14,2,https://www.rffm.es/competicion/clasificaciones?temporada=14&competicion=9565676&grupo=9629448&tipojuego=2,output/raw/rffm/benjamin/2018-2019/clasificaciones/9629448.html
goleadores,9629448,9565676,14,2,https://www.rffm.es/competicion/goleadores?temporada=14&competicion=9565676&grupo=9629448&tipojuego=2,output/raw/rffm/benjamin/2018-2019/goleadores/9629448.html
calendario,9629589,9565676,14,2,https://www.rffm.es/competicion/calendario?temporada=14&competicion=9565676&grupo=9629589&tipojuego=2,output/raw/rffm/benjamin/2018-2019/calendario/9629589.html
clasificaciones,9629589,9565676,14,2,https://www.rffm.es/competicion/clasificaciones?temporada=14&competicion=9565676&grupo=9629589&tipojuego=2,output/raw/rffm/benjamin/2018-2019/clasificaciones/9629589.html
goleadores,9629589,9565676,14,2,https://www.rffm.es/competicion/goleadores?temporada=14&competicion=9565676&grupo=9629589&tipojuego=2,output/raw/rffm/benjamin/2018-2019/goleadores/9629589.html
calendario,9630397,9565676,14,2,https://www.rffm.es/competicion/calendario?temporada=14&competicion=9565676&grupo=9630397&tipojuego=2,output/raw/rffm/benjamin/2018-2019/calendario/9630397.html
clasificaciones,9630397,9565676,14,2,https://www.rffm.es/competicion/clasificaciones?temporada=14&competicion=9565676&grupo=9630397&tipojuego=2,output/raw/rffm/benjamin/2018-2019/clasificaciones/9630397.html
goleadores,9630397,9565676,14,2,https://www.rffm.es/competicion/goleadores?temporada=14&competicion=9565676&grupo=9630397&tipojuego=2,output/raw/rffm/benjamin/2018-2019/goleadores/9630397.html
calendario,9630821,9565676,14,2,https://www.rffm.es/competicion/calendario?temporada=14&competicion=9565676&grupo=9630821&tipojuego=2,output/raw/rffm/benjamin/2018-2019/calendario/9630821.html
clasificaciones,9630821,9565676,14,2,https://www.rffm.es/competicion/clasificaciones?temporada=14&competicion=9565676&grupo=9630821&tipojuego=2,output/raw/rffm/benjamin/2018-2019/clasificaciones/9630821.html
goleadores,9630821,9565676,14,2,https://www.rffm.es/competicion/goleadores?temporada=14&competicion=9565676&grupo=9630821&tipojuego=2,output/raw/rffm/benjamin/2018-2019/goleadores/9630821.html
calendario,9630989,9565676,14,2,https://www.rffm.es/competicion/calendario?temporada=14&competicion=9565676&grupo=9630989&tipojuego=2,output/raw/rffm/benjamin/2018-2019/calendario/9630989.html
clasificaciones,9630989,9565676,14,2,https://www.rffm.es/competicion/clasificaciones?temporada=14&competicion=9565676&grupo=9630989&tipojuego=2,output/raw/rffm/benjamin/2018-2019/clasificaciones/9630989.html
goleadores,9630989,9565676,14,2,https://www.rffm.es/competicion/goleadores?temporada=14&competicion=9565676&grupo=9630989&tipojuego=2,output/raw/rffm/benjamin/2018-2019/goleadores/9630989.html
calendario,9631062,9565676,14,2,https://www.rffm.es/competicion/calendario?temporada=14&competicion=9565676&grupo=9631062&tipojuego=2,output/raw/rffm/benjamin/2018-2019/calendario/9631062.html
clasificaciones,9631062,9565676,14,2,https://www.rffm.es/competicion/clasificaciones?temporada=14&competicion=9565676&grupo=9631062&tipojuego=2,output/raw/rffm/benjamin/2018-2019/clasificaciones/9631062.html
goleadores,9631062,9565676,14,2,https://www.rffm.es/competicion/goleadores?temporada=14&competicion=9565676&grupo=9631062&tipojuego=2,output/raw/rffm/benjamin/2018-2019/goleadores/9631062.html
calendario,9631458,9565676,14,2,https://www.rffm.es/competicion/calendario?temporada=14&competicion=9565676&grupo=9631458&tipojuego=2,output/raw/rffm/benjamin/2018-2019/calendario/9631458.html
clasificaciones,9631458,9565676,14,2,https://www.rffm.es/competicion/clasificaciones?temporada=14&competicion=9565676&grupo=9631458&tipojuego=2,output/raw/rffm/benjamin/2018-2019/clasificaciones/9631458.html
goleadores,9631458,9565676,14,2,https://www.rffm.es/competicion/goleadores?temporada=14&competicion=9565676&grupo=9631458&tipojuego=2,output/raw/rffm/benjamin/2018-2019/goleadores/9631458.html
calendario,9632886,9565676,14,2,https://www.rffm.es/competicion/calendario?temporada=14&competicion=9565676&grupo=9632886&tipojuego=2,output/raw/rffm/benjamin/2018-2019/calendario/9632886.html
clasificaciones,9632886,9565676,14,2,https://www.rffm.es/competicion/clasificaciones?temporada=14&competicion=9565676&grupo=9632886&tipojuego=2,output/raw/rffm/benjamin/2018-2019/clasificaciones/9632886.html
goleadores,9632886,9565676,14,2,https://www.rffm.es/competicion/goleadores?temporada=14&competicion=9565676&grupo=9632886&tipojuego=2,output/raw/rffm/benjamin/2018-2019/goleadores/9632886.html
calendario,9633278,9565676,14,2,https://www.rffm.es/competicion/calendario?temporada=14&competicion=9565676&grupo=9633278&tipojuego=2,output/raw/rffm/benjamin/2018-2019/calendario/9633278.html
clasificaciones,9633278,9565676,14,2,https://www.rffm.es/competicion/clasificaciones?temporada=14&competicion=9565676&grupo=9633278&tipojuego=2,output/raw/rffm/benjamin/2018-2019/clasificaciones/9633278.html
goleadores,9633278,9565676,14,2,https://www.rffm.es/competicion/goleadores?temporada=14&competicion=9565676&grupo=9633278&tipojuego=2,output/raw/rffm/benjamin/2018-2019/goleadores/9633278.html
calendario,9633441,9565676,14,2,https://www.rffm.es/competicion/calendario?temporada=14&competicion=9565676&grupo=9633441&tipojuego=2,output/raw/rffm/benjamin/2018-2019/calendario/9633441.html
clasificaciones,9633441,9565676,14,2,https://www.rffm.es/competicion/clasificaciones?temporada=14&competicion=9565676&grupo=9633441&tipojuego=2,output/raw/rffm/benjamin/2018-2019/clasificaciones/9633441.html
goleadores,9633441,9565676,14,2,https://www.rffm.es/competicion/goleadores?temporada=14&competicion=9565676&grupo=9633441&tipojuego=2,output/raw/rffm/benjamin/2018-2019/goleadores/9633441.html
calendario,9633620,9565676,14,2,https://www.rffm.es/competicion/calendario?temporada=14&competicion=9565676&grupo=9633620&tipojuego=2,output/raw/rffm/benjamin/2018-2019/calendario/9633620.html
clasificaciones,9633620,9565676,14,2,https://www.rffm.es/competicion/clasificaciones?temporada=14&competicion=9565676&grupo=9633620&tipojuego=2,output/raw/rffm/benjamin/2018-2019/clasificaciones/9633620.html
goleadores,9633620,9565676,14,2,https://www.rffm.es/competicion/goleadores?temporada=14&competicion=9565676&grupo=9633620&tipojuego=2,output/raw/rffm/benjamin/2018-2019/goleadores/9633620.html
calendario,9633925,9565676,14,2,https://www.rffm.es/competicion/calendario?temporada=14&competicion=9565676&grupo=9633925&tipojuego=2,output/raw/rffm/benjamin/2018-2019/calendario/9633925.html
clasificaciones,9633925,9565676,14,2,https://www.rffm.es/competicion/clasificaciones?temporada=14&competicion=9565676&grupo=9633925&tipojuego=2,output/raw/rffm/benjamin/2018-2019/clasificaciones/9633925.html
goleadores,9633925,9565676,14,2,https://www.rffm.es/competicion/goleadores?temporada=14&competicion=9565676&grupo=9633925&tipojuego=2,output/raw/rffm/benjamin/2018-2019/goleadores/9633925.html
calendario,9634064,9565676,14,2,https://www.rffm.es/competicion/calendario?temporada=14&competicion=9565676&grupo=9634064&tipojuego=2,output/raw/rffm/benjamin/2018-2019/calendario/9634064.html
clasificaciones,9634064,9565676,14,2,https://www.rffm.es/competicion/clasificaciones?temporada=14&competicion=9565676&grupo=9634064&tipojuego=2,output/raw/rffm/benjamin/2018-2019/clasificaciones/9634064.html
goleadores,9634064,9565676,14,2,https://www.rffm.es/competicion/goleadores?temporada=14&competicion=9565676&grupo=9634064&tipojuego=2,output/raw/rffm/benjamin/2018-2019/goleadores/9634064.html
calendario,9634496,9565676,14,2,https://www.rffm.es/competicion/calendario?temporada=14&competicion=9565676&grupo=9634496&tipojuego=2,output/raw/rffm/benjamin/2018-2019/calendario/9634496.html
clasificaciones,9634496,9565676,14,2,https://www.rffm.es/competicion/clasificaciones?temporada=14&competicion=9565676&grupo=9634496&tipojuego=2,output/raw/rffm/benjamin/2018-2019/clasificaciones/9634496.html
goleadores,9634496,9565676,14,2,https://www.rffm.es/competicion/goleadores?temporada=14&competicion=9565676&grupo=9634496&tipojuego=2,output/raw/rffm/benjamin/2018-2019/goleadores/9634496.html
calendario,9636206,9565676,14,2,https://www.rffm.es/competicion/calendario?temporada=14&competicion=9565676&grupo=9636206&tipojuego=2,output/raw/rffm/benjamin/2018-2019/calendario/9636206.html
clasificaciones,9636206,9565676,14,2,https://www.rffm.es/competicion/clasificaciones?temporada=14&competicion=9565676&grupo=9636206&tipojuego=2,output/raw/rffm/benjamin/2018-2019/clasificaciones/9636206.html
goleadores,9636206,9565676,14,2,https://www.rffm.es/competicion/goleadores?temporada=14&competicion=9565676&grupo=9636206&tipojuego=2,output/raw/rffm/benjamin/2018-2019/goleadores/9636206.html
calendario,9654642,9565676,14,2,https://www.rffm.es/competicion/calendario?temporada=14&competicion=9565676&grupo=9654642&tipojuego=2,output/raw/rffm/benjamin/2018-2019/calendario/9654642.html
clasificaciones,9654642,9565676,14,2,https://www.rffm.es/competicion/clasificaciones?temporada=14&competicion=9565676&grupo=9654642&tipojuego=2,output/raw/rffm/benjamin/2018-2019/clasificaciones/9654642.html
goleadores,9654642,9565676,14,2,https://www.rffm.es/competicion/goleadores?temporada=14&competicion=9565676&grupo=9654642&tipojuego=2,output/raw/rffm/benjamin/2018-2019/goleadores/9654642.html
calendario,9655050,9565676,14,2,https://www.rffm.es/competicion/calendario?temporada=14&competicion=9565676&grupo=9655050&tipojuego=2,output/raw/rffm/benjamin/2018-2019/calendario/9655050.html
clasificaciones,9655050,9565676,14,2,https://www.rffm.es/competicion/clasificaciones?temporada=14&competicion=9565676&grupo=9655050&tipojuego=2,output/raw/rffm/benjamin/2018-2019/clasificaciones/9655050.html
goleadores,9655050,9565676,14,2,https://www.rffm.es/competicion/goleadores?temporada=14&competicion=9565676&grupo=9655050&tipojuego=2,output/raw/rffm/benjamin/2018-2019/goleadores/9655050.html
calendario,9655231,9565676,14,2,https://www.rffm.es/competicion/calendario?temporada=14&competicion=9565676&grupo=9655231&tipojuego=2,output/raw/rffm/benjamin/2018-2019/calendario/9655231.html
clasificaciones,9655231,9565676,14,2,https://www.rffm.es/competicion/clasificaciones?temporada=14&competicion=9565676&grupo=9655231&tipojuego=2,output/raw/rffm/benjamin/2018-2019/clasificaciones/9655231.html
goleadores,9655231,9565676,14,2,https://www.rffm.es/competicion/goleadores?temporada=14&competicion=9565676&grupo=9655231&tipojuego=2,output/raw/rffm/benjamin/2018-2019/goleadores/9655231.html
calendario,9655389,9565676,14,2,https://www.rffm.es/competicion/calendario?temporada=14&competicion=9565676&grupo=9655389&tipojuego=2,output/raw/rffm/benjamin/2018-2019/calendario/9655389.html
clasificaciones,9655389,9565676,14,2,https://www.rffm.es/competicion/clasificaciones?temporada=14&competicion=9565676&grupo=9655389&tipojuego=2,output/raw/rffm/benjamin/2018-2019/clasificaciones/9655389.html
goleadores,9655389,9565676,14,2,https://www.rffm.es/competicion/goleadores?temporada=14&competicion=9565676&grupo=9655389&tipojuego=2,output/raw/rffm/benjamin/2018-2019/goleadores/9655389.html
calendario,9664554,9565676,14,2,https://www.rffm.es/competicion/calendario?temporada=14&competicion=9565676&grupo=9664554&tipojuego=2,output/raw/rffm/benjamin/2018-2019/calendario/9664554.html
clasificaciones,9664554,9565676,14,2,https://www.rffm.es/competicion/clasificaciones?temporada=14&competicion=9565676&grupo=9664554&tipojuego=2,output/raw/rffm/benjamin/2018-2019/clasificaciones/9664554.html
goleadores,9664554,9565676,14,2,https://www.rffm.es/competicion/goleadores?temporada=14&competicion=9565676&grupo=9664554&tipojuego=2,output/raw/rffm/benjamin/2018-2019/goleadores/9664554.html
calendario,9665596,9565676,14,2,https://www.rffm.es/competicion/calendario?temporada=14&competicion=9565676&grupo=9665596&tipojuego=2,output/raw/rffm/benjamin/2018-2019/calendario/9665596.html
clasificaciones,9665596,9565676,14,2,https://www.rffm.es/competicion/clasificaciones?temporada=14&competicion=9565676&grupo=9665596&tipojuego=2,output/raw/rffm/benjamin/2018-2019/clasificaciones/9665596.html
goleadores,9665596,9565676,14,2,https://www.rffm.es/competicion/goleadores?temporada=14&competicion=9565676&grupo=9665596&tipojuego=2,output/raw/rffm/benjamin/2018-2019/goleadores/9665596.html
calendario,9665757,9565676,14,2,https://www.rffm.es/competicion/calendario?temporada=14&competicion=9565676&grupo=9665757&tipojuego=2,output/raw/rffm/benjamin/2018-2019/calendario/9665757.html
clasificaciones,9665757,9565676,14,2,https://www.rffm.es/competicion/clasificaciones?temporada=14&competicion=9565676&grupo=9665757&tipojuego=2,output/raw/rffm/benjamin/2018-2019/clasificaciones/9665757.html
goleadores,9665757,9565676,14,2,https://www.rffm.es/competicion/goleadores?temporada=14&competicion=9565676&grupo=9665757&tipojuego=2,output/raw/rffm/benjamin/2018-2019/goleadores/9665757.html
calendario,9665828,9565676,14,2,https://www.rffm.es/competicion/calendario?temporada=14&competicion=9565676&grupo=9665828&tipojuego=2,output/raw/rffm/benjamin/2018-2019/calendario/9665828.html
clasificaciones,9665828,9565676,14,2,https://www.rffm.es/competicion/clasificaciones?temporada=14&competicion=9565676&grupo=9665828&tipojuego=2,output/raw/rffm/benjamin/2018-2019/clasificaciones/9665828.html
goleadores,9665828,9565676,14,2,https://www.rffm.es/competicion/goleadores?temporada=14&competicion=9565676&grupo=9665828&tipojuego=2,output/raw/rffm/benjamin/2018-2019/goleadores/9665828.html
calendario,9665925,9565676,14,2,https://www.rffm.es/competicion/calendario?temporada=14&competicion=9565676&grupo=9665925&tipojuego=2,output/raw/rffm/benjamin/2018-2019/calendario/9665925.html
clasificaciones,9665925,9565676,14,2,https://www.rffm.es/competicion/clasificaciones?temporada=14&competicion=9565676&grupo=9665925&tipojuego=2,output/raw/rffm/benjamin/2018-2019/clasificaciones/9665925.html
goleadores,9665925,9565676,14,2,https://www.rffm.es/competicion/goleadores?temporada=14&competicion=9565676&grupo=9665925&tipojuego=2,output/raw/rffm/benjamin/2018-2019/goleadores/9665925.html
calendario,9666030,9565676,14,2,https://www.rffm.es/competicion/calendario?temporada=14&competicion=9565676&grupo=9666030&tipojuego=2,output/raw/rffm/benjamin/2018-2019/calendario/9666030.html
clasificaciones,9666030,9565676,14,2,https://www.rffm.es/competicion/clasificaciones?temporada=14&competicion=9565676&grupo=9666030&tipojuego=2,output/raw/rffm/benjamin/2018-2019/clasificaciones/9666030.html
goleadores,9666030,9565676,14,2,https://www.rffm.es/competicion/goleadores?temporada=14&competicion=9565676&grupo=9666030&tipojuego=2,output/raw/rffm/benjamin/2018-2019/goleadores/9666030.html
calendario,9666156,9565676,14,2,https://www.rffm.es/competicion/calendario?temporada=14&competicion=9565676&grupo=9666156&tipojuego=2,output/raw/rffm/benjamin/2018-2019/calendario/9666156.html
clasificaciones,9666156,9565676,14,2,https://www.rffm.es/competicion/clasificaciones?temporada=14&competicion=9565676&grupo=9666156&tipojuego=2,output/raw/rffm/benjamin/2018-2019/clasificaciones/9666156.html
goleadores,9666156,9565676,14,2,https://www.rffm.es/competicion/goleadores?temporada=14&competicion=9565676&grupo=9666156&tipojuego=2,output/raw/rffm/benjamin/2018-2019/goleadores/9666156.html
calendario,9666231,9565676,14,2,https://www.rffm.es/competicion/calendario?temporada=14&competicion=9565676&grupo=9666231&tipojuego=2,output/raw/rffm/benjamin/2018-2019/calendario/9666231.html
clasificaciones,9666231,9565676,14,2,https://www.rffm.es/competicion/clasificaciones?temporada=14&competicion=9565676&grupo=9666231&tipojuego=2,output/raw/rffm/benjamin/2018-2019/clasificaciones/9666231.html
goleadores,9666231,9565676,14,2,https://www.rffm.es/competicion/goleadores?temporada=14&competicion=9565676&grupo=9666231&tipojuego=2,output/raw/rffm/benjamin/2018-2019/goleadores/9666231.html
calendario,9666376,9565676,14,2,https://www.rffm.es/competicion/calendario?temporada=14&competicion=9565676&grupo=9666376&tipojuego=2,output/raw/rffm/benjamin/2018-2019/calendario/9666376.html
clasificaciones,9666376,9565676,14,2,https://www.rffm.es/competicion/clasificaciones?temporada=14&competicion=9565676&grupo=9666376&tipojuego=2,output/raw/rffm/benjamin/2018-2019/clasificaciones/9666376.html
goleadores,9666376,9565676,14,2,https://www.rffm.es/competicion/goleadores?temporada=14&competicion=9565676&grupo=9666376&tipojuego=2,output/raw/rffm/benjamin/2018-2019/goleadores/9666376.html
calendario,9666569,9565676,14,2,https://www.rffm.es/competicion/calendario?temporada=14&competicion=9565676&grupo=9666569&tipojuego=2,output/raw/rffm/benjamin/2018-2019/calendario/9666569.html
clasificaciones,9666569,9565676,14,2,https://www.rffm.es/competicion/clasificaciones?temporada=14&competicion=9565676&grupo=9666569&tipojuego=2,output/raw/rffm/benjamin/2018-2019/clasificaciones/9666569.html
goleadores,9666569,9565676,14,2,https://www.rffm.es/competicion/goleadores?temporada=14&competicion=9565676&grupo=9666569&tipojuego=2,output/raw/rffm/benjamin/2018-2019/goleadores/9666569.html
calendario,9666726,9565676,14,2,https://www.rffm.es/competicion/calendario?temporada=14&competicion=9565676&grupo=9666726&tipojuego=2,output/raw/rffm/benjamin/2018-2019/calendario/9666726.html
clasificaciones,9666726,9565676,14,2,https://www.rffm.es/competicion/clasificaciones?temporada=14&competicion=9565676&grupo=9666726&tipojuego=2,output/raw/rffm/benjamin/2018-2019/clasificaciones/9666726.html
goleadores,9666726,9565676,14,2,https://www.rffm.es/competicion/goleadores?temporada=14&competicion=9565676&grupo=9666726&tipojuego=2,output/raw/rffm/benjamin/2018-2019/goleadores/9666726.html
calendario,9667132,9565676,14,2,https://www.rffm.es/competicion/calendario?temporada=14&competicion=9565676&grupo=9667132&tipojuego=2,output/raw/rffm/benjamin/2018-2019/calendario/9667132.html
clasificaciones,9667132,9565676,14,2,https://www.rffm.es/competicion/clasificaciones?temporada=14&competicion=9565676&grupo=9667132&tipojuego=2,output/raw/rffm/benjamin/2018-2019/clasificaciones/9667132.html
goleadores,9667132,9565676,14,2,https://www.rffm.es/competicion/goleadores?temporada=14&competicion=9565676&grupo=9667132&tipojuego=2,output/raw/rffm/benjamin/2018-2019/goleadores/9667132.html
calendario,9667198,9565676,14,2,https://www.rffm.es/competicion/calendario?temporada=14&competicion=9565676&grupo=9667198&tipojuego=2,output/raw/rffm/benjamin/2018-2019/calendario/9667198.html
clasificaciones,9667198,9565676,14,2,https://www.rffm.es/competicion/clasificaciones?temporada=14&competicion=9565676&grupo=9667198&tipojuego=2,output/raw/rffm/benjamin/2018-2019/clasificaciones/9667198.html
goleadores,9667198,9565676,14,2,https://www.rffm.es/competicion/goleadores?temporada=14&competicion=9565676&grupo=9667198&tipojuego=2,output/raw/rffm/benjamin/2018-2019/goleadores/9667198.html
calendario,9667461,9565676,14,2,https://www.rffm.es/competicion/calendario?temporada=14&competicion=9565676&grupo=9667461&tipojuego=2,output/raw/rffm/benjamin/2018-2019/calendario/9667461.html
clasificaciones,9667461,9565676,14,2,https://www.rffm.es/competicion/clasificaciones?temporada=14&competicion=9565676&grupo=9667461&tipojuego=2,output/raw/rffm/benjamin/2018-2019/clasificaciones/9667461.html
goleadores,9667461,9565676,14,2,https://www.rffm.es/competicion/goleadores?temporada=14&competicion=9565676&grupo=9667461&tipojuego=2,output/raw/rffm/benjamin/2018-2019/goleadores/9667461.html
calendario,9667678,9565676,14,2,https://www.rffm.es/competicion/calendario?temporada=14&competicion=9565676&grupo=9667678&tipojuego=2,output/raw/rffm/benjamin/2018-2019/calendario/9667678.html
clasificaciones,9667678,9565676,14,2,https://www.rffm.es/competicion/clasificaciones?temporada=14&competicion=9565676&grupo=9667678&tipojuego=2,output/raw/rffm/benjamin/2018-2019/clasificaciones/9667678.html
goleadores,9667678,9565676,14,2,https://www.rffm.es/competicion/goleadores?temporada=14&competicion=9565676&grupo=9667678&tipojuego=2,output/raw/rffm/benjamin/2018-2019/goleadores/9667678.html
calendario,9667789,9565676,14,2,https://www.rffm.es/competicion/calendario?temporada=14&competicion=9565676&grupo=9667789&tipojuego=2,output/raw/rffm/benjamin/2018-2019/calendario/9667789.html
clasificaciones,9667789,9565676,14,2,https://www.rffm.es/competicion/clasificaciones?temporada=14&competicion=9565676&grupo=9667789&tipojuego=2,output/raw/rffm/benjamin/2018-2019/clasificaciones/9667789.html
goleadores,9667789,9565676,14,2,https://www.rffm.es/competicion/goleadores?temporada=14&competicion=9565676&grupo=9667789&tipojuego=2,output/raw/rffm/benjamin/2018-2019/goleadores/9667789.html
calendario,9714664,9565676,14,2,https://www.rffm.es/competicion/calendario?temporada=14&competicion=9565676&grupo=9714664&tipojuego=2,output/raw/rffm/benjamin/2018-2019/calendario/9714664.html
clasificaciones,9714664,9565676,14,2,https://www.rffm.es/competicion/clasificaciones?temporada=14&competicion=9565676&grupo=9714664&tipojuego=2,output/raw/rffm/benjamin/2018-2019/clasificaciones/9714664.html
goleadores,9714664,9565676,14,2,https://www.rffm.es/competicion/goleadores?temporada=14&competicion=9565676&grupo=9714664&tipojuego=2,output/raw/rffm/benjamin/2018-2019/goleadores/9714664.html
calendario,9714938,9565676,14,2,https://www.rffm.es/competicion/calendario?temporada=14&competicion=9565676&grupo=9714938&tipojuego=2,output/raw/rffm/benjamin/2018-2019/calendario/9714938.html
clasificaciones,9714938,9565676,14,2,https://www.rffm.es/competicion/clasificaciones?temporada=14&competicion=9565676&grupo=9714938&tipojuego=2,output/raw/rffm/benjamin/2018-2019/clasificaciones/9714938.html
goleadores,9714938,9565676,14,2,https://www.rffm.es/competicion/goleadores?temporada=14&competicion=9565676&grupo=9714938&tipojuego=2,output/raw/rffm/benjamin/2018-2019/goleadores/9714938.html
calendario,9715404,9565676,14,2,https://www.rffm.es/competicion/calendario?temporada=14&competicion=9565676&grupo=9715404&tipojuego=2,output/raw/rffm/benjamin/2018-2019/calendario/9715404.html
clasificaciones,9715404,9565676,14,2,https://www.rffm.es/competicion/clasificaciones?temporada=14&competicion=9565676&grupo=9715404&tipojuego=2,output/raw/rffm/benjamin/2018-2019/clasificaciones/9715404.html
goleadores,9715404,9565676,14,2,https://www.rffm.es/competicion/goleadores?temporada=14&competicion=9565676&grupo=9715404&tipojuego=2,output/raw/rffm/benjamin/2018-2019/goleadores/9715404.html
calendario,9715687,9565676,14,2,https://www.rffm.es/competicion/calendario?temporada=14&competicion=9565676&grupo=9715687&tipojuego=2,output/raw/rffm/benjamin/2018-2019/calendario/9715687.html
clasificaciones,9715687,9565676,14,2,https://www.rffm.es/competicion/clasificaciones?temporada=14&competicion=9565676&grupo=9715687&tipojuego=2,output/raw/rffm/benjamin/2018-2019/clasificaciones/9715687.html
goleadores,9715687,9565676,14,2,https://www.rffm.es/competicion/goleadores?temporada=14&competicion=9565676&grupo=9715687&tipojuego=2,output/raw/rffm/benjamin/2018-2019/goleadores/9715687.html
calendario,9715747,9565676,14,2,https://www.rffm.es/competicion/calendario?temporada=14&competicion=9565676&grupo=9715747&tipojuego=2,output/raw/rffm/benjamin/2018-2019/calendario/9715747.html
clasificaciones,9715747,9565676,14,2,https://www.rffm.es/competicion/clasificaciones?temporada=14&competicion=9565676&grupo=9715747&tipojuego=2,output/raw/rffm/benjamin/2018-2019/clasificaciones/9715747.html
goleadores,9715747,9565676,14,2,https://www.rffm.es/competicion/goleadores?temporada=14&competicion=9565676&grupo=9715747&tipojuego=2,output/raw/rffm/benjamin/2018-2019/goleadores/9715747.html
calendario,9667791,9565676,14,2,https://www.rffm.es/competicion/calendario?temporada=14&competicion=9565676&grupo=9667791&tipojuego=2,output/raw/rffm/benjamin/2018-2019/calendario/9667791.html
clasificaciones,9667791,9565676,14,2,https://www.rffm.es/competicion/clasificaciones?temporada=14&competicion=9565676&grupo=9667791&tipojuego=2,output/raw/rffm/benjamin/2018-2019/clasificaciones/9667791.html
goleadores,9667791,9565676,14,2,https://www.rffm.es/competicion/goleadores?temporada=14&competicion=9565676&grupo=9667791&tipojuego=2,output/raw/rffm/benjamin/2018-2019/goleadores/9667791.html
calendario,9667430,9565676,14,2,https://www.rffm.es/competicion/calendario?temporada=14&competicion=9565676&grupo=9667430&tipojuego=2,output/raw/rffm/benjamin/2018-2019/calendario/9667430.html
clasificaciones,9667430,9565676,14,2,https://www.rffm.es/competicion/clasificaciones?temporada=14&competicion=9565676&grupo=9667430&tipojuego=2,output/raw/rffm/benjamin/2018-2019/clasificaciones/9667430.html
goleadores,9667430,9565676,14,2,https://www.rffm.es/competicion/goleadores?temporada=14&competicion=9565676&grupo=9667430&tipojuego=2,output/raw/rffm/benjamin/2018-2019/goleadores/9667430.html
calendario,9668027,9565676,14,2,https://www.rffm.es/competicion/calendario?temporada=14&competicion=9565676&grupo=9668027&tipojuego=2,output/raw/rffm/benjamin/2018-2019/calendario/9668027.html
clasificaciones,9668027,9565676,14,2,https://www.rffm.es/competicion/clasificaciones?temporada=14&competicion=9565676&grupo=9668027&tipojuego=2,output/raw/rffm/benjamin/2018-2019/clasificaciones/9668027.html
goleadores,9668027,9565676,14,2,https://www.rffm.es/competicion/goleadores?temporada=14&competicion=9565676&grupo=9668027&tipojuego=2,output/raw/rffm/benjamin/2018-2019/goleadores/9668027.html
calendario,9668131,9565676,14,2,https://www.rffm.es/competicion/calendario?temporada=14&competicion=9565676&grupo=9668131&tipojuego=2,output/raw/rffm/benjamin/2018-2019/calendario/9668131.html
clasificaciones,9668131,9565676,14,2,https://www.rffm.es/competicion/clasificaciones?temporada=14&competicion=9565676&grupo=9668131&tipojuego=2,output/raw/rffm/benjamin/2018-2019/clasificaciones/9668131.html
goleadores,9668131,9565676,14,2,https://www.rffm.es/competicion/goleadores?temporada=14&competicion=9565676&grupo=9668131&tipojuego=2,output/raw/rffm/benjamin/2018-2019/goleadores/9668131.html
calendario,9668347,9565676,14,2,https://www.rffm.es/competicion/calendario?temporada=14&competicion=9565676&grupo=9668347&tipojuego=2,output/raw/rffm/benjamin/2018-2019/calendario/9668347.html
clasificaciones,9668347,9565676,14,2,https://www.rffm.es/competicion/clasificaciones?temporada=14&competicion=9565676&grupo=9668347&tipojuego=2,output/raw/rffm/benjamin/2018-2019/clasificaciones/9668347.html
goleadores,9668347,9565676,14,2,https://www.rffm.es/competicion/goleadores?temporada=14&competicion=9565676&grupo=9668347&tipojuego=2,output/raw/rffm/benjamin/2018-2019/goleadores/9668347.html
calendario,9668531,9565676,14,2,https://www.rffm.es/competicion/calendario?temporada=14&competicion=9565676&grupo=9668531&tipojuego=2,output/raw/rffm/benjamin/2018-2019/calendario/9668531.html
clasificaciones,9668531,9565676,14,2,https://www.rffm.es/competicion/clasificaciones?temporada=14&competicion=9565676&grupo=9668531&tipojuego=2,output/raw/rffm/benjamin/2018-2019/clasificaciones/9668531.html
goleadores,9668531,9565676,14,2,https://www.rffm.es/competicion/goleadores?temporada=14&competicion=9565676&grupo=9668531&tipojuego=2,output/raw/rffm/benjamin/2018-2019/goleadores/9668531.html
calendario,9716181,9565676,14,2,https://www.rffm.es/competicion/calendario?temporada=14&competicion=9565676&grupo=9716181&tipojuego=2,output/raw/rffm/benjamin/2018-2019/calendario/9716181.html
clasificaciones,9716181,9565676,14,2,https://www.rffm.es/competicion/clasificaciones?temporada=14&competicion=9565676&grupo=9716181&tipojuego=2,output/raw/rffm/benjamin/2018-2019/clasificaciones/9716181.html
goleadores,9716181,9565676,14,2,https://www.rffm.es/competicion/goleadores?temporada=14&competicion=9565676&grupo=9716181&tipojuego=2,output/raw/rffm/benjamin/2018-2019/goleadores/9716181.html
calendario,9716255,9565676,14,2,https://www.rffm.es/competicion/calendario?temporada=14&competicion=9565676&grupo=9716255&tipojuego=2,output/raw/rffm/benjamin/2018-2019/calendario/9716255.html
clasificaciones,9716255,9565676,14,2,https://www.rffm.es/competicion/clasificaciones?temporada=14&competicion=9565676&grupo=9716255&tipojuego=2,output/raw/rffm/benjamin/2018-2019/clasificaciones/9716255.html
goleadores,9716255,9565676,14,2,https://www.rffm.es/competicion/goleadores?temporada=14&competicion=9565676&grupo=9716255&tipojuego=2,output/raw/rffm/benjamin/2018-2019/goleadores/9716255.html
calendario,9716280,9565676,14,2,https://www.rffm.es/competicion/calendario?temporada=14&competicion=9565676&grupo=9716280&tipojuego=2,output/raw/rffm/benjamin/2018-2019/calendario/9716280.html
clasificaciones,9716280,9565676,14,2,https://www.rffm.es/competicion/clasificaciones?temporada=14&competicion=9565676&grupo=9716280&tipojuego=2,output/raw/rffm/benjamin/2018-2019/clasificaciones/9716280.html
goleadores,9716280,9565676,14,2,https://www.rffm.es/competicion/goleadores?temporada=14&competicion=9565676&grupo=9716280&tipojuego=2,output/raw/rffm/benjamin/2018-2019/goleadores/9716280.html
calendario,9716448,9565676,14,2,https://www.rffm.es/competicion/calendario?temporada=14&competicion=9565676&grupo=9716448&tipojuego=2,output/raw/rffm/benjamin/2018-2019/calendario/9716448.html
clasificaciones,9716448,9565676,14,2,https://www.rffm.es/competicion/clasificaciones?temporada=14&competicion=9565676&grupo=9716448&tipojuego=2,output/raw/rffm/benjamin/2018-2019/clasificaciones/9716448.html
goleadores,9716448,9565676,14,2,https://www.rffm.es/competicion/goleadores?temporada=14&competicion=9565676&grupo=9716448&tipojuego=2,output/raw/rffm/benjamin/2018-2019/goleadores/9716448.html
calendario,9716490,9565676,14,2,https://www.rffm.es/competicion/calendario?temporada=14&competicion=9565676&grupo=9716490&tipojuego=2,output/raw/rffm/benjamin/2018-2019/calendario/9716490.html
clasificaciones,9716490,9565676,14,2,https://www.rffm.es/competicion/clasificaciones?temporada=14&competicion=9565676&grupo=9716490&tipojuego=2,output/raw/rffm/benjamin/2018-2019/clasificaciones/9716490.html
goleadores,9716490,9565676,14,2,https://www.rffm.es/competicion/goleadores?temporada=14&competicion=9565676&grupo=9716490&tipojuego=2,output/raw/rffm/benjamin/2018-2019/goleadores/9716490.html
calendario,9716516,9565676,14,2,https://www.rffm.es/competicion/calendario?temporada=14&competicion=9565676&grupo=9716516&tipojuego=2,output/raw/rffm/benjamin/2018-2019/calendario/9716516.html
clasificaciones,9716516,9565676,14,2,https://www.rffm.es/competicion/clasificaciones?temporada=14&competicion=9565676&grupo=9716516&tipojuego=2,output/raw/rffm/benjamin/2018-2019/clasificaciones/9716516.html
goleadores,9716516,9565676,14,2,https://www.rffm.es/competicion/goleadores?temporada=14&competicion=9565676&grupo=9716516&tipojuego=2,output/raw/rffm/benjamin/2018-2019/goleadores/9716516.html
calendario,9717126,9565676,14,2,https://www.rffm.es/competicion/calendario?temporada=14&competicion=9565676&grupo=9717126&tipojuego=2,output/raw/rffm/benjamin/2018-2019/calendario/9717126.html
clasificaciones,9717126,9565676,14,2,https://www.rffm.es/competicion/clasificaciones?temporada=14&competicion=9565676&grupo=9717126&tipojuego=2,output/raw/rffm/benjamin/2018-2019/clasificaciones/9717126.html
goleadores,9717126,9565676,14,2,https://www.rffm.es/competicion/goleadores?temporada=14&competicion=9565676&grupo=9717126&tipojuego=2,output/raw/rffm/benjamin/2018-2019/goleadores/9717126.html
calendario,10429716,10315628,14,2,https://www.rffm.es/competicion/calendario?temporada=14&competicion=10315628&grupo=10429716&tipojuego=2,output/raw/rffm/benjamin/2018-2019/calendario/10429716.html
clasificaciones,10429716,10315628,14,2,https://www.rffm.es/competicion/clasificaciones?temporada=14&competicion=10315628&grupo=10429716&tipojuego=2,output/raw/rffm/benjamin/2018-2019/clasificaciones/10429716.html
goleadores,10429716,10315628,14,2,https://www.rffm.es/competicion/goleadores?temporada=14&competicion=10315628&grupo=10429716&tipojuego=2,output/raw/rffm/benjamin/2018-2019/goleadores/10429716.html
calendario,10429724,10315628,14,2,https://www.rffm.es/competicion/calendario?temporada=14&competicion=10315628&grupo=10429724&tipojuego=2,output/raw/rffm/benjamin/2018-2019/calendario/10429724.html
clasificaciones,10429724,10315628,14,2,https://www.rffm.es/competicion/clasificaciones?temporada=14&competicion=10315628&grupo=10429724&tipojuego=2,output/raw/rffm/benjamin/2018-2019/clasificaciones/10429724.html
goleadores,10429724,10315628,14,2,https://www.rffm.es/competicion/goleadores?temporada=14&competicion=10315628&grupo=10429724&tipojuego=2,output/raw/rffm/benjamin/2018-2019/goleadores/10429724.html
calendario,10503626,10315628,14,2,https://www.rffm.es/competicion/calendario?temporada=14&competicion=10315628&grupo=10503626&tipojuego=2,output/raw/rffm/benjamin/2018-2019/calendario/10503626.html
clasificaciones,10503626,10315628,14,2,https://www.rffm.es/competicion/clasificaciones?temporada=14&competicion=10315628&grupo=10503626&tipojuego=2,output/raw/rffm/benjamin/2018-2019/clasificaciones/10503626.html
goleadores,10503626,10315628,14,2,https://www.rffm.es/competicion/goleadores?temporada=14&competicion=10315628&grupo=10503626&tipojuego=2,output/raw/rffm/benjamin/2018-2019/goleadores/10503626.html
calendario,10503628,10315628,14,2,https://www.rffm.es/competicion/calendario?temporada=14&competicion=10315628&grupo=10503628&tipojuego=2,output/raw/rffm/benjamin/2018-2019/calendario/10503628.html
clasificaciones,10503628,10315628,14,2,https://www.rffm.es/competicion/clasificaciones?temporada=14&competicion=10315628&grupo=10503628&tipojuego=2,output/raw/rffm/benjamin/2018-2019/clasificaciones/10503628.html
goleadores,10503628,10315628,14,2,https://www.rffm.es/competicion/goleadores?temporada=14&competicion=10315628&grupo=10503628&tipojuego=2,output/raw/rffm/benjamin/2018-2019/goleadores/10503628.html
calendario,10503639,10315628,14,2,https://www.rffm.es/competicion/calendario?temporada=14&competicion=10315628&grupo=10503639&tipojuego=2,output/raw/rffm/benjamin/2018-2019/calendario/10503639.html
clasificaciones,10503639,10315628,14,2,https://www.rffm.es/competicion/clasificaciones?temporada=14&competicion=10315628&grupo=10503639&tipojuego=2,output/raw/rffm/benjamin/2018-2019/clasificaciones/10503639.html
goleadores,10503639,10315628,14,2,https://www.rffm.es/competicion/goleadores?temporada=14&competicion=10315628&grupo=10503639&tipojuego=2,output/raw/rffm/benjamin/2018-2019/goleadores/10503639.html
calendario,10503656,10315628,14,2,https://www.rffm.es/competicion/calendario?temporada=14&competicion=10315628&grupo=10503656&tipojuego=2,output/raw/rffm/benjamin/2018-2019/calendario/10503656.html
clasificaciones,10503656,10315628,14,2,https://www.rffm.es/competicion/clasificaciones?temporada=14&competicion=10315628&grupo=10503656&tipojuego=2,output/raw/rffm/benjamin/2018-2019/clasificaciones/10503656.html
goleadores,10503656,10315628,14,2,https://www.rffm.es/competicion/goleadores?temporada=14&competicion=10315628&grupo=10503656&tipojuego=2,output/raw/rffm/benjamin/2018-2019/goleadores/10503656.html
calendario,10503681,10315628,14,2,https://www.rffm.es/competicion/calendario?temporada=14&competicion=10315628&grupo=10503681&tipojuego=2,output/raw/rffm/benjamin/2018-2019/calendario/10503681.html
clasificaciones,10503681,10315628,14,2,https://www.rffm.es/competicion/clasificaciones?temporada=14&competicion=10315628&grupo=10503681&tipojuego=2,output/raw/rffm/benjamin/2018-2019/clasificaciones/10503681.html
goleadores,10503681,10315628,14,2,https://www.rffm.es/competicion/goleadores?temporada=14&competicion=10315628&grupo=10503681&tipojuego=2,output/raw/rffm/benjamin/2018-2019/goleadores/10503681.html
calendario,10503706,10315628,14,2,https://www.rffm.es/competicion/calendario?temporada=14&competicion=10315628&grupo=10503706&tipojuego=2,output/raw/rffm/benjamin/2018-2019/calendario/10503706.html
clasificaciones,10503706,10315628,14,2,https://www.rffm.es/competicion/clasificaciones?temporada=14&competicion=10315628&grupo=10503706&tipojuego=2,output/raw/rffm/benjamin/2018-2019/clasificaciones/10503706.html
goleadores,10503706,10315628,14,2,https://www.rffm.es/competicion/goleadores?temporada=14&competicion=10315628&grupo=10503706&tipojuego=2,output/raw/rffm/benjamin/2018-2019/goleadores/10503706.html
calendario,10638296,10638293,14,2,https://www.rffm.es/competicion/calendario?temporada=14&competicion=10638293&grupo=10638296&tipojuego=2,output/raw/rffm/benjamin/2018-2019/calendario/10638296.html
clasificaciones,10638296,10638293,14,2,https://www.rffm.es/competicion/clasificaciones?temporada=14&competicion=10638293&grupo=10638296&tipojuego=2,output/raw/rffm/benjamin/2018-2019/clasificaciones/10638296.html
goleadores,10638296,10638293,14,2,https://www.rffm.es/competicion/goleadores?temporada=14&competicion=10638293&grupo=10638296&tipojuego=2,output/raw/rffm/benjamin/2018-2019/goleadores/10638296.html
calendario,10655359,10638293,14,2,https://www.rffm.es/competicion/calendario?temporada=14&competicion=10638293&grupo=10655359&tipojuego=2,output/raw/rffm/benjamin/2018-2019/calendario/10655359.html
clasificaciones,10655359,10638293,14,2,https://www.rffm.es/competicion/clasificaciones?temporada=14&competicion=10638293&grupo=10655359&tipojuego=2,output/raw/rffm/benjamin/2018-2019/clasificaciones/10655359.html
goleadores,10655359,10638293,14,2,https://www.rffm.es/competicion/goleadores?temporada=14&competicion=10638293&grupo=10655359&tipojuego=2,output/raw/rffm/benjamin/2018-2019/goleadores/10655359.html
calendario,10655363,10638293,14,2,https://www.rffm.es/competicion/calendario?temporada=14&competicion=10638293&grupo=10655363&tipojuego=2,output/raw/rffm/benjamin/2018-2019/calendario/10655363.html
clasificaciones,10655363,10638293,14,2,https://www.rffm.es/competicion/clasificaciones?temporada=14&competicion=10638293&grupo=10655363&tipojuego=2,output/raw/rffm/benjamin/2018-2019/clasificaciones/10655363.html
goleadores,10655363,10638293,14,2,https://www.rffm.es/competicion/goleadores?temporada=14&competicion=10638293&grupo=10655363&tipojuego=2,output/raw/rffm/benjamin/2018-2019/goleadores/10655363.html
calendario,10655366,10638293,14,2,https://www.rffm.es/competicion/calendario?temporada=14&competicion=10638293&grupo=10655366&tipojuego=2,output/raw/rffm/benjamin/2018-2019/calendario/10655366.html
clasificaciones,10655366,10638293,14,2,https://www.rffm.es/competicion/clasificaciones?temporada=14&competicion=10638293&grupo=10655366&tipojuego=2,output/raw/rffm/benjamin/2018-2019/clasificaciones/10655366.html
goleadores,10655366,10638293,14,2,https://www.rffm.es/competicion/goleadores?temporada=14&competicion=10638293&grupo=10655366&tipojuego=2,output/raw/rffm/benjamin/2018-2019/goleadores/10655366.html
calendario,10655367,10638293,14,2,https://www.rffm.es/competicion/calendario?temporada=14&competicion=10638293&grupo=10655367&tipojuego=2,output/raw/rffm/benjamin/2018-2019/calendario/10655367.html
clasificaciones,10655367,10638293,14,2,https://www.rffm.es/competicion/clasificaciones?temporada=14&competicion=10638293&grupo=10655367&tipojuego=2,output/raw/rffm/benjamin/2018-2019/clasificaciones/10655367.html
goleadores,10655367,10638293,14,2,https://www.rffm.es/competicion/goleadores?temporada=14&competicion=10638293&grupo=10655367&tipojuego=2,output/raw/rffm/benjamin/2018-2019/goleadores/10655367.html
calendario,10655525,10638293,14,2,https://www.rffm.es/competicion/calendario?temporada=14&competicion=10638293&grupo=10655525&tipojuego=2,output/raw/rffm/benjamin/2018-2019/calendario/10655525.html
clasificaciones,10655525,10638293,14,2,https://www.rffm.es/competicion/clasificaciones?temporada=14&competicion=10638293&grupo=10655525&tipojuego=2,output/raw/rffm/benjamin/2018-2019/clasificaciones/10655525.html
goleadores,10655525,10638293,14,2,https://www.rffm.es/competicion/goleadores?temporada=14&competicion=10638293&grupo=10655525&tipojuego=2,output/raw/rffm/benjamin/2018-2019/goleadores/10655525.html
calendario,10655526,10638293,14,2,https://www.rffm.es/competicion/calendario?temporada=14&competicion=10638293&grupo=10655526&tipojuego=2,output/raw/rffm/benjamin/2018-2019/calendario/10655526.html
clasificaciones,10655526,10638293,14,2,https://www.rffm.es/competicion/clasificaciones?temporada=14&competicion=10638293&grupo=10655526&tipojuego=2,output/raw/rffm/benjamin/2018-2019/clasificaciones/10655526.html
goleadores,10655526,10638293,14,2,https://www.rffm.es/competicion/goleadores?temporada=14&competicion=10638293&grupo=10655526&tipojuego=2,output/raw/rffm/benjamin/2018-2019/goleadores/10655526.html
calendario,10655528,10638293,14,2,https://www.rffm.es/competicion/calendario?temporada=14&competicion=10638293&grupo=10655528&tipojuego=2,output/raw/rffm/benjamin/2018-2019/calendario/10655528.html
clasificaciones,10655528,10638293,14,2,https://www.rffm.es/competicion/clasificaciones?temporada=14&competicion=10638293&grupo=10655528&tipojuego=2,output/raw/rffm/benjamin/2018-2019/clasificaciones/10655528.html
goleadores,10655528,10638293,14,2,https://www.rffm.es/competicion/goleadores?temporada=14&competicion=10638293&grupo=10655528&tipojuego=2,output/raw/rffm/benjamin/2018-2019/goleadores/10655528.html
calendario,10655646,10638293,14,2,https://www.rffm.es/competicion/calendario?temporada=14&competicion=10638293&grupo=10655646&tipojuego=2,output/raw/rffm/benjamin/2018-2019/calendario/10655646.html
clasificaciones,10655646,10638293,14,2,https://www.rffm.es/competicion/clasificaciones?temporada=14&competicion=10638293&grupo=10655646&tipojuego=2,output/raw/rffm/benjamin/2018-2019/clasificaciones/10655646.html
goleadores,10655646,10638293,14,2,https://www.rffm.es/competicion/goleadores?temporada=14&competicion=10638293&grupo=10655646&tipojuego=2,output/raw/rffm/benjamin/2018-2019/goleadores/10655646.html
calendario,10655650,10638293,14,2,https://www.rffm.es/competicion/calendario?temporada=14&competicion=10638293&grupo=10655650&tipojuego=2,output/raw/rffm/benjamin/2018-2019/calendario/10655650.html
clasificaciones,10655650,10638293,14,2,https://www.rffm.es/competicion/clasificaciones?temporada=14&competicion=10638293&grupo=10655650&tipojuego=2,output/raw/rffm/benjamin/2018-2019/clasificaciones/10655650.html
goleadores,10655650,10638293,14,2,https://www.rffm.es/competicion/goleadores?temporada=14&competicion=10638293&grupo=10655650&tipojuego=2,output/raw/rffm/benjamin/2018-2019/goleadores/10655650.html
calendario,10655654,10638293,14,2,https://www.rffm.es/competicion/calendario?temporada=14&competicion=10638293&grupo=10655654&tipojuego=2,output/raw/rffm/benjamin/2018-2019/calendario/10655654.html
clasificaciones,10655654,10638293,14,2,https://www.rffm.es/competicion/clasificaciones?temporada=14&competicion=10638293&grupo=10655654&tipojuego=2,output/raw/rffm/benjamin/2018-2019/clasificaciones/10655654.html
goleadores,10655654,10638293,14,2,https://www.rffm.es/competicion/goleadores?temporada=14&competicion=10638293&grupo=10655654&tipojuego=2,output/raw/rffm/benjamin/2018-2019/goleadores/10655654.html
calendario,10655656,10638293,14,2,https://www.rffm.es/competicion/calendario?temporada=14&competicion=10638293&grupo=10655656&tipojuego=2,output/raw/rffm/benjamin/2018-2019/calendario/10655656.html
clasificaciones,10655656,10638293,14,2,https://www.rffm.es/competicion/clasificaciones?temporada=14&competicion=10638293&grupo=10655656&tipojuego=2,output/raw/rffm/benjamin/2018-2019/clasificaciones/10655656.html
goleadores,10655656,10638293,14,2,https://www.rffm.es/competicion/goleadores?temporada=14&competicion=10638293&grupo=10655656&tipojuego=2,output/raw/rffm/benjamin/2018-2019/goleadores/10655656.html
calendario,10655657,10638293,14,2,https://www.rffm.es/competicion/calendario?temporada=14&competicion=10638293&grupo=10655657&tipojuego=2,output/raw/rffm/benjamin/2018-2019/calendario/10655657.html
clasificaciones,10655657,10638293,14,2,https://www.rffm.es/competicion/clasificaciones?temporada=14&competicion=10638293&grupo=10655657&tipojuego=2,output/raw/rffm/benjamin/2018-2019/clasificaciones/10655657.html
goleadores,10655657,10638293,14,2,https://www.rffm.es/competicion/goleadores?temporada=14&competicion=10638293&grupo=10655657&tipojuego=2,output/raw/rffm/benjamin/2018-2019/goleadores/10655657.html
calendario,10655661,10638293,14,2,https://www.rffm.es/competicion/calendario?temporada=14&competicion=10638293&grupo=10655661&tipojuego=2,output/raw/rffm/benjamin/2018-2019/calendario/10655661.html
clasificaciones,10655661,10638293,14,2,https://www.rffm.es/competicion/clasificaciones?temporada=14&competicion=10638293&grupo=10655661&tipojuego=2,output/raw/rffm/benjamin/2018-2019/clasificaciones/10655661.html
goleadores,10655661,10638293,14,2,https://www.rffm.es/competicion/goleadores?temporada=14&competicion=10638293&grupo=10655661&tipojuego=2,output/raw/rffm/benjamin/2018-2019/goleadores/10655661.html
calendario,10655666,10638293,14,2,https://www.rffm.es/competicion/calendario?temporada=14&competicion=10638293&grupo=10655666&tipojuego=2,output/raw/rffm/benjamin/2018-2019/calendario/10655666.html
clasificaciones,10655666,10638293,14,2,https://www.rffm.es/competicion/clasificaciones?temporada=14&competicion=10638293&grupo=10655666&tipojuego=2,output/raw/rffm/benjamin/2018-2019/clasificaciones/10655666.html
goleadores,10655666,10638293,14,2,https://www.rffm.es/competicion/goleadores?temporada=14&competicion=10638293&grupo=10655666&tipojuego=2,output/raw/rffm/benjamin/2018-2019/goleadores/10655666.html
calendario,10655668,10638293,14,2,https://www.rffm.es/competicion/calendario?temporada=14&competicion=10638293&grupo=10655668&tipojuego=2,output/raw/rffm/benjamin/2018-2019/calendario/10655668.html
clasificaciones,10655668,10638293,14,2,https://www.rffm.es/competicion/clasificaciones?temporada=14&competicion=10638293&grupo=10655668&tipojuego=2,output/raw/rffm/benjamin/2018-2019/clasificaciones/10655668.html
goleadores,10655668,10638293,14,2,https://www.rffm.es/competicion/goleadores?temporada=14&competicion=10638293&grupo=10655668&tipojuego=2,output/raw/rffm/benjamin/2018-2019/goleadores/10655668.html
calendario,10663058,10663031,14,2,https://www.rffm.es/competicion/calendario?temporada=14&competicion=10663031&grupo=10663058&tipojuego=2,output/raw/rffm/benjamin/2018-2019/calendario/10663058.html
clasificaciones,10663058,10663031,14,2,https://www.rffm.es/competicion/clasificaciones?temporada=14&competicion=10663031&grupo=10663058&tipojuego=2,output/raw/rffm/benjamin/2018-2019/clasificaciones/10663058.html
goleadores,10663058,10663031,14,2,https://www.rffm.es/competicion/goleadores?temporada=14&competicion=10663031&grupo=10663058&tipojuego=2,output/raw/rffm/benjamin/2018-2019/goleadores/10663058.html
calendario,10638327,10638311,14,2,https://www.rffm.es/competicion/calendario?temporada=14&competicion=10638311&grupo=10638327&tipojuego=2,output/raw/rffm/benjamin/2018-2019/calendario/10638327.html
clasificaciones,10638327,10638311,14,2,https://www.rffm.es/competicion/clasificaciones?temporada=14&competicion=10638311&grupo=10638327&tipojuego=2,output/raw/rffm/benjamin/2018-2019/clasificaciones/10638327.html
goleadores,10638327,10638311,14,2,https://www.rffm.es/competicion/goleadores?temporada=14&competicion=10638311&grupo=10638327&tipojuego=2,output/raw/rffm/benjamin/2018-2019/goleadores/10638327.html
calendario,18534274,18566103,14,3,https://www.rffm.es/competicion/calendario?temporada=14&competicion=18566103&grupo=18534274&tipojuego=3,output/raw/rffm/prebenjamin/2018-2019/calendario/18534274.html
clasificaciones,18534274,18566103,14,3,https://www.rffm.es/competicion/clasificaciones?temporada=14&competicion=18566103&grupo=18534274&tipojuego=3,output/raw/rffm/prebenjamin/2018-2019/clasificaciones/18534274.html
goleadores,18534274,18566103,14,3,https://www.rffm.es/competicion/goleadores?temporada=14&competicion=18566103&grupo=18534274&tipojuego=3,output/raw/rffm/prebenjamin/2018-2019/goleadores/18534274.html
calendario,18534275,18566103,14,3,https://www.rffm.es/competicion/calendario?temporada=14&competicion=18566103&grupo=18534275&tipojuego=3,output/raw/rffm/prebenjamin/2018-2019/calendario/18534275.html
clasificaciones,18534275,18566103,14,3,https://www.rffm.es/competicion/clasificaciones?temporada=14&competicion=18566103&grupo=18534275&tipojuego=3,output/raw/rffm/prebenjamin/2018-2019/clasificaciones/18534275.html
goleadores,18534275,18566103,14,3,https://www.rffm.es/competicion/goleadores?temporada=14&competicion=18566103&grupo=18534275&tipojuego=3,output/raw/rffm/prebenjamin/2018-2019/goleadores/18534275.html
calendario,18536681,18568509,14,3,https://www.rffm.es/competicion/calendario?temporada=14&competicion=18568509&grupo=18536681&tipojuego=3,output/raw/rffm/prebenjamin/2018-2019/calendario/18536681.html
clasificaciones,18536681,18568509,14,3,https://www.rffm.es/competicion/clasificaciones?temporada=14&competicion=18568509&grupo=18536681&tipojuego=3,output/raw/rffm/prebenjamin/2018-2019/clasificaciones/18536681.html
goleadores,18536681,18568509,14,3,https://www.rffm.es/competicion/goleadores?temporada=14&competicion=18568509&grupo=18536681&tipojuego=3,output/raw/rffm/prebenjamin/2018-2019/goleadores/18536681.html
calendario,18395961,18427351,14,3,https://www.rffm.es/competicion/calendario?temporada=14&competicion=18427351&grupo=18395961&tipojuego=3,output/raw/rffm/prebenjamin/2018-2019/calendario/18395961.html
clasificaciones,18395961,18427351,14,3,https://www.rffm.es/competicion/clasificaciones?temporada=14&competicion=18427351&grupo=18395961&tipojuego=3,output/raw/rffm/prebenjamin/2018-2019/clasificaciones/18395961.html
goleadores,18395961,18427351,14,3,https://www.rffm.es/competicion/goleadores?temporada=14&competicion=18427351&grupo=18395961&tipojuego=3,output/raw/rffm/prebenjamin/2018-2019/goleadores/18395961.html
