season,competition_id,category_base,category_label_raw,competition,game_type,phase_label,matches
2020-2021,18717051,ALEVIN,ALEVIN FEMENINO SALA,Alevín Femenina - F.S.,Fútbol Sala,regular_season,36
2020-2021,18876480,ALEVIN,ALEVIN FEMENINO SALA,Copa Alevín Femenina - F.S.,Fútbol Sala,regular_season,12
2020-2021,18875905,ALEVIN,ALEVIN FEMENINO SALA,Alevín Femenina Play Off - F.S.,Fútbol Sala,regular_season,3
2020-2021,18877320,ALEVIN,ALEVIN FEMENINO SALA,Copa Alevín Femenina Semifinales y Final - F.S.,Fútbol Sala,regular_season,3
2020-2021,18832577,BENJAMIN,BENJAMIN FEMENINO SALA,Benjamín Femenina - F.S.,Fútbol Sala,regular_season,18
2020-2021,18876478,BENJAMIN,BENJAMIN FEMENINO SALA,Copa Benjamín Femenina - F.S.,Fútbol Sala,regular_season,5
2021-2022,18977571,ALEVIN,ALEVIN SALA,Alevin - F.S.,Fútbol Sala,regular_season,455
2021-2022,18991162,ALEVIN,ALEVIN FEMENINO SALA,Alevín Femenina - F.S.,Fútbol Sala,regular_season,91
2021-2022,19051516,ALEVIN,ALEVIN SALA,Copa Alevín grupos - F.S.,Fútbol Sala,regular_season,90
2021-2022,19054102,ALEVIN,ALEVIN FEMENINO SALA,TORNEO ALEVIN FEMENINO GETAFE - F.S.,Fútbol Sala,regular_season,18
2021-2022,19052891,ALEVIN,ALEVIN SALA,Copa Alevin Eliminatorias - F.S.,Fútbol Sala,regular_season,15
2021-2022,19052684,ALEVIN,ALEVIN FEMENINO SALA,Copa Alevín Femenina - F.S.,Fútbol Sala,regular_season,12
2021-2022,19052720,ALEVIN,ALEVIN SALA,Copa Alevín PREVIA - F.S.,Fútbol Sala,regular_season,7
2021-2022,18973231,BENJAMIN,BENJAMIN SALA,Benjamin - F.S.,Fútbol Sala,regular_season,314
2021-2022,19051536,BENJAMIN,BENJAMIN SALA,Copa Benjamin - F.S.,Fútbol Sala,regular_season,84
2021-2022,19027127,BENJAMIN,BENJAMIN FEMENINO SALA,Benjamín Femenina - F.S.,Fútbol Sala,regular_season,24
2021-2022,19052965,BENJAMIN,BENJAMIN SALA,Copa Benjamín Eliminatorias - F.S.,Fútbol Sala,regular_season,15
2021-2022,19052893,BENJAMIN,BENJAMIN SALA,Copa Benjamin Previa - F.S.,Fútbol Sala,regular_season,6
2021-2022,19053458,BENJAMIN,BENJAMIN FEMENINO SALA,Copa Benjamín Femenina - F.S.,Fútbol Sala,regular_season,6
2022-2023,19197161,ALEVIN,ALEVIN SALA,Alevin 1ª Fase - F.S.,Fútbol Sala,regular_season,224
2022-2023,19229418,ALEVIN,ALEVIN SALA,Copa Alevín mixto - F.S.,Fútbol Sala,regular_season,63
2022-2023,19202931,ALEVIN,ALEVIN FEMENINO SALA,Alevín Femenina 1ª Fase - F.S.,Fútbol Sala,regular_season,56
2022-2023,19245941,ALEVIN,ALEVIN FEMENINO SALA,Copa alevín femenina - F.S.,Fútbol Sala,regular_season,15
2022-2023,19197244,BENJAMIN,BENJAMIN SALA,Benjamin 1ª Fase - F.S.,Fútbol Sala,regular_season,168
2022-2023,19202929,BENJAMIN,BENJAMIN FEMENINO SALA,Benjamín Femenina - F.S.,Fútbol Sala,regular_season,60
2022-2023,19235421,BENJAMIN,BENJAMIN SALA,Copa Benjamín eliminatorias - F.S.,Fútbol Sala,regular_season,31
2022-2023,19229340,BENJAMIN,BENJAMIN SALA,Copa Benjamin Previa - F.S.,Fútbol Sala,regular_season,15
2022-2023,19247316,BENJAMIN,BENJAMIN FEMENINO SALA,Copa Benjamín Femenina - F.S.,Fútbol Sala,regular_season,15
2023-2024,20984197,ALEVIN,ALEVIN SALA,Alevin 2ª Fase F.S. ,Fútbol Sala,regular_season,560
2023-2024,19630746,ALEVIN,ALEVIN SALA,Alevin 1ª Fase F.S.,Fútbol Sala,regular_season,360
2023-2024,20981653,ALEVIN,ALEVIN FEMENINO SALA,Alevín Femenino 2ª fase F.S ,Fútbol Sala,regular_season,90
2023-2024,19630849,ALEVIN,ALEVIN FEMENINO SALA,Alevín Femenino 1ª fase F.S,Fútbol Sala,regular_season,73
2023-2024,21345249,ALEVIN,ALEVIN FEMENINO SALA,Torneo alevín femenino fin de temporada - fase grupos -,Fútbol Sala,regular_season,36
2023-2024,21348622,ALEVIN,ALEVIN SALA,Eliminatorias puestos alevin sala ,Fútbol Sala,regular_season,14
2023-2024,21408059,ALEVIN,ALEVIN FEMENINO SALA,Torneo alevin femenino fin de temporada - fase final -,Fútbol Sala,phase fase final,7
2023-2024,21345439,ALEVIN,ALEVIN SALA,Final campeones alevin,Fútbol Sala,playoff,1
2023-2024,20984446,BENJAMIN,BENJAMIN SALA,Benjamin 2ª Fase F.S. ,Fútbol Sala,regular_season,392
2023-2024,19630752,BENJAMIN,BENJAMIN SALA,Benjamin 1º Fase F.S.,Fútbol Sala,regular_season,270
2023-2024,17145950,BENJAMIN,BENJAMIN FEMENINO SALA,Benjamín Femenina - F.S.,Fútbol Sala,regular_season,84
2023-2024,21348299,BENJAMIN,BENJAMIN SALA,Eliminatorias puestos benjamin sala,Fútbol Sala,regular_season,14
2023-2024,21345445,BENJAMIN,BENJAMIN SALA,Final campeones benjamin,Fútbol Sala,playoff,1
2024-2025,23485802,ALEVIN,ALEVIN SALA,ALEVIN 2ª fase FS ,Fútbol Sala,regular_season,560
2024-2025,22011109,ALEVIN,ALEVIN SALA,ALEVIN 1ª fase FS,Fútbol Sala,regular_season,360
2024-2025,23486198,ALEVIN,ALEVIN FEMENINO SALA,ALEVIN FEMENINO 2ª Fase FS,Fútbol Sala,regular_season,146
2024-2025,23971412,ALEVIN,ALEVIN SALA,COPA ALEVIN mixto FS,Fútbol Sala,regular_season,94
2024-2025,21975005,ALEVIN,ALEVIN FEMENINO SALA,ALEVIN FEMENINO 1ª Fase FS,Fútbol Sala,regular_season,90
2024-2025,23975151,ALEVIN,ALEVIN FEMENINO SALA,COPA ALEVIN FEMENINO FS ,Fútbol Sala,regular_season,22
2024-2025,23953066,ALEVIN,ALEVIN SALA,COPA ALEVIN mixto - Fase previa - ,Fútbol Sala,regular_season,8
2024-2025,23954328,ALEVIN,ALEVIN FEMENINO SALA,COPA ALEVIN FEMENINO FS - Fase Previa- ,Fútbol Sala,regular_season,2
2024-2025,23950324,ALEVIN,ALEVIN SALA,Final campeones alevin FS,Fútbol Sala,playoff,1
2024-2025,23485804,BENJAMIN,BENJAMIN SALA,BENJAMIN 2ª Fase FS ,Fútbol Sala,regular_season,448
2024-2025,22011499,BENJAMIN,BENJAMIN SALA,BENJAMIN 1ª Fase FS,Fútbol Sala,regular_season,312
2024-2025,21434282,BENJAMIN,BENJAMIN FEMENINO SALA,BENJAMIN FEMENINO FS,Fútbol Sala,regular_season,132
2024-2025,23970899,BENJAMIN,BENJAMIN SALA,COPA BENJAMIN mixto FS,Fútbol Sala,regular_season,46
2024-2025,23954657,BENJAMIN,BENJAMIN SALA,COPA BENJAMIN mixto FS -fase previa-,Fútbol Sala,regular_season,32
2024-2025,24011501,BENJAMIN,BENJAMIN FEMENINO SALA,COPA BENJAMIN FEMENINO FS -Fase final-,Fútbol Sala,phase fase final,3
2024-2025,23949894,BENJAMIN,BENJAMIN SALA,Final campeones benjamin FS,Fútbol Sala,playoff,1
2024-2025,23954156,BENJAMIN,BENJAMIN FEMENINO SALA,COPA BENJAMIN FEMENINO FS ,Fútbol Sala,regular_season,0
2025-2026,26260180,ALEVIN,ALEVIN SALA,ALEVIN 2ª fase FS ,Fútbol Sala,regular_season,560
2025-2026,24388441,ALEVIN,ALEVIN SALA,ALEVIN 1ª fase FS ,Fútbol Sala,regular_season,360
2025-2026,26260040,ALEVIN,ALEVIN FEMENINO SALA,ALEVIN FEMENINO 2ª Fase FS ,Fútbol Sala,regular_season,116
2025-2026,24400489,ALEVIN,ALEVIN FEMENINO SALA,ALEVIN FEMENINO 1ª Fase FS ,Fútbol Sala,regular_season,90
2025-2026,25692429,ALEVIN,ALEVIN SALA,COPA ALEVIN -fase final- FS ,Fútbol Sala,phase fase final,63
2025-2026,25695278,ALEVIN,ALEVIN FEMENINO SALA,COPA ALEVIN FEMENINO FS ,Fútbol Sala,regular_season,15
2025-2026,26658816,ALEVIN,ALEVIN SALA,Final campeones alevin FS ,Fútbol Sala,playoff,1
2025-2026,26260117,BENJAMIN,BENJAMIN SALA,BENJAMIN 2ª Fase FS ,Fútbol Sala,regular_season,422
2025-2026,24388617,BENJAMIN,BENJAMIN SALA,BENJAMIN 1ª Fase FS ,Fútbol Sala,regular_season,291
2025-2026,24038097,BENJAMIN,BENJAMIN FEMENINO SALA,BENJAMIN FEMENINO FS,Fútbol Sala,regular_season,90
2025-2026,25693229,BENJAMIN,BENJAMIN SALA,COPA BENJAMIN -fase final- FS ,Fútbol Sala,phase fase final,31
2025-2026,25692947,BENJAMIN,BENJAMIN SALA,COPA BENJAMIN -fase previa- FS ,Fútbol Sala,regular_season,20
2025-2026,25695516,BENJAMIN,BENJAMIN FEMENINO SALA,COPA BENJAMIN FEMENINO -fase de grupos- FS,Fútbol Sala,regular_season,12
2025-2026,26688373,BENJAMIN,BENJAMIN FEMENINO SALA,COPA BENJAMIN FEMENINO -fase final- FS ,Fútbol Sala,phase fase final,3
2025-2026,26658822,BENJAMIN,BENJAMIN SALA,Final campeones benjamin FS ,Fútbol Sala,playoff,1
