team_id_norm,team_matches,club_name_raw,team_name_raw
21430672,21,A.C.R. ATLETICO ALCOBENDAS,A.C.R. ATLETICO ALCOBENDAS
10658543,21,A.D. ALHONDIGA,A.D. ALHONDIGA 'A'
10659484,21,A.D. ALHONDIGA,A.D. ALHONDIGA 'B'
12826102,21,A.D. ESCUELA DE FUTBOL DE CARABANCHEL,A.D. ESCUELA DE FUTBOL DE CARABANCHEL 'A'
12826145,21,A.D. ESCUELA DE FUTBOL DE CARABANCHEL,A.D. ESCUELA DE FUTBOL DE CARABANCHEL 'B'
10333026,21,A.D. ESPERANZA,A.D. ESPERANZA 'A'
10339822,21,A.D. ESPERANZA,A.D. ESPERANZA 'B'
10656610,21,A.D. JUVENTUD CANARIO,A.D. JUVENTUD CANARIO
12317037,21,A.D. PARLA,A.D. PARLA
11928796,21,A.D. SPORTING HORTALEZA,A.D. SPORTING HORTALEZA 'A'
15277454,21,ALCOBENDAS C.F.,ALCOBENDAS C.F. 'A'
10334060,21,C.D. FUTBOL TRES CANTOS,C.D. FUTBOL TRES CANTOS
13413678,21,C.D. MOSTOLES U.R.J.C.,C.D. MOSTOLES U.R.J.C. 'B'
24026466,21,C.D. NEWMAN,C.D. NEWMAN
15292052,21,C.D. SPARTAC DE MANOTERAS,C.D. SPARTAC DE MANOTERAS
24005920,21,C.D. UNION EUROPA SANSE,C.D. UNION EUROPA SANSE
10405212,21,C.D.E. AMISTAD ALCORCON,C.D.E. AMISTAD ALCORCON 'A'
24026806,21,C.D.E. NUEVO CIUDAD - CUBAS DE LA SAGRA,C.D.E. NUEVO CIUDAD - CUBAS DE LA SAGRA
21592743,21,CDB UNION DEPORTIVA ARGANZUELA,CDB UNION DEPORTIVA ARGANZUELA 'A'
21592744,21,CDB UNION DEPORTIVA ARGANZUELA,CDB UNION DEPORTIVA ARGANZUELA 'B'
22597490,21,CDB UNION DEPORTIVA ARGANZUELA,CDB UNION DEPORTIVA ARGANZUELA 'C'
24012275,21,CDE ARROW SPORTS,CDE ARROW SPORTS 'A'
24931096,21,CDE ARROW SPORTS,CDE ARROW SPORTS 'B'
11949079,21,CELTIC CASTILLA C.F.,CELTIC CASTILLA C.F. 'A'
11545146,21,E.F. CIUDAD DE GETAFE,E.F. CIUDAD DE GETAFE 'A'
10677579,21,E.F. CIUDAD DE GETAFE,E.F. CIUDAD DE GETAFE 'B'
10677578,21,E.F. CIUDAD DE GETAFE,E.F. CIUDAD DE GETAFE 'C'
10654942,21,ESC. MPAL. DE FUT. AGUILAS DE MORATALAZ,ESC. MPAL. DE FUT. AGUILAS DE MORATALAZ
11566192,21,ESCUELA DE FUTBOL ARGANDA,ESCUELA DE FUTBOL ARGANDA 'A'
11566200,21,ESCUELA DE FUTBOL ARGANDA,ESCUELA DE FUTBOL ARGANDA 'B'
10333048,21,ESCUELA DE FUTBOL DE VICALVARO,ESCUELA DE FUTBOL DE VICALVARO 'A'
13550320,21,ESCUELA DE FUTBOL DE VICALVARO,ESCUELA DE FUTBOL DE VICALVARO 'B'
10337501,21,ESCUELA FUTBOL BARRIO PILAR,ESCUELA FUTBOL BARRIO PILAR
10643051,21,FEPE GETAFE III,FEPE GETAFE III 'A'
10643044,21,FEPE GETAFE III,FEPE GETAFE III 'B'
10333045,21,FUNDACION ADF,FUNDACION ADF
26059534,21,GREDOS SAN DIEGO MORATALAZ,GREDOS SAN DIEGO MORATALAZ 'C'
10357003,21,GREDOS SAN DIEGO-LAS ARTES,GREDOS SAN DIEGO-LAS ARTES 'A'
11986830,21,GREDOS SAN DIEGO-LAS ARTES,GREDOS SAN DIEGO-LAS ARTES 'B'
11986840,21,LA MORALEJA C.F. - SAN PATRICIO,LA MORALEJA C.F. - SAN PATRICIO
21426504,21,NUEVO PINTO C.F.,NUEVO PINTO C.F. 'A'
24012289,21,NUEVO PINTO C.F.,NUEVO PINTO C.F. 'B'
13562029,21,RAYO CIUDAD ALCOBENDAS C.F.,RAYO CIUDAD ALCOBENDAS C.F. 'A'
13554215,21,REAL MADRID C.F.,REAL MADRID C.F.
21418813,21,RECREATIVO CULTURAL NUEVO BERCIAL,RECREATIVO CULTURAL NUEVO BERCIAL
24317947,21,S.A.D. FUNDACION C.D. LEGANES,S.A.D. FUNDACION C.D. LEGANES 'A'
13397895,21,U.D. MOSTOLES BALOMPIE,U.D. MOSTOLES BALOMPIE
13552138,21,U.D. SAN MARTIN DE LA VEGA,U.D. SAN MARTIN DE LA VEGA 'A'
24329293,21,U.D. SAN SEBASTIAN DE LOS REYES S.A.D.,U.D. SAN SEBASTIAN DE LOS REYES S.A.D. 'A'
10359453,21,UNION ZONA NORTE,UNION ZONA NORTE
10408479,21,VALLECAS C.F.,VALLECAS C.F.
12232744,18,A.D. ARGANDA C.F.,A.D. ARGANDA C.F.
10656863,18,A.D. EL NORTE,A.D. EL NORTE 'A'
10656864,18,A.D. EL NORTE,A.D. EL NORTE 'B'
13450043,18,A.D. ESCUELA DE FUTBOL DE CARABANCHEL,A.D. ESCUELA DE FUTBOL DE CARABANCHEL 'C'
13570851,18,A.D. ESCUELA DE FUTBOL DE CARABANCHEL,A.D. ESCUELA DE FUTBOL DE CARABANCHEL 'D'
10651375,18,A.D. ESCUELA DE FUTBOL USERA,A.D. ESCUELA DE FUTBOL USERA
16658155,18,A.D. ESPERANZA,A.D. ESPERANZA 'C'
15290327,18,A.D. OÑA SANCHINARRO,A.D. OÑA SANCHINARRO
24027112,18,A.D. SPORTING HORTALEZA,A.D. SPORTING HORTALEZA 'B'
10339367,18,A.D. UNION ADARVE,A.D. UNION ADARVE
10358763,18,A.D.C. SAN FERMIN,A.D.C. SAN FERMIN
14152614,18,A.D.Y.C. PINTO,A.D.Y.C. PINTO
10357802,18,AGRUPACION C.D. LUCERO LINCES,AGRUPACION C.D. LUCERO LINCES 'A'
11967546,18,AGRUPACION C.D. LUCERO LINCES,AGRUPACION C.D. LUCERO LINCES 'B'
14107188,18,ATLETICO CHOPERA ALCOBENDAS 04,ATLETICO CHOPERA ALCOBENDAS 04 'A'
14107227,18,ATLETICO CHOPERA ALCOBENDAS 04,ATLETICO CHOPERA ALCOBENDAS 04 'B'
10652279,18,C.D. BETIS SAN ISIDRO,C.D. BETIS SAN ISIDRO
26025462,18,C.D. CARRANZA,C.D. CARRANZA
10636202,18,C.D. CHAMBERI DE MADRID,C.D. CHAMBERI DE MADRID 'A'
10636203,18,C.D. CHAMBERI DE MADRID,C.D. CHAMBERI DE MADRID 'B'
10336705,18,C.D. COLONIA MOSCARDO,C.D. COLONIA MOSCARDO
17149817,18,C.D. DUX INTERNACIONAL DE MADRID FOOTBALL ACADEMY VILLAVICIOSA DE ODON,C.D. DUX INTERNACIONAL DE MADRID FOOTBALL ACADEMY VILLAVICIOSA DE ODON
10400959,18,C.D. ESTUDIANTES LAS TABLAS,C.D. ESTUDIANTES LAS TABLAS 'A'
24202929,18,C.D. FORTUNA,C.D. FORTUNA
10646587,18,C.D. GOYA,C.D. GOYA
13690226,18,C.D. MASRIVER,C.D. MASRIVER 'A'
22266064,18,C.D. MASRIVER,C.D. MASRIVER 'B'
24929483,18,C.D. MIRASUR,C.D. MIRASUR
10333361,18,C.D. NUEVO BOADILLA,C.D. NUEVO BOADILLA 'A'
10333364,18,C.D. NUEVO BOADILLA,C.D. NUEVO BOADILLA 'B'
10333365,18,C.D. NUEVO BOADILLA,C.D. NUEVO BOADILLA 'C'
11967547,18,C.D. NUEVO BOADILLA,C.D. NUEVO BOADILLA 'D'
13554827,18,C.D. OLIMPICO LAS ROSAS,C.D. OLIMPICO LAS ROSAS
13917512,18,C.D. RIVAS JARAMA,C.D. RIVAS JARAMA
13727718,18,C.D. SAN CRISTOBAL DE LOS ANGELES,C.D. SAN CRISTOBAL DE LOS ANGELES 'A'
16497070,18,C.D. SAN CRISTOBAL DE LOS ANGELES,C.D. SAN CRISTOBAL DE LOS ANGELES 'B'
10667354,18,C.D. SANTA BARBARA GETAFE,C.D. SANTA BARBARA GETAFE 
22934637,18,C.D. SANTIAGO APOSTOL VILLAVERDE,C.D. SANTIAGO APOSTOL VILLAVERDE
21416890,18,C.D. UNION VALDEBERNARDO,C.D. UNION VALDEBERNARDO
10667395,18,C.D. VICALVARO,C.D. VICALVARO 'A'
20782664,18,C.D. VICALVARO,C.D. VICALVARO 'B'
20808234,18,C.D. VICALVARO,C.D. VICALVARO 'C'
13551224,18,C.D.E. ACADEMIA DE FUTBOL ALCOBENDAS,C.D.E. ACADEMIA DE FUTBOL ALCOBENDAS 'C'
11596033,18,C.D.E. AMISTAD ALCORCON,C.D.E. AMISTAD ALCORCON 'B'
24020855,18,C.D.E. AUPA - MENTEMA BOADILLA,C.D.E. AUPA - MENTEMA BOADILLA 'A'
12234122,18,C.D.E. AUPA - MENTEMA BOADILLA,C.D.E. AUPA - MENTEMA BOADILLA 'B'
13994362,18,C.D.E. CIUDAD DE PINTO,C.D.E. CIUDAD DE PINTO 'A'
13994377,18,C.D.E. CIUDAD DE PINTO,C.D.E. CIUDAD DE PINTO 'B'
13571511,18,C.D.E. F.P.A. LAS ROZAS,C.D.E. F.P.A. LAS ROZAS 'A'
14833344,18,C.D.E. F.P.A. LAS ROZAS,C.D.E. F.P.A. LAS ROZAS 'B'
21407795,18,C.F. AGUILAS DEL LUCERO,C.F. AGUILAS DEL LUCERO
21425672,18,C.F. CAMPO REAL 89,C.F. CAMPO REAL 89
10652016,18,C.F. INTER DE VALDEMORO,C.F. INTER DE VALDEMORO
15289274,18,C.F. MADRID RIO,C.F. MADRID RIO 'A'
15289280,18,C.F. MADRID RIO,C.F. MADRID RIO 'B'
22092088,18,CDE ACADEMIA FENIX,CDE ACADEMIA FENIX
23998346,18,CDE KROMEX-FERILAN,CDE KROMEX-FERILAN
17145084,18,CDE PINTO ACADEMY FC,CDE PINTO ACADEMY FC
23996813,18,CDE VALMES C.F.,CDE VALMES C.F.
26059293,18,CELTIC CASTILLA C.F.,CELTIC CASTILLA C.F. 'B'
15287188,18,CLUB ALAMEDA DE OSUNA,CLUB ALAMEDA DE OSUNA 'A'
22308324,18,CLUB ALAMEDA DE OSUNA,CLUB ALAMEDA DE OSUNA 'B'
24023783,18,CLUB ESCUELA DE FUTBOL CONCEPCION,CLUB ESCUELA DE FUTBOL CONCEPCION
11362487,18,CLUB SECCION DEPORTIVA DEL POZO,CLUB SECCION DEPORTIVA DEL POZO 'A'
21430710,18,CLUB SECCION DEPORTIVA DEL POZO,CLUB SECCION DEPORTIVA DEL POZO 'B'
19577010,18,DEPORTIVO CIEMPOZUELOS,DEPORTIVO CIEMPOZUELOS 'A'
20840184,18,DEPORTIVO CIEMPOZUELOS,DEPORTIVO CIEMPOZUELOS 'B'
10339297,18,E.D. MORATALAZ,E.D. MORATALAZ 'A'
10339298,18,E.D. MORATALAZ,E.D. MORATALAZ 'B'
25036346,18,E.D.M. SAN BLAS, E.D.M. SAN BLAS 'C'
11807182,18,E.D.M. SAN BLAS,E.D.M. SAN BLAS 'A'
22377071,18,E.D.M. SAN BLAS,E.D.M. SAN BLAS 'B'
13413109,18,E.F.M.O. BOADILLA,E.F.M.O. BOADILLA 'A'
13413110,18,E.F.M.O. BOADILLA,E.F.M.O. BOADILLA 'B'
24485773,18,E.M.F. MORALEJA DE ENMEDIO,E.M.F. MORALEJA DE ENMEDIO
12521879,18,EE PP SAN FERNANDO ESCOLAPIOS POZUELO,EE PP SAN FERNANDO ESCOLAPIOS POZUELO 'A'
12521880,18,EE PP SAN FERNANDO ESCOLAPIOS POZUELO,EE PP SAN FERNANDO ESCOLAPIOS POZUELO 'B'
11417785,18,ESC.FUT.AT. CASARRUBUELOS,ESC.FUT.AT. CASARRUBUELOS
14783680,18,ESCUELA FUTBOL MADRID SUR,ESCUELA FUTBOL MADRID SUR
-26124548,18,Equipo Casa (No asignado),Equipo Casa (No asignado)
-26137976,18,Equipo Casa (No asignado),Equipo Casa (No asignado)
15557909,18,FEPE GETAFE III, FEPE GETAFE III 'C'
26138798,18,JUVENTUD SANSE,JUVENTUD SANSE 'A'
26138800,18,JUVENTUD SANSE,JUVENTUD SANSE 'B'
26138808,18,JUVENTUD SANSE,JUVENTUD SANSE 'C'
26138813,18,JUVENTUD SANSE,JUVENTUD SANSE 'D'
26138818,18,JUVENTUD SANSE TRINITY COLLEGE,JUVENTUD SANSE TRINITY COLLEGE 'E'
26138830,18,JUVENTUD SANSE TRINITY COLLEGE,JUVENTUD SANSE TRINITY COLLEGE 'F'
10624460,18,REAL C.D. CARABANCHEL,REAL C.D. CARABANCHEL 'A'
11932897,18,REAL C.D. CARABANCHEL,REAL C.D. CARABANCHEL 'B'
11687038,18,RIVAS FUTBOL CLUB,RIVAS FUTBOL CLUB 'A'
13152939,18,RIVAS FUTBOL CLUB,RIVAS FUTBOL CLUB 'B'
13372555,18,RIVAS FUTBOL CLUB,RIVAS FUTBOL CLUB 'C'
24317961,18,S.A.D. FUNDACION C.D. LEGANES,S.A.D. FUNDACION C.D. LEGANES 'B'
24317969,18,S.A.D. FUNDACION C.D. LEGANES,S.A.D. FUNDACION C.D. LEGANES 'C'
24317972,18,S.A.D. FUNDACION C.D. LEGANES,S.A.D. FUNDACION C.D. LEGANES 'D'
10337409,18,S.A.D. FUNDACION RAYO VALLECANO,S.A.D. FUNDACION RAYO VALLECANO 'A'
10337423,18,S.A.D. FUNDACION RAYO VALLECANO,S.A.D. FUNDACION RAYO VALLECANO 'B'
11918231,18,S.A.D. FUNDACION RAYO VALLECANO,S.A.D. FUNDACION RAYO VALLECANO 'C'
22007645,18,S.A.D. FUNDACION RAYO VALLECANO,S.A.D. FUNDACION RAYO VALLECANO 'D'
13551806,18,SPORTING SEIS DE DICIEMBRE,SPORTING SEIS DE DICIEMBRE
10659997,18,U.D. ARROYOFRESNO,U.D. ARROYOFRESNO 'A'
17134851,18,U.D. ARROYOFRESNO,U.D. ARROYOFRESNO 'B'
24026293,18,U.D. SAN MARTIN DE LA VEGA,U.D. SAN MARTIN DE LA VEGA 'B'
10333047,18,U.D. SAN SEBASTIAN DE LOS REYES S.A.D.,U.D. SAN SEBASTIAN DE LOS REYES S.A.D. 'B'
15276346,18,UDMELIDAOLIMPIA,UDMELIDAOLIMPIA
11481260,18,UNION DEPORTIVA LA POVEDA,UNION DEPORTIVA LA POVEDA
11396282,18,UNION DEPORTIVA USERA,UNION DEPORTIVA USERA 'A'
25571047,18,UNION DEPORTIVA USERA,UNION DEPORTIVA USERA 'B'
14904179,17,AD A.TOLEDO OLIVOS C.F.,AD A.TOLEDO OLIVOS C.F.
13413677,17,C.D. MOSTOLES U.R.J.C.,C.D. MOSTOLES U.R.J.C. 'A'
13691796,17,C.D. SAN FERNANDO,C.D. SAN FERNANDO
21420654,17,CDE TONI KROOS ACADEMY,CDE TONI KROOS ACADEMY
10333102,17,ESCUELA DE FUTBOL DE BRUNETE,ESCUELA DE FUTBOL DE BRUNETE
13562030,17,RAYO CIUDAD ALCOBENDAS C.F.,RAYO CIUDAD ALCOBENDAS C.F. 'B'
15293951,17,S.A.D. COLEGIO SAN GABRIEL,S.A.D. COLEGIO SAN GABRIEL 'A'
15293952,17,S.A.D. COLEGIO SAN GABRIEL,S.A.D. COLEGIO SAN GABRIEL 'B'
13562239,17,S.A.D. ESPARTALES SUR,S.A.D. ESPARTALES SUR 'A'
13562240,17,S.A.D. ESPARTALES SUR,S.A.D. ESPARTALES SUR 'B'
11897713,14,A.D. COMPLUTENSE ALCALA,A.D. COMPLUTENSE ALCALA 'A'
11897714,14,A.D. COMPLUTENSE ALCALA,A.D. COMPLUTENSE ALCALA 'B'
12737159,14,A.D. COMPLUTENSE ALCALA,A.D. COMPLUTENSE ALCALA 'C'
10661902,14,A.D. HENARES D.IV,A.D. HENARES D.IV
11818046,14,A.D. NAYA,A.D. NAYA 
10656708,14,A.D. NUEVO BAZTAN,A.D. NUEVO BAZTAN
17138023,14,ALCOBENDAS C.F.,ALCOBENDAS C.F. 'B'
23387186,14,ALCOBENDAS C.F.,ALCOBENDAS C.F. 'C'
14107270,14,ATLETICO CHOPERA ALCOBENDAS 04,ATLETICO CHOPERA ALCOBENDAS 04 'C'
14107315,14,ATLETICO CHOPERA ALCOBENDAS 04,ATLETICO CHOPERA ALCOBENDAS 04 'D'
11872127,14,ATLETICO LA GARENA,ATLETICO LA GARENA
12467526,14,C.D. AVANCE,C.D. AVANCE
10400960,14,C.D. ESTUDIANTES LAS TABLAS,C.D. ESTUDIANTES LAS TABLAS 'B'
17122632,14,C.D. PUERTA DE MADRID,C.D. PUERTA DE MADRID
10644572,14,C.D. SEK EL CASTILLO,C.D. SEK EL CASTILLO
13551222,14,C.D.E. ACADEMIA DE FUTBOL ALCOBENDAS,C.D.E. ACADEMIA DE FUTBOL ALCOBENDAS 'A'
13551223,14,C.D.E. ACADEMIA DE FUTBOL ALCOBENDAS,C.D.E. ACADEMIA DE FUTBOL ALCOBENDAS 'B'
21409829,14,C.F. RAYO ENSANCHE,C.F. RAYO ENSANCHE
11959644,14,C.F.D. FUTURO SAN FRANCISCO,C.F.D. FUTURO SAN FRANCISCO
25463076,14,CD DV7 MADRID,CD DV7 MADRID
12521881,14,EE PP SAN FERNANDO ESCOLAPIOS POZUELO,EE PP SAN FERNANDO ESCOLAPIOS POZUELO 'C'
19682714,14,EE PP SAN FERNANDO ESCOLAPIOS POZUELO,EE PP SAN FERNANDO ESCOLAPIOS POZUELO 'D'
