season,season_id,category_base,category_label_raw,is_femenino,division_level,competition,competition_id,phase_label,game_type,game_type_id,source_url,scraped_at
2024-2025,20,OTHER,SEGUNDA FEDERACION,False,SEGUNDA,COPA RFEF FASE AUTONÓMICA,21661439,regular_season,Futbol-11,1,https://www.rffm.es/api/competitions?temporada=20&tipojuego=1,2026-08-02T22:38:12.529831+00:00
2024-2025,20,OTHER,SEGUNDA FEDERACION,False,SEGUNDA,FINAL COPA RFEF FASE AUTONÓMICA,21911601,regular_season,Futbol-11,1,https://www.rffm.es/api/competitions?temporada=20&tipojuego=1,2026-08-02T22:38:12.531580+00:00
2024-2025,20,OTHER,TERCERA FEDERACION,False,TERCERA FEDERACION,PLAY OFF TERCERA FEDERACION,23970451,regular_season,Futbol-11,1,https://www.rffm.es/api/competitions?temporada=20&tipojuego=1,2026-08-02T22:38:12.532881+00:00
2024-2025,20,OTHER,TERCERA FEDERACION,False,TERCERA FEDERACION,TERCERA FEDERACION RFEF,21434284,regular_season,Futbol-11,1,https://www.rffm.es/api/competitions?temporada=20&tipojuego=1,2026-08-02T22:38:12.536156+00:00
2024-2025,20,AFICIONADO,PRIMERA DIVISION AUTONOMICA AFICIONADO,False,PRIMERA DIVISION AUTONOMICA,COPA RFFM PRIMERA DIVISION AUTONOMICA AFICIONADOS,21661375,regular_season,Futbol-11,1,https://www.rffm.es/api/competitions?temporada=20&tipojuego=1,2026-08-02T22:38:12.536980+00:00
2024-2025,20,AFICIONADO,PRIMERA DIVISION AUTONOMICA AFICIONADO,False,PRIMERA DIVISION AUTONOMICA,FASE FINAL COPA DE AFICIONADOS RFFM TEMP 2024/25,23878660,phase fase final,Futbol-11,1,https://www.rffm.es/api/competitions?temporada=20&tipojuego=1,2026-08-02T22:38:12.538411+00:00
2024-2025,20,AFICIONADO,PRIMERA DIVISION AUTONOMICA AFICIONADO,False,PRIMERA DIVISION AUTONOMICA,FINAL COPA PRIMERA DIVISION AUTONOMICA AFICIONADO RFFM,22132206,regular_season,Futbol-11,1,https://www.rffm.es/api/competitions?temporada=20&tipojuego=1,2026-08-02T22:38:12.539497+00:00
2024-2025,20,AFICIONADO,PRIMERA DIVISION AUTONOMICA AFICIONADO,False,PRIMERA DIVISION AUTONOMICA,PRIMERA DIVISION AUTONOMICA AFICIONADO,21433676,regular_season,Futbol-11,1,https://www.rffm.es/api/competitions?temporada=20&tipojuego=1,2026-08-02T22:38:12.540110+00:00
2024-2025,20,AFICIONADO,PREFERENTE AFICIONADO,False,PREFERENTE,PREFERENTE AFICIONADO,21433679,regular_season,Futbol-11,1,https://www.rffm.es/api/competitions?temporada=20&tipojuego=1,2026-08-02T22:38:12.540999+00:00
2024-2025,20,AFICIONADO,PRIMERA AFICIONADO,False,PRIMERA,PRIMERA AFICIONADO,21433684,regular_season,Futbol-11,1,https://www.rffm.es/api/competitions?temporada=20&tipojuego=1,2026-08-02T22:38:12.543900+00:00
2024-2025,20,AFICIONADO,SEGUNDA AFICIONADO,False,SEGUNDA,COPA DE AFICIONADOS RFFM TEMP 24/25,22863784,regular_season,Futbol-11,1,https://www.rffm.es/api/competitions?temporada=20&tipojuego=1,2026-08-02T22:38:17.443493+00:00
2024-2025,20,AFICIONADO,SEGUNDA AFICIONADO,False,SEGUNDA,SEGUNDA AFICIONADO,21433693,regular_season,Futbol-11,1,https://www.rffm.es/api/competitions?temporada=20&tipojuego=1,2026-08-02T22:38:18.760559+00:00
2024-2025,20,JUVENIL,LIGA NACIONAL JUVENIL,False,LIGA NACIONAL,NACIONAL JUVENIL,21434175,regular_season,Futbol-11,1,https://www.rffm.es/api/competitions?temporada=20&tipojuego=1,2026-08-02T22:38:22.382331+00:00
2024-2025,20,JUVENIL,PRIMERA DIVISION AUTONOMICA JUVENIL,False,PRIMERA DIVISION AUTONOMICA,FINAL CAMPEON PRIMERA DIVISION AUTONOMICA JUVENIL,24001282,regular_season,Futbol-11,1,https://www.rffm.es/api/competitions?temporada=20&tipojuego=1,2026-08-02T22:38:22.462373+00:00
2024-2025,20,JUVENIL,PRIMERA DIVISION AUTONOMICA JUVENIL,False,PRIMERA DIVISION AUTONOMICA,PRIMERA DIVISION AUTONOMICA JUVENIL,21433714,regular_season,Futbol-11,1,https://www.rffm.es/api/competitions?temporada=20&tipojuego=1,2026-08-02T22:38:23.123991+00:00
2024-2025,20,JUVENIL,PREFERENTE JUVENIL,False,PREFERENTE,PREFERENTE JUVENIL,21433717,regular_season,Futbol-11,1,https://www.rffm.es/api/competitions?temporada=20&tipojuego=1,2026-08-02T22:38:23.281534+00:00
2024-2025,20,JUVENIL,PRIMERA JUVENIL,False,PRIMERA,PRIMERA JUVENIL,21433723,regular_season,Futbol-11,1,https://www.rffm.es/api/competitions?temporada=20&tipojuego=1,2026-08-02T22:38:24.445023+00:00
2024-2025,20,JUVENIL,SEGUNDA JUVENIL,False,SEGUNDA,SEGUNDA JUVENIL,21433734,regular_season,Futbol-11,1,https://www.rffm.es/api/competitions?temporada=20&tipojuego=1,2026-08-02T22:38:27.049419+00:00
2024-2025,20,CADETE,SUPERLIGA CADETE,False,SUPERLIGA,SUPERLIGA CADETE,21434098,regular_season,Futbol-11,1,https://www.rffm.es/api/competitions?temporada=20&tipojuego=1,2026-08-02T22:38:57.665327+00:00
2024-2025,20,CADETE,DIVISION DE HONOR CADETE,False,DIVISION DE HONOR,DIVISION DE HONOR CADETE,21434105,regular_season,Futbol-11,1,https://www.rffm.es/api/competitions?temporada=20&tipojuego=1,2026-08-02T22:39:00.017105+00:00
2024-2025,20,CADETE,PRIMERA DIVISION AUTONOMICA CADETE,False,PRIMERA DIVISION AUTONOMICA,PRIMERA DIVISION AUTONOMICA CADETE,21433762,regular_season,Futbol-11,1,https://www.rffm.es/api/competitions?temporada=20&tipojuego=1,2026-08-02T22:39:02.026500+00:00
2024-2025,20,CADETE,PREFERENTE CADETE,False,PREFERENTE,PREFERENTE CADETE,21433767,regular_season,Futbol-11,1,https://www.rffm.es/api/competitions?temporada=20&tipojuego=1,2026-08-02T22:39:05.544273+00:00
2024-2025,20,CADETE,PRIMERA CADETE,False,PRIMERA,PRIMERA CADETE,21433776,regular_season,Futbol-11,1,https://www.rffm.es/api/competitions?temporada=20&tipojuego=1,2026-08-02T22:39:10.908231+00:00
2024-2025,20,CADETE,SEGUNDA CADETE,False,SEGUNDA,SEGUNDA CADETE,21433793,regular_season,Futbol-11,1,https://www.rffm.es/api/competitions?temporada=20&tipojuego=1,2026-08-02T22:39:27.114184+00:00
2024-2025,20,INFANTIL,SUPERLIGA INFANTIL,False,SUPERLIGA,SUPERLIGA INFANTIL,21434100,regular_season,Futbol-11,1,https://www.rffm.es/api/competitions?temporada=20&tipojuego=1,2026-08-02T22:39:44.406249+00:00
2024-2025,20,INFANTIL,DIVISION DE HONOR INFANTIL,False,DIVISION DE HONOR,DIVISION DE HONOR INFANTIL,21433833,regular_season,Futbol-11,1,https://www.rffm.es/api/competitions?temporada=20&tipojuego=1,2026-08-02T22:39:44.620436+00:00
2024-2025,20,INFANTIL,PRIMERA DIVISION AUTONOMICA INFANTIL,False,PRIMERA DIVISION AUTONOMICA,PRIMERA DIVISION AUTONOMICA INFANTIL,21433836,regular_season,Futbol-11,1,https://www.rffm.es/api/competitions?temporada=20&tipojuego=1,2026-08-02T22:39:46.730731+00:00
2024-2025,20,INFANTIL,PREFERENTE INFANTIL,False,PREFERENTE,PREFERENTE INFANTIL,21433841,regular_season,Futbol-11,1,https://www.rffm.es/api/competitions?temporada=20&tipojuego=1,2026-08-02T22:39:48.898097+00:00
2024-2025,20,INFANTIL,PRIMERA INFANTIL,False,PRIMERA,PRIMERA INFANTIL,21433850,regular_season,Futbol-11,1,https://www.rffm.es/api/competitions?temporada=20&tipojuego=1,2026-08-02T22:39:51.119037+00:00
2024-2025,20,INFANTIL,SEGUNDA INFANTIL,False,SEGUNDA,SEGUNDA INFANTIL,21433867,regular_season,Futbol-11,1,https://www.rffm.es/api/competitions?temporada=20&tipojuego=1,2026-08-02T22:39:59.121099+00:00
2024-2025,20,ALEVIN,SUPERLIGA ALEVIN,False,SUPERLIGA,SUPERLIGA ALEVIN,21434173,regular_season,Futbol-11,1,https://www.rffm.es/api/competitions?temporada=20&tipojuego=1,2026-08-02T22:40:15.071697+00:00
2024-2025,20,ALEVIN,DIVISION DE HONOR ALEVIN,False,DIVISION DE HONOR,DIVISION DE HONOR ALEVIN,21434102,regular_season,Futbol-11,1,https://www.rffm.es/api/competitions?temporada=20&tipojuego=1,2026-08-02T22:40:15.589223+00:00
2024-2025,20,ALEVIN,PRIMERA DIVISION AUTONOMICA ALEVIN,False,PRIMERA DIVISION AUTONOMICA,PRIMERA DIVISION AUTONOMICA ALEVIN,21433915,regular_season,Futbol-11,1,https://www.rffm.es/api/competitions?temporada=20&tipojuego=1,2026-08-02T22:40:16.424875+00:00
2024-2025,20,ALEVIN,PREFERENTE ALEVIN,False,PREFERENTE,PREFERENTE ALEVIN,21433920,regular_season,Futbol-11,1,https://www.rffm.es/api/competitions?temporada=20&tipojuego=1,2026-08-02T22:40:18.992492+00:00
2024-2025,20,ALEVIN,PRIMERA ALEVIN,False,PRIMERA,PRIMERA ALEVIN,21433929,regular_season,Futbol-11,1,https://www.rffm.es/api/competitions?temporada=20&tipojuego=1,2026-08-02T22:40:19.525456+00:00
2024-2025,20,VETERANOS,VETERANOS F11,False,OTHER,VETERANOS MASCULINO F11,22333432,regular_season,Futbol-11,1,https://www.rffm.es/api/competitions?temporada=20&tipojuego=1,2026-08-02T22:40:24.166045+00:00
2024-2025,20,OTHER,PRIMERA DIVISION AUTONÓMICA FEMENINO,True,PRIMERA DIVISION AUTONOMICA,PRIMERA DIVISION AUTONÓMICA FEMENINO,21663586,regular_season,Futbol-11,1,https://www.rffm.es/api/competitions?temporada=20&tipojuego=1,2026-08-02T22:40:25.149614+00:00
2024-2025,20,OTHER,PREFERENTE FUTBOL FEMENINO,True,PREFERENTE,PREFERENTE FUTBOL FEMENINO,21713698,regular_season,Futbol-11,1,https://www.rffm.es/api/competitions?temporada=20&tipojuego=1,2026-08-02T22:40:25.249482+00:00
2024-2025,20,OTHER,PRIMERA FUTBOL FEMENINO,True,PRIMERA,PRIMERA FUTBOL FEMENINO,21433941,regular_season,Futbol-11,1,https://www.rffm.es/api/competitions?temporada=20&tipojuego=1,2026-08-02T22:40:26.537449+00:00
2024-2025,20,JUVENIL,PRIMERA DIVISION AUTONOMICA FEMENINO JUVENIL,True,PRIMERA DIVISION AUTONOMICA,PRIMERA DIVISION AUTONOMICA FEMENINO JUVENIL,21705442,regular_season,Futbol-11,1,https://www.rffm.es/api/competitions?temporada=20&tipojuego=1,2026-08-02T22:40:26.757773+00:00
2024-2025,20,JUVENIL,PREFERENTE FEMENINO JUVENIL,True,PREFERENTE,PREFERENTE FEMENINO JUVENIL,21433946,regular_season,Futbol-11,1,https://www.rffm.es/api/competitions?temporada=20&tipojuego=1,2026-08-02T22:40:26.759589+00:00
2024-2025,20,JUVENIL,PRIMERA FEMENINO JUVENIL,True,PRIMERA,PRIMERA FEMENINO JUVENIL,21433948,regular_season,Futbol-11,1,https://www.rffm.es/api/competitions?temporada=20&tipojuego=1,2026-08-02T22:40:27.569638+00:00
2024-2025,20,CADETE,PRIMERA DIVISION AUTONOMICA FEMENINO CADETE,True,PRIMERA DIVISION AUTONOMICA,PRIMERA DIVISION AUTONOMICA FEMENINO CADETE,21706304,regular_season,Futbol-11,1,https://www.rffm.es/api/competitions?temporada=20&tipojuego=1,2026-08-02T22:40:28.970573+00:00
2024-2025,20,CADETE,PREFERENTE FEMENINO CADETE,True,PREFERENTE,PREFERENTE FEMENINO CADETE,21433954,regular_season,Futbol-11,1,https://www.rffm.es/api/competitions?temporada=20&tipojuego=1,2026-08-02T22:40:28.971811+00:00
2024-2025,20,CADETE,PRIMERA FEMENINO CADETE,True,PRIMERA,PRIMERA FEMENINO CADETE,21433956,regular_season,Futbol-11,1,https://www.rffm.es/api/competitions?temporada=20&tipojuego=1,2026-08-02T22:40:29.186473+00:00
2024-2025,20,OTHER,SELECCIONES TERRITORIALES,False,OTHER,CAMPEONATO NACIONAL DE SELECCIONES TERRITORIALES SUB-14,23243518,regular_season,Futbol-11,1,https://www.rffm.es/api/competitions?temporada=20&tipojuego=1,2026-08-02T22:40:34.007247+00:00
2024-2025,20,OTHER,SELECCIONES TERRITORIALES,False,OTHER,CAMPEONATO NACIONAL DE SELECCIONES TERRITORIALES SUB-16,23243484,regular_season,Futbol-11,1,https://www.rffm.es/api/competitions?temporada=20&tipojuego=1,2026-08-02T22:40:34.671441+00:00
2024-2025,20,UNIVERSITARIO,CAMPEONATO UNIVERSITARIO FEMENINO,True,CAMPEONATO UNIVERSITARIO,CAMPEONATO UNIVERSITARIO FEMENINO,21576466,regular_season,Futbol-11,1,https://www.rffm.es/api/competitions?temporada=20&tipojuego=1,2026-08-02T22:40:35.040265+00:00
2024-2025,20,UNIVERSITARIO,CAMPEONATO UNIVERSITARIO MASCULINO,False,CAMPEONATO UNIVERSITARIO,CAMPEONATO UNIVERSITARIO MASCULINO,21576264,regular_season,Futbol-11,1,https://www.rffm.es/api/competitions?temporada=20&tipojuego=1,2026-08-02T22:40:35.922590+00:00
2024-2025,20,UNIVERSITARIO,CAMPEONATO UNIVERSITARIO MASCULINO,False,CAMPEONATO UNIVERSITARIO,CAMPEONATO UNIVERSITARIO MASCULINO 2ª FASE F11,23518919,phase 2a fase,Futbol-11,1,https://www.rffm.es/api/competitions?temporada=20&tipojuego=1,2026-08-02T22:40:37.050517+00:00
2024-2025,20,ALEVIN,DIVISION DE HONOR ALEV-F7,False,DIVISION DE HONOR,DIVISION DE HONOR ALEV-F7,21433979,regular_season,Futbol-7,2,https://www.rffm.es/api/competitions?temporada=20&tipojuego=2,2026-08-02T22:40:37.711916+00:00
2024-2025,20,ALEVIN,DIVISION DE HONOR ALEV-F7,False,DIVISION DE HONOR,TORNEO DE CAMPEONES DIVISION DE HONOR ALEV-F7,23998771,playoff,Futbol-7,2,https://www.rffm.es/api/competitions?temporada=20&tipojuego=2,2026-08-02T22:40:38.008998+00:00
2024-2025,20,ALEVIN,PRIMERA DIVISION AUTONOMICA ALEV.F-7,False,PRIMERA DIVISION AUTONOMICA,PRIMERA DIVISION AUTONOMICA ALEV.F-7,21434119,regular_season,Futbol-7,2,https://www.rffm.es/api/competitions?temporada=20&tipojuego=2,2026-08-02T22:40:38.072473+00:00
2024-2025,20,ALEVIN,PRIMERA DIVISION AUTONOMICA ALEV.F-7,False,PRIMERA DIVISION AUTONOMICA,TORNEO DE CAMPEONES PRIMERA DIVISION AUTONOMICA ALEV.F-7,23998775,playoff,Futbol-7,2,https://www.rffm.es/api/competitions?temporada=20&tipojuego=2,2026-08-02T22:40:38.525208+00:00
2024-2025,20,ALEVIN,PREFERENTE ALEVIN F-7,False,PREFERENTE,PREFERENTE ALEVIN F-7,21434179,regular_season,Futbol-7,2,https://www.rffm.es/api/competitions?temporada=20&tipojuego=2,2026-08-02T22:40:38.582872+00:00
2024-2025,20,ALEVIN,PREFERENTE ALEVIN F-7,False,PREFERENTE,SEGUNDA FASE T. CAMPEONES PREFERENTE ALEVIN F-7,24014763,playoff SEGUNDA FASE,Futbol-7,2,https://www.rffm.es/api/competitions?temporada=20&tipojuego=2,2026-08-02T22:40:39.990315+00:00
2024-2025,20,ALEVIN,PREFERENTE ALEVIN F-7,False,PREFERENTE,TORNEO DE CAMPEONES PREFERENTE ALEVIN F-7,23998809,playoff,Futbol-7,2,https://www.rffm.es/api/competitions?temporada=20&tipojuego=2,2026-08-02T22:40:39.993220+00:00
2024-2025,20,ALEVIN,PRIMERA ALEVIN F-7,False,PRIMERA,FASE FINAL T. CAMPEONES PRIMERA ALEVIN F-7,24021524,playoff FASE FINAL,Futbol-7,2,https://www.rffm.es/api/competitions?temporada=20&tipojuego=2,2026-08-02T22:40:40.008238+00:00
2024-2025,20,ALEVIN,PRIMERA ALEVIN F-7,False,PRIMERA,PRIMERA ALEVIN F-7,21434188,regular_season,Futbol-7,2,https://www.rffm.es/api/competitions?temporada=20&tipojuego=2,2026-08-02T22:40:40.282405+00:00
2024-2025,20,ALEVIN,PRIMERA ALEVIN F-7,False,PRIMERA,TORNEO DE CAMPEONES PRIMERA ALEVIN F-7,24001522,playoff,Futbol-7,2,https://www.rffm.es/api/competitions?temporada=20&tipojuego=2,2026-08-02T22:40:45.728800+00:00
2024-2025,20,ALEVIN,SEGUNDA ALEVIN F-7,False,SEGUNDA,2ª FASE T. CAMPEONES SEGUNDA ALEVIN F-7,24014783,playoff 2A FASE,Futbol-7,2,https://www.rffm.es/api/competitions?temporada=20&tipojuego=2,2026-08-02T22:40:46.646271+00:00
2024-2025,20,ALEVIN,SEGUNDA ALEVIN F-7,False,SEGUNDA,FASE FINAL T. CAMPEONES SEGUNDA ALEVIN F-7,24021529,playoff FASE FINAL,Futbol-7,2,https://www.rffm.es/api/competitions?temporada=20&tipojuego=2,2026-08-02T22:40:49.080418+00:00
2024-2025,20,ALEVIN,SEGUNDA ALEVIN F-7,False,SEGUNDA,SEGUNDA ALEVIN F-7,21434124,regular_season,Futbol-7,2,https://www.rffm.es/api/competitions?temporada=20&tipojuego=2,2026-08-02T22:40:49.109389+00:00
2024-2025,20,ALEVIN,SEGUNDA ALEVIN F-7,False,SEGUNDA,SEGUNDA FASE F-7 ITINERANTES NORTE,23746349,phase segunda fase,Futbol-7,2,https://www.rffm.es/api/competitions?temporada=20&tipojuego=2,2026-08-02T22:41:02.222866+00:00
2024-2025,20,ALEVIN,SEGUNDA ALEVIN F-7,False,SEGUNDA,TORNEO DE CAMPEONES SEGUNDA ALEVIN F-7,24001574,playoff,Futbol-7,2,https://www.rffm.es/api/competitions?temporada=20&tipojuego=2,2026-08-02T22:41:03.953676+00:00
2024-2025,20,BENJAMIN,PRIMERA DIVISION AUTONOMICA BENJAMIN F7,False,PRIMERA DIVISION AUTONOMICA,PRIMERA DIVISION AUTONOMICA BENJAMIN F7,21434205,regular_season,Futbol-7,2,https://www.rffm.es/api/competitions?temporada=20&tipojuego=2,2026-08-02T22:41:06.913980+00:00
2024-2025,20,BENJAMIN,PRIMERA DIVISION AUTONOMICA BENJAMIN F7,False,PRIMERA DIVISION AUTONOMICA,SEGUNDA FASE T. CAMPEONES PRIMERA DIVISION AUTONOMICA BENJAMIN F7,24014723,playoff SEGUNDA FASE,Futbol-7,2,https://www.rffm.es/api/competitions?temporada=20&tipojuego=2,2026-08-02T22:41:08.257336+00:00
2024-2025,20,BENJAMIN,PRIMERA DIVISION AUTONOMICA BENJAMIN F7,False,PRIMERA DIVISION AUTONOMICA,TORNEO DE CAMPEONES PRIMERA DIVISION AUTONOMICA BENJAMIN F7,24001164,playoff,Futbol-7,2,https://www.rffm.es/api/competitions?temporada=20&tipojuego=2,2026-08-02T22:41:08.259794+00:00
2024-2025,20,BENJAMIN,PREFERENTE BENJAMIN F7,False,PREFERENTE,PREFERENTE BENJAMIN F7,21433982,regular_season,Futbol-7,2,https://www.rffm.es/api/competitions?temporada=20&tipojuego=2,2026-08-02T22:41:09.240468+00:00
2024-2025,20,BENJAMIN,PREFERENTE BENJAMIN F7,False,PREFERENTE,SEGUNDA FASE T. CAMPEONES PREFERENTE BENJAMIN F7,24014706,playoff SEGUNDA FASE,Futbol-7,2,https://www.rffm.es/api/competitions?temporada=20&tipojuego=2,2026-08-02T22:41:13.841970+00:00
2024-2025,20,BENJAMIN,PREFERENTE BENJAMIN F7,False,PREFERENTE,TORNEO DE CAMPEONES PREFERENTE BENJAMIN F7,24003602,playoff,Futbol-7,2,https://www.rffm.es/api/competitions?temporada=20&tipojuego=2,2026-08-02T22:41:14.490576+00:00
2024-2025,20,BENJAMIN,PRIMERA BENJAMIN F7,False,PRIMERA,2ª FASE T. CAMPEONES PRIMERA BENJAMIN F7,24014992,playoff 2A FASE,Futbol-7,2,https://www.rffm.es/api/competitions?temporada=20&tipojuego=2,2026-08-02T22:41:15.894363+00:00
2024-2025,20,BENJAMIN,PRIMERA BENJAMIN F7,False,PRIMERA,FASE FINAL T. CAMPEONES PRIMERA BENJAMIN F7,24021598,playoff FASE FINAL,Futbol-7,2,https://www.rffm.es/api/competitions?temporada=20&tipojuego=2,2026-08-02T22:41:16.730875+00:00
2024-2025,20,BENJAMIN,PRIMERA BENJAMIN F7,False,PRIMERA,PRIMERA BENJAMIN F7,21433999,regular_season,Futbol-7,2,https://www.rffm.es/api/competitions?temporada=20&tipojuego=2,2026-08-02T22:41:17.285381+00:00
2024-2025,20,BENJAMIN,PRIMERA BENJAMIN F7,False,PRIMERA,SEGUNDA FASE F7 ITINERANTE SIERRA OESTE,23793529,phase segunda fase,Futbol-7,2,https://www.rffm.es/api/competitions?temporada=20&tipojuego=2,2026-08-02T22:41:36.254872+00:00
2024-2025,20,BENJAMIN,PRIMERA BENJAMIN F7,False,PRIMERA,TORNEO DE CAMPEONES PRIMERA BENJAMIN F7,24005440,playoff,Futbol-7,2,https://www.rffm.es/api/competitions?temporada=20&tipojuego=2,2026-08-02T22:41:38.443171+00:00
2024-2025,20,PREBENJAMIN,PREFERENTE PREBENJAMIN,False,PREFERENTE,PREFERENTE PREBENJAMIN,21434069,regular_season,Futbol-7,2,https://www.rffm.es/api/competitions?temporada=20&tipojuego=2,2026-08-02T22:41:41.754902+00:00
2024-2025,20,PREBENJAMIN,PREFERENTE PREBENJAMIN,False,PREFERENTE,SEGUNDA FASE PREFERENTE PREBENJAMIN,23614805,phase segunda fase,Futbol-7,2,https://www.rffm.es/api/competitions?temporada=20&tipojuego=2,2026-08-02T22:41:44.158884+00:00
2024-2025,20,PREBENJAMIN,PREFERENTE PREBENJAMIN,False,PREFERENTE,SEGUNDA FASE T. CAMPEONES PREFERENTE PREBENJAMIN,24021443,playoff SEGUNDA FASE,Futbol-7,2,https://www.rffm.es/api/competitions?temporada=20&tipojuego=2,2026-08-02T22:41:51.361910+00:00
2024-2025,20,PREBENJAMIN,PREFERENTE PREBENJAMIN,False,PREFERENTE,TORNEO DE CAMPEONES PREFERENTE PREBENJAMIN,24003207,playoff,Futbol-7,2,https://www.rffm.es/api/competitions?temporada=20&tipojuego=2,2026-08-02T22:41:51.399235+00:00
2024-2025,20,PREBENJAMIN,PREBENJAMIN,False,PRIMERA,FASE FINAL T. CAMPEONES PRIMERA PREBENJAMIN,24021581,playoff FASE FINAL,Futbol-7,2,https://www.rffm.es/api/competitions?temporada=20&tipojuego=2,2026-08-02T22:41:52.882489+00:00
2024-2025,20,PREBENJAMIN,PREBENJAMIN,False,PRIMERA,PRIMERA PREBENJAMIN,21434214,regular_season,Futbol-7,2,https://www.rffm.es/api/competitions?temporada=20&tipojuego=2,2026-08-02T22:41:53.800928+00:00
2024-2025,20,PREBENJAMIN,PREBENJAMIN,False,PRIMERA,SEGUNDA FASE PRIMERA PREBENJAMIN,23648104,phase segunda fase,Futbol-7,2,https://www.rffm.es/api/competitions?temporada=20&tipojuego=2,2026-08-02T22:42:05.830010+00:00
2024-2025,20,PREBENJAMIN,PREBENJAMIN,False,PRIMERA,SEGUNDA FASE T. CAMPEONES PRIMERA PREBENJAMIN,24014705,playoff SEGUNDA FASE,Futbol-7,2,https://www.rffm.es/api/competitions?temporada=20&tipojuego=2,2026-08-02T22:42:28.524329+00:00
2024-2025,20,PREBENJAMIN,PREBENJAMIN,False,PRIMERA,TORNEO DE CAMPEONES PRIMERA PREBENJAMIN,24003637,playoff,Futbol-7,2,https://www.rffm.es/api/competitions?temporada=20&tipojuego=2,2026-08-02T22:42:29.231040+00:00
2024-2025,20,DEBUTANTE,DEBUTANTE,False,OTHER,III FIESTA DEL FÚTBOL DEBUTANTE,23974109,regular_season,Futbol-7,2,https://www.rffm.es/api/competitions?temporada=20&tipojuego=2,2026-08-02T22:42:34.036687+00:00
2024-2025,20,SENIOR,PRIMERA FEMENINO SENIOR F-7,True,PRIMERA,AFICIONADO - JUVENIL FEMENINO SENIOR F-7 SIERRA OESTE,23094647,regular_season,Futbol-7,2,https://www.rffm.es/api/competitions?temporada=20&tipojuego=2,2026-08-02T22:42:38.110857+00:00
2024-2025,20,SENIOR,PRIMERA FEMENINO SENIOR F-7,True,PRIMERA,PRIMERA FEMENINO SENIOR F-7,21434290,regular_season,Futbol-7,2,https://www.rffm.es/api/competitions?temporada=20&tipojuego=2,2026-08-02T22:42:38.112429+00:00
2024-2025,20,CADETE,CADETE F-7 FEMENINO,True,OTHER,CADETE F-7 FEMENINO,21970741,regular_season,Futbol-7,2,https://www.rffm.es/api/competitions?temporada=20&tipojuego=2,2026-08-02T22:42:38.125559+00:00
2024-2025,20,INFANTIL,PRIMERA DIVISION AUTONOMICA FEMENINO INFANTIL F-7,True,PRIMERA DIVISION AUTONOMICA,PRIMERA DIVISION AUTONOMICA FEMENINO INFANTIL F-7,21706440,regular_season,Futbol-7,2,https://www.rffm.es/api/competitions?temporada=20&tipojuego=2,2026-08-02T22:42:38.159726+00:00
2024-2025,20,INFANTIL,PREFERENTE FEMENINO INFANTIL F-7,True,PREFERENTE,PREFERENTE FEMENINO INFANTIL F-7,21433963,regular_season,Futbol-7,2,https://www.rffm.es/api/competitions?temporada=20&tipojuego=2,2026-08-02T22:42:38.754235+00:00
2024-2025,20,INFANTIL,PREFERENTE FEMENINO INFANTIL F-7,True,PREFERENTE,TORNEO DE CAMPEONES PREFERENTE FEMENINO INFANTIL F-7,23998767,playoff,Futbol-7,2,https://www.rffm.es/api/competitions?temporada=20&tipojuego=2,2026-08-02T22:42:38.845639+00:00
2024-2025,20,ALEVIN,PRIMERA DIVISION AUTONOMICA FEMENINO ALEVIN F-7,True,PRIMERA DIVISION AUTONOMICA,PRIMERA DIVISION AUTONOMICA FEMENINO ALEVIN F-7,21706559,regular_season,Futbol-7,2,https://www.rffm.es/api/competitions?temporada=20&tipojuego=2,2026-08-02T22:42:38.860934+00:00
2024-2025,20,ALEVIN,PREFERENTE FEMENINO ALEVIN F-7,True,PREFERENTE,PREFERENTE FEMENINO ALEVIN F-7,21433976,regular_season,Futbol-7,2,https://www.rffm.es/api/competitions?temporada=20&tipojuego=2,2026-08-02T22:42:38.872574+00:00
2024-2025,20,ALEVIN,PREFERENTE FEMENINO ALEVIN F-7,True,PREFERENTE,TORNEO DE CAMPEONES PREFERENTE FEMENINO ALEVIN F-7,23998783,playoff,Futbol-7,2,https://www.rffm.es/api/competitions?temporada=20&tipojuego=2,2026-08-02T22:42:39.589123+00:00
2024-2025,20,ALEVIN,PRIMERA FEMENINO ALEVIN F-7,True,PRIMERA,2ª FASE TORNEO CAMPEONES PRIMERA FEMENINO ALEVIN F-7,24009265,playoff 2A FASE,Futbol-7,2,https://www.rffm.es/api/competitions?temporada=20&tipojuego=2,2026-08-02T22:42:39.605814+00:00
2024-2025,20,ALEVIN,PRIMERA FEMENINO ALEVIN F-7,True,PRIMERA,PRIMERA FEMENINO ALEVIN F-7,21434108,regular_season,Futbol-7,2,https://www.rffm.es/api/competitions?temporada=20&tipojuego=2,2026-08-02T22:42:39.612047+00:00
2024-2025,20,ALEVIN,PRIMERA FEMENINO ALEVIN F-7,True,PRIMERA,SEGUNDA FASE PRIMERA FEM ALEVIN F-7,23662134,phase segunda fase,Futbol-7,2,https://www.rffm.es/api/competitions?temporada=20&tipojuego=2,2026-08-02T22:42:44.917587+00:00
2024-2025,20,ALEVIN,PRIMERA FEMENINO ALEVIN F-7,True,PRIMERA,TORNEO DE CAMPEONES PRIMERA FEMENINO ALEVIN F-7,24001192,playoff,Futbol-7,2,https://www.rffm.es/api/competitions?temporada=20&tipojuego=2,2026-08-02T22:42:48.747422+00:00
2024-2025,20,BENJAMIN,PRIMERA BENJAMIN FEMENINO F-7,True,PRIMERA,BENJAMIN FEMENINO F7,21434272,regular_season,Futbol-7,2,https://www.rffm.es/api/competitions?temporada=20&tipojuego=2,2026-08-02T22:42:48.770951+00:00
2024-2025,20,BENJAMIN,PRIMERA BENJAMIN FEMENINO F-7,True,PRIMERA,SEGUNDA FASE BENJAMIN FEM F7,23662353,phase segunda fase,Futbol-7,2,https://www.rffm.es/api/competitions?temporada=20&tipojuego=2,2026-08-02T22:42:49.747603+00:00
2024-2025,20,BENJAMIN,PRIMERA BENJAMIN FEMENINO F-7,True,PRIMERA,TORNEO DE CAMPEONES BENJAMIN FEMENINO F-7,24001174,playoff,Futbol-7,2,https://www.rffm.es/api/competitions?temporada=20&tipojuego=2,2026-08-02T22:42:51.357752+00:00
2024-2025,20,ALEVIN,FASE ZONAL 7,False,FASE ZONAL,FASE FINAL alevin SAN MARTIN DE VALDEIGLESIAS -fase de grupos- ,24016149,phase fase final,Futbol-7,2,https://www.rffm.es/api/competitions?temporada=20&tipojuego=2,2026-08-02T22:42:51.369527+00:00
2024-2025,20,ALEVIN,FASE ZONAL 7,False,FASE ZONAL,FASE FINAL alevin SAN MARTIN DE VALDEIGLESIAS -fase final- ,24016153,phase fase final,Futbol-7,2,https://www.rffm.es/api/competitions?temporada=20&tipojuego=2,2026-08-02T22:42:52.612867+00:00
2024-2025,20,BENJAMIN,FASE ZONAL 7,False,FASE ZONAL,FASE FINAL benjamin BUITRAGO -fase de grupos- ,24016640,phase fase final,Futbol-7,2,https://www.rffm.es/api/competitions?temporada=20&tipojuego=2,2026-08-02T22:42:53.855972+00:00
2024-2025,20,BENJAMIN,FASE ZONAL 7,False,FASE ZONAL,FASE FINAL benjamin BUITRAGO -fase final- ,24016643,phase fase final,Futbol-7,2,https://www.rffm.es/api/competitions?temporada=20&tipojuego=2,2026-08-02T22:42:53.897528+00:00
2024-2025,20,CADETE,FASE ZONAL 7,False,FASE ZONAL,FASE FINAL cadete NAVALAFUENTE ,24025152,phase fase final,Futbol-7,2,https://www.rffm.es/api/competitions?temporada=20&tipojuego=2,2026-08-02T22:42:54.547059+00:00
2024-2025,20,INFANTIL,FASE ZONAL 7,False,FASE ZONAL,FASE FINAL infantil NAVALAFUENTE - fase de grupos -,24025605,phase fase final,Futbol-7,2,https://www.rffm.es/api/competitions?temporada=20&tipojuego=2,2026-08-02T22:42:55.546469+00:00
2024-2025,20,INFANTIL,FASE ZONAL 7,False,FASE ZONAL,FASE FINAL infantil NAVALAFUENTE - fase final - ,24025666,phase fase final,Futbol-7,2,https://www.rffm.es/api/competitions?temporada=20&tipojuego=2,2026-08-02T22:42:55.570742+00:00
2024-2025,20,JUVENIL,FASE ZONAL 7,False,FASE ZONAL,FASE FINAL juvenil NAVALAFUENTE ,24025160,phase fase final,Futbol-7,2,https://www.rffm.es/api/competitions?temporada=20&tipojuego=2,2026-08-02T22:42:56.033601+00:00
2024-2025,20,ALEVIN,FASE ZONAL 7,False,FASE ZONAL,FASE ZONAL 3 alevín ORUSCO DE TAJUÑA -fase final- ,23964906,phase fase final,Futbol-7,2,https://www.rffm.es/api/competitions?temporada=20&tipojuego=2,2026-08-02T22:42:56.047851+00:00
2024-2025,20,ALEVIN,FASE ZONAL 7,False,FASE ZONAL,FASE ZONAL 3 alevín ORUSCO DE TAJUÑA -fase grupos- ,23964897,regular_season,Futbol-7,2,https://www.rffm.es/api/competitions?temporada=20&tipojuego=2,2026-08-02T22:42:57.262644+00:00
2024-2025,20,BENJAMIN,FASE ZONAL 7,False,FASE ZONAL,FASE ZONAL 3 benjamin CHINCHON,23938107,regular_season,Futbol-7,2,https://www.rffm.es/api/competitions?temporada=20&tipojuego=2,2026-08-02T22:42:57.829764+00:00
2024-2025,20,BENJAMIN,FASE ZONAL 7,False,FASE ZONAL,FASE ZONAL 3 benjamin TORREJON,23972611,regular_season,Futbol-7,2,https://www.rffm.es/api/competitions?temporada=20&tipojuego=2,2026-08-02T22:42:57.844200+00:00
2024-2025,20,ALEVIN,FASE ZONAL 7,False,FASE ZONAL,FASE ZONAL 4 alevín EL ESCORIAL -fase final- ,23998978,phase fase final,Futbol-7,2,https://www.rffm.es/api/competitions?temporada=20&tipojuego=2,2026-08-02T22:42:57.856729+00:00
2024-2025,20,ALEVIN,FASE ZONAL 7,False,FASE ZONAL,FASE ZONAL 4 alevín EL ESCORIAL -fase grupos- ,23998965,regular_season,Futbol-7,2,https://www.rffm.es/api/competitions?temporada=20&tipojuego=2,2026-08-02T22:42:58.851322+00:00
2024-2025,20,BENJAMIN,FASE ZONAL 7,False,FASE ZONAL,FASE ZONAL 4 benjamin LAS ROZAS -fase final- ,23941343,phase fase final,Futbol-7,2,https://www.rffm.es/api/competitions?temporada=20&tipojuego=2,2026-08-02T22:42:58.945104+00:00
2024-2025,20,BENJAMIN,FASE ZONAL 7,False,FASE ZONAL,FASE ZONAL 4 benjamin LAS ROZAS -fase grupos-,23941315,regular_season,Futbol-7,2,https://www.rffm.es/api/competitions?temporada=20&tipojuego=2,2026-08-02T22:42:59.347884+00:00
2024-2025,20,CADETE,FASE ZONAL 7,False,FASE ZONAL,FASE ZONAL 4 cadete VVA DE LA CAÑADA -fase final- ,24005228,phase fase final,Futbol-7,2,https://www.rffm.es/api/competitions?temporada=20&tipojuego=2,2026-08-02T22:42:59.733182+00:00
2024-2025,20,CADETE,FASE ZONAL 7,False,FASE ZONAL,FASE ZONAL 4 cadete VVA DE LA CAÑADA -fase grupos- ,24003644,regular_season,Futbol-7,2,https://www.rffm.es/api/competitions?temporada=20&tipojuego=2,2026-08-02T22:43:00.775351+00:00
2024-2025,20,INFANTIL,FASE ZONAL 7,False,FASE ZONAL,FASE ZONAL 4 infantil NAVALCARNERO -fase final- ,23957048,phase fase final,Futbol-7,2,https://www.rffm.es/api/competitions?temporada=20&tipojuego=2,2026-08-02T22:43:00.797730+00:00
2024-2025,20,INFANTIL,FASE ZONAL 7,False,FASE ZONAL,FASE ZONAL 4 infantil NAVALCARNERO -fase grupos- ,23957000,regular_season,Futbol-7,2,https://www.rffm.es/api/competitions?temporada=20&tipojuego=2,2026-08-02T22:43:00.813850+00:00
2024-2025,20,OTHER,TORNEO INTERCENTROS PENITENCIARIOS,False,SEGUNDA,SEGUNDA FASE XIII TORNEO INTERCENTROS PENITENCIARIOS ,23965146,phase segunda fase,Futbol-7,2,https://www.rffm.es/api/competitions?temporada=20&tipojuego=2,2026-08-02T22:43:01.543370+00:00
2024-2025,20,OTHER,TORNEO INTERCENTROS PENITENCIARIOS,False,OTHER,XIII TORNEO INTERCENTROS PENITENCIARIOS,23949946,regular_season,Futbol-7,2,https://www.rffm.es/api/competitions?temporada=20&tipojuego=2,2026-08-02T22:43:02.191588+00:00
2024-2025,20,ALEVIN,FASE ZONAL SALA,False,FASE ZONAL,FASE FINAL alevin BUITRAGO FS -fase de grupos- ,24011691,phase fase final,Fútbol Sala,3,https://www.rffm.es/api/competitions?temporada=20&tipojuego=3,2026-08-02T22:43:02.713908+00:00
2024-2025,20,ALEVIN,FASE ZONAL SALA,False,FASE ZONAL,FASE FINAL alevin BUITRAGO FS -fase final- ,24011714,phase fase final,Fútbol Sala,3,https://www.rffm.es/api/competitions?temporada=20&tipojuego=3,2026-08-02T22:43:03.686719+00:00
2024-2025,20,BENJAMIN,FASE ZONAL SALA,False,FASE ZONAL,FASE FINAL benjamin TORRELAGUNA/EL BERRUECO FS -fase de grupos- ,24016897,phase fase final,Fútbol Sala,3,https://www.rffm.es/api/competitions?temporada=20&tipojuego=3,2026-08-02T22:43:03.758175+00:00
2024-2025,20,BENJAMIN,FASE ZONAL SALA,False,FASE ZONAL,FASE FINAL benjamin TORRELAGUNA/EL BERRUECO FS -fase final- ,24016902,phase fase final,Fútbol Sala,3,https://www.rffm.es/api/competitions?temporada=20&tipojuego=3,2026-08-02T22:43:04.691345+00:00
2024-2025,20,CADETE,FASE ZONAL SALA,False,FASE ZONAL,FASE FINAL cadete PINTO FS -fase de grupos- ,24025934,phase fase final,Fútbol Sala,3,https://www.rffm.es/api/competitions?temporada=20&tipojuego=3,2026-08-02T22:43:05.349344+00:00
2024-2025,20,CADETE,FASE ZONAL SALA,False,FASE ZONAL,FASE FINAL cadete PINTO FS -fase final- ,24025959,phase fase final,Fútbol Sala,3,https://www.rffm.es/api/competitions?temporada=20&tipojuego=3,2026-08-02T22:43:05.885921+00:00
2024-2025,20,INFANTIL,FASE ZONAL SALA,False,FASE ZONAL,FASE FINAL infantil BERRUECO/TORRELAGUNA FS -fase de grupos- ,24016687,phase fase final,Fútbol Sala,3,https://www.rffm.es/api/competitions?temporada=20&tipojuego=3,2026-08-02T22:43:06.613137+00:00
2024-2025,20,INFANTIL,FASE ZONAL SALA,False,FASE ZONAL,FASE FINAL infantil BERRUECO/TORRELAGUNA FS -fase final- ,24016704,phase fase final,Fútbol Sala,3,https://www.rffm.es/api/competitions?temporada=20&tipojuego=3,2026-08-02T22:43:07.350161+00:00
2024-2025,20,JUVENIL,FASE ZONAL SALA,False,FASE ZONAL,FASE FINAL juvenil NAVALAFUENTE/GUADALIX FS -fase de grupos- ,24011686,phase fase final,Fútbol Sala,3,https://www.rffm.es/api/competitions?temporada=20&tipojuego=3,2026-08-02T22:43:07.864650+00:00
2024-2025,20,JUVENIL,FASE ZONAL SALA,False,FASE ZONAL,FASE FINAL juvenil NAVALAFUENTE/GUADALIX FS -fase final- ,24012243,phase fase final,Fútbol Sala,3,https://www.rffm.es/api/competitions?temporada=20&tipojuego=3,2026-08-02T22:43:07.901320+00:00
2024-2025,20,ALEVIN,FASE ZONAL SALA,False,FASE ZONAL,FASE ZONAL 2 alevin CABANILLAS DE LA SIERRA - fase de grupos-,23962092,regular_season,Fútbol Sala,3,https://www.rffm.es/api/competitions?temporada=20&tipojuego=3,2026-08-02T22:43:08.811149+00:00
2024-2025,20,ALEVIN,FASE ZONAL SALA,False,FASE ZONAL,FASE ZONAL 2 alevin CABANILLAS DE LA SIERRA - fase final- ,23962146,phase fase final,Fútbol Sala,3,https://www.rffm.es/api/competitions?temporada=20&tipojuego=3,2026-08-02T22:43:08.999680+00:00
2024-2025,20,BENJAMIN,FASE ZONAL SALA,False,FASE ZONAL,FASE ZONAL 2 benjamin TORREJON DE ARDOZ- fase de grupos- ,23963237,regular_season,Fútbol Sala,3,https://www.rffm.es/api/competitions?temporada=20&tipojuego=3,2026-08-02T22:43:10.206058+00:00
2024-2025,20,BENJAMIN,FASE ZONAL SALA,False,FASE ZONAL,FASE ZONAL 2 benjamin TORREJON DE ARDOZ- fase final- ,23963300,phase fase final,Fútbol Sala,3,https://www.rffm.es/api/competitions?temporada=20&tipojuego=3,2026-08-02T22:43:10.244394+00:00
2024-2025,20,INFANTIL,FASE ZONAL SALA,False,FASE ZONAL,FASE ZONAL 2 infantil VELILLA - fase final- ,23972750,phase fase final,Fútbol Sala,3,https://www.rffm.es/api/competitions?temporada=20&tipojuego=3,2026-08-02T22:43:10.934332+00:00
2024-2025,20,INFANTIL,FASE ZONAL SALA,False,FASE ZONAL,FASE ZONAL 2 infantil VELILLA - fase grupos- ,23972742,regular_season,Fútbol Sala,3,https://www.rffm.es/api/competitions?temporada=20&tipojuego=3,2026-08-02T22:43:12.079394+00:00
2024-2025,20,ALEVIN,FASE ZONAL SALA,False,FASE ZONAL,FASE ZONAL 3 alevin MORATA DE TAJUÑA - fase de grupos- ,23963731,regular_season,Fútbol Sala,3,https://www.rffm.es/api/competitions?temporada=20&tipojuego=3,2026-08-02T22:43:12.445557+00:00
2024-2025,20,ALEVIN,FASE ZONAL SALA,False,FASE ZONAL,FASE ZONAL 3 alevin MORATA DE TAJUÑA - fase final- ,23963832,phase fase final,Fútbol Sala,3,https://www.rffm.es/api/competitions?temporada=20&tipojuego=3,2026-08-02T22:43:12.454576+00:00
2024-2025,20,BENJAMIN,FASE ZONAL SALA,False,FASE ZONAL,FASE ZONAL 3 benjamin PARLA - fase final- ,23972575,phase fase final,Fútbol Sala,3,https://www.rffm.es/api/competitions?temporada=20&tipojuego=3,2026-08-02T22:43:13.116683+00:00
2024-2025,20,BENJAMIN,FASE ZONAL SALA,False,FASE ZONAL,FASE ZONAL 3 benjamin PARLA - fase grupos- ,23972562,regular_season,Fútbol Sala,3,https://www.rffm.es/api/competitions?temporada=20&tipojuego=3,2026-08-02T22:43:14.135906+00:00
2024-2025,20,INFANTIL,FASE ZONAL SALA,False,FASE ZONAL,FASE ZONAL 3 infantil TITULCIA - fase final- ,23964961,phase fase final,Fútbol Sala,3,https://www.rffm.es/api/competitions?temporada=20&tipojuego=3,2026-08-02T22:43:14.684310+00:00
2024-2025,20,INFANTIL,FASE ZONAL SALA,False,FASE ZONAL,FASE ZONAL 3 infantil TITULCIA - fase grupos- ,23964950,regular_season,Fútbol Sala,3,https://www.rffm.es/api/competitions?temporada=20&tipojuego=3,2026-08-02T22:43:15.478644+00:00
2024-2025,20,JUVENIL,FASE ZONAL SALA,False,FASE ZONAL,FASE ZONAL 3 juvenil TITULCIA,23938071,regular_season,Fútbol Sala,3,https://www.rffm.es/api/competitions?temporada=20&tipojuego=3,2026-08-02T22:43:15.527677+00:00
2024-2025,20,ALEVIN,FASE ZONAL SALA,False,FASE ZONAL,FASE ZONAL 4 alevin VVA DE LA CAÑADA - fase final- ,23964975,phase fase final,Fútbol Sala,3,https://www.rffm.es/api/competitions?temporada=20&tipojuego=3,2026-08-02T22:43:15.994488+00:00
2024-2025,20,ALEVIN,FASE ZONAL SALA,False,FASE ZONAL,FASE ZONAL 4 alevin VVA DE LA CAÑADA - fase grupos- ,23964930,regular_season,Fútbol Sala,3,https://www.rffm.es/api/competitions?temporada=20&tipojuego=3,2026-08-02T22:43:17.554165+00:00
2024-2025,20,BENJAMIN,FASE ZONAL SALA,False,FASE ZONAL,FASE ZONAL 4 benjamin BRUNETE FS -fase de grupos- ,23998991,regular_season,Fútbol Sala,3,https://www.rffm.es/api/competitions?temporada=20&tipojuego=3,2026-08-02T22:43:17.959888+00:00
2024-2025,20,BENJAMIN,FASE ZONAL SALA,False,FASE ZONAL,FASE ZONAL 4 benjamin BRUNETE FS -fase final- ,23999002,phase fase final,Fútbol Sala,3,https://www.rffm.es/api/competitions?temporada=20&tipojuego=3,2026-08-02T22:43:18.261753+00:00
2024-2025,20,CADETE,FASE ZONAL SALA,False,FASE ZONAL,FASE ZONAL 4 cadete NAVALCARNERO,23997774,regular_season,Fútbol Sala,3,https://www.rffm.es/api/competitions?temporada=20&tipojuego=3,2026-08-02T22:43:18.854621+00:00
2024-2025,20,INFANTIL,FASE ZONAL SALA,False,FASE ZONAL,FASE ZONAL 4 infantil NAVALCARNERO FS -fase de grupos-,23997803,regular_season,Fútbol Sala,3,https://www.rffm.es/api/competitions?temporada=20&tipojuego=3,2026-08-02T22:43:18.858852+00:00
2024-2025,20,INFANTIL,FASE ZONAL SALA,False,FASE ZONAL,FASE ZONAL 4 infantil NAVALCARNERO FS -fase final- ,23997822,phase fase final,Fútbol Sala,3,https://www.rffm.es/api/competitions?temporada=20&tipojuego=3,2026-08-02T22:43:19.349360+00:00
2024-2025,20,UNIVERSITARIO,Liga Universitaria Futbol Sala,False,LIGA UNIVERSITARIA,CAMPEONATO UNIVERSITARIO FEMENINO 1ª FASE FS,21635639,phase 1a fase,Fútbol Sala,3,https://www.rffm.es/api/competitions?temporada=20&tipojuego=3,2026-08-02T22:43:19.549182+00:00
2024-2025,20,UNIVERSITARIO,Liga Universitaria Futbol Sala,False,LIGA UNIVERSITARIA,CAMPEONATO UNIVERSITARIO FEMENINO 2ª FASE FS ,23490810,phase 2a fase,Fútbol Sala,3,https://www.rffm.es/api/competitions?temporada=20&tipojuego=3,2026-08-02T22:43:20.670574+00:00
2024-2025,20,UNIVERSITARIO,Liga Universitaria Futbol Sala,False,LIGA UNIVERSITARIA,CAMPEONATO UNIVERSITARIO MASCULINO 1ª FASE FS,21635601,phase 1a fase,Fútbol Sala,3,https://www.rffm.es/api/competitions?temporada=20&tipojuego=3,2026-08-02T22:43:20.992351+00:00
2024-2025,20,UNIVERSITARIO,Liga Universitaria Futbol Sala,False,LIGA UNIVERSITARIA,CAMPEONATO UNIVERSITARIO MASCULINO 2ª FASE FS,23490799,phase 2a fase,Fútbol Sala,3,https://www.rffm.es/api/competitions?temporada=20&tipojuego=3,2026-08-02T22:43:21.604301+00:00
2024-2025,20,SENIOR,PRIMERA DIVISIÓN DE FÚTBOL SALA,False,PRIMERA,TROFEO COMUNIDAD SENIOR MASCULINO FS,21694269,regular_season,Fútbol Sala,3,https://www.rffm.es/api/competitions?temporada=20&tipojuego=3,2026-08-02T22:43:21.957708+00:00
2024-2025,20,SENIOR,TERCERA DIVISIÓN DE FÚTBOL SALA,False,TERCERA,COPA SENIOR I FS,23997083,regular_season,Fútbol Sala,3,https://www.rffm.es/api/competitions?temporada=20&tipojuego=3,2026-08-02T22:43:23.483967+00:00
2024-2025,20,SENIOR,TERCERA DIVISIÓN DE FÚTBOL SALA,False,TERCERA,COPA SENIOR I FS- fase previa-,23950147,regular_season,Fútbol Sala,3,https://www.rffm.es/api/competitions?temporada=20&tipojuego=3,2026-08-02T22:43:23.520950+00:00
2024-2025,20,OTHER,TERCERA DIVISIÓN DE FÚTBOL SALA,False,TERCERA,TERCERA DIVISIÓN FS,21434279,regular_season,Fútbol Sala,3,https://www.rffm.es/api/competitions?temporada=20&tipojuego=3,2026-08-02T22:43:23.523936+00:00
2024-2025,20,OTHER,TERCERA DIVISIÓN DE FÚTBOL SALA,False,TERCERA,TERCERA DIVISIÓN PLAYOFF ASCENSO - F.S,24003382,regular_season,Fútbol Sala,3,https://www.rffm.es/api/competitions?temporada=20&tipojuego=3,2026-08-02T22:43:24.111752+00:00
2024-2025,20,AFICIONADO,PRIMERA DIVISION AUTONOMICA AFICIONADO SALA,False,PRIMERA DIVISION AUTONOMICA,PRIMERA DIVISION AUTONOMICA AFICIONADO FS,21639425,regular_season,Fútbol Sala,3,https://www.rffm.es/api/competitions?temporada=20&tipojuego=3,2026-08-02T22:43:24.284985+00:00
2024-2025,20,AFICIONADO,PREFERENTE AFICIONADO SALA,False,PREFERENTE,COPA SENIOR II FS,24003009,regular_season,Fútbol Sala,3,https://www.rffm.es/api/competitions?temporada=20&tipojuego=3,2026-08-02T22:43:24.537681+00:00
2024-2025,20,AFICIONADO,PREFERENTE AFICIONADO SALA,False,PREFERENTE,COPA SENIOR II FS - fase previa -,23950204,regular_season,Fútbol Sala,3,https://www.rffm.es/api/competitions?temporada=20&tipojuego=3,2026-08-02T22:43:24.540812+00:00
2024-2025,20,AFICIONADO,PREFERENTE AFICIONADO SALA,False,PREFERENTE,PREFERENTE AFICIONADO FS,21639447,regular_season,Fútbol Sala,3,https://www.rffm.es/api/competitions?temporada=20&tipojuego=3,2026-08-02T22:43:24.547760+00:00
2024-2025,20,AFICIONADO,PRIMERA AFICIONADO SALA,False,PRIMERA,PRIMERA AFICIONADO 1ª FASE FS,21639464,phase 1a fase,Fútbol Sala,3,https://www.rffm.es/api/competitions?temporada=20&tipojuego=3,2026-08-02T22:43:24.584589+00:00
2024-2025,20,AFICIONADO,PRIMERA AFICIONADO SALA,False,PRIMERA,PRIMERA AFICIONADO 2ª FASE FS,23486329,phase 2a fase,Fútbol Sala,3,https://www.rffm.es/api/competitions?temporada=20&tipojuego=3,2026-08-02T22:43:25.618348+00:00
2024-2025,20,JUVENIL,DIVISIÓN DE HONOR JUVENIL DE FÚTBOL SALA,False,DIVISION DE HONOR,TROFEO COMUNIDAD DIVISION HONOR JUVENIL FS ,21698618,regular_season,Fútbol Sala,3,https://www.rffm.es/api/competitions?temporada=20&tipojuego=3,2026-08-02T22:43:26.567471+00:00
2024-2025,20,JUVENIL,PREFERENTE JUVENIL SALA,False,PREFERENTE,COPA JUVENIL FS,23993401,regular_season,Fútbol Sala,3,https://www.rffm.es/api/competitions?temporada=20&tipojuego=3,2026-08-02T22:43:26.576977+00:00
2024-2025,20,JUVENIL,PREFERENTE JUVENIL SALA,False,PREFERENTE,COPA JUVENIL FS- Fase previa - ,23950272,regular_season,Fútbol Sala,3,https://www.rffm.es/api/competitions?temporada=20&tipojuego=3,2026-08-02T22:43:26.626313+00:00
2024-2025,20,JUVENIL,PREFERENTE JUVENIL SALA,False,PREFERENTE,PLAYOFF ASCENSO JUVENIL FS,24014313,regular_season,Fútbol Sala,3,https://www.rffm.es/api/competitions?temporada=20&tipojuego=3,2026-08-02T22:43:26.627282+00:00
2024-2025,20,JUVENIL,PREFERENTE JUVENIL SALA,False,PREFERENTE,PREFERENTE JUVENIL FS,21434278,regular_season,Fútbol Sala,3,https://www.rffm.es/api/competitions?temporada=20&tipojuego=3,2026-08-02T22:43:27.653905+00:00
2024-2025,20,JUVENIL,PRIMERA JUVENIL SALA,False,PRIMERA,PRIMERA JUVENIL FS,21434286,regular_season,Fútbol Sala,3,https://www.rffm.es/api/competitions?temporada=20&tipojuego=3,2026-08-02T22:43:27.659199+00:00
2024-2025,20,CADETE,PREFERENTE CADETE SALA,False,PREFERENTE,COPA CADETE - Fase previa - FS,23950376,regular_season,Fútbol Sala,3,https://www.rffm.es/api/competitions?temporada=20&tipojuego=3,2026-08-02T22:43:31.133912+00:00
2024-2025,20,CADETE,PREFERENTE CADETE SALA,False,PREFERENTE,PREFERENTE CADETE FS,21639539,regular_season,Fútbol Sala,3,https://www.rffm.es/api/competitions?temporada=20&tipojuego=3,2026-08-02T22:43:31.379769+00:00
2024-2025,20,CADETE,PRIMERA CADETE SALA,False,PRIMERA,COPA CADETE FS,23974178,regular_season,Fútbol Sala,3,https://www.rffm.es/api/competitions?temporada=20&tipojuego=3,2026-08-02T22:43:31.711884+00:00
2024-2025,20,CADETE,PRIMERA CADETE SALA,False,PRIMERA,PLAYOFF ASCENSO CADETE FS,24001543,regular_season,Fútbol Sala,3,https://www.rffm.es/api/competitions?temporada=20&tipojuego=3,2026-08-02T22:43:31.882616+00:00
2024-2025,20,CADETE,PRIMERA CADETE SALA,False,PRIMERA,PRIMERA CADETE FS,21639545,regular_season,Fútbol Sala,3,https://www.rffm.es/api/competitions?temporada=20&tipojuego=3,2026-08-02T22:43:32.231058+00:00
2024-2025,20,INFANTIL,PREFERENTE INFANTIL SALA,False,PREFERENTE,COPA INFANTIL FS,23953632,regular_season,Fútbol Sala,3,https://www.rffm.es/api/competitions?temporada=20&tipojuego=3,2026-08-02T22:43:34.584475+00:00
2024-2025,20,INFANTIL,PREFERENTE INFANTIL SALA,False,PREFERENTE,PREFERENTE INFANTIL FS,21639550,regular_season,Fútbol Sala,3,https://www.rffm.es/api/competitions?temporada=20&tipojuego=3,2026-08-02T22:43:34.811588+00:00
2024-2025,20,INFANTIL,PRIMERA INFANTIL SALA,False,PRIMERA,COPA INFANTIL plata FS,24002641,regular_season,Fútbol Sala,3,https://www.rffm.es/api/competitions?temporada=20&tipojuego=3,2026-08-02T22:43:34.813529+00:00
2024-2025,20,INFANTIL,PRIMERA INFANTIL SALA,False,PRIMERA,PLAYOFF ASCENSO INFANTIL FS,24001432,regular_season,Fútbol Sala,3,https://www.rffm.es/api/competitions?temporada=20&tipojuego=3,2026-08-02T22:43:35.042885+00:00
2024-2025,20,INFANTIL,PRIMERA INFANTIL SALA,False,PRIMERA,PRIMERA INFANTIL FS,21639558,regular_season,Fútbol Sala,3,https://www.rffm.es/api/competitions?temporada=20&tipojuego=3,2026-08-02T22:43:35.772831+00:00
2024-2025,20,ALEVIN,ALEVIN SALA,False,OTHER,ALEVIN 1ª fase FS,22011109,phase 1a fase,Fútbol Sala,3,https://www.rffm.es/api/competitions?temporada=20&tipojuego=3,2026-08-02T22:43:36.607619+00:00
2024-2025,20,ALEVIN,ALEVIN SALA,False,OTHER,ALEVIN 2ª fase FS ,23485802,phase 2a fase,Fútbol Sala,3,https://www.rffm.es/api/competitions?temporada=20&tipojuego=3,2026-08-02T22:43:38.995791+00:00
2024-2025,20,ALEVIN,ALEVIN SALA,False,OTHER,COPA ALEVIN mixto - Fase previa - ,23953066,regular_season,Fútbol Sala,3,https://www.rffm.es/api/competitions?temporada=20&tipojuego=3,2026-08-02T22:43:42.235421+00:00
2024-2025,20,ALEVIN,ALEVIN SALA,False,OTHER,COPA ALEVIN mixto FS,23971412,regular_season,Fútbol Sala,3,https://www.rffm.es/api/competitions?temporada=20&tipojuego=3,2026-08-02T22:43:42.333438+00:00
2024-2025,20,ALEVIN,ALEVIN SALA,False,OTHER,Final campeones alevin FS,23950324,playoff,Fútbol Sala,3,https://www.rffm.es/api/competitions?temporada=20&tipojuego=3,2026-08-02T22:43:42.523194+00:00
2024-2025,20,BENJAMIN,BENJAMIN SALA,False,OTHER,BENJAMIN 1ª Fase FS,22011499,phase 1a fase,Fútbol Sala,3,https://www.rffm.es/api/competitions?temporada=20&tipojuego=3,2026-08-02T22:43:42.637361+00:00
2024-2025,20,BENJAMIN,BENJAMIN SALA,False,OTHER,BENJAMIN 2ª Fase FS ,23485804,phase 2a fase,Fútbol Sala,3,https://www.rffm.es/api/competitions?temporada=20&tipojuego=3,2026-08-02T22:43:43.006077+00:00
2024-2025,20,BENJAMIN,BENJAMIN SALA,False,OTHER,COPA BENJAMIN mixto FS,23970899,regular_season,Fútbol Sala,3,https://www.rffm.es/api/competitions?temporada=20&tipojuego=3,2026-08-02T22:43:45.091412+00:00
2024-2025,20,BENJAMIN,BENJAMIN SALA,False,OTHER,COPA BENJAMIN mixto FS -fase previa-,23954657,regular_season,Fútbol Sala,3,https://www.rffm.es/api/competitions?temporada=20&tipojuego=3,2026-08-02T22:43:45.093508+00:00
2024-2025,20,BENJAMIN,BENJAMIN SALA,False,OTHER,Final campeones benjamin FS,23949894,playoff,Fútbol Sala,3,https://www.rffm.es/api/competitions?temporada=20&tipojuego=3,2026-08-02T22:43:45.104581+00:00
2024-2025,20,PREBENJAMIN,PREBENJAMIN SALA,False,OTHER,Copa Prebenjamin FS,23933152,regular_season,Fútbol Sala,3,https://www.rffm.es/api/competitions?temporada=20&tipojuego=3,2026-08-02T22:43:45.115869+00:00
2024-2025,20,PREBENJAMIN,PREBENJAMIN SALA,False,OTHER,Copa Prebenjamin FS - Fase Final-,24009892,phase fase final,Fútbol Sala,3,https://www.rffm.es/api/competitions?temporada=20&tipojuego=3,2026-08-02T22:43:45.538157+00:00
2024-2025,20,PREBENJAMIN,PREBENJAMIN SALA,False,OTHER,PREBENJAMIN FS,21434283,regular_season,Fútbol Sala,3,https://www.rffm.es/api/competitions?temporada=20&tipojuego=3,2026-08-02T22:43:46.140590+00:00
2024-2025,20,SENIOR,PRIMERA DIVISIÓN DE FÚTBOL FEMENINO SALA,True,PRIMERA,TROFEO COMUNIDAD SENIOR FEMENINO FS ,21694378,regular_season,Fútbol Sala,3,https://www.rffm.es/api/competitions?temporada=20&tipojuego=3,2026-08-02T22:43:46.147939+00:00
2024-2025,20,JUVENIL,PRIMERA DIVISION AUTONOMICA FEMENINO SALA,True,PRIMERA DIVISION AUTONOMICA,COPA SENIOR - JUVENIL FEMENINO FS ,23996985,regular_season,Fútbol Sala,3,https://www.rffm.es/api/competitions?temporada=20&tipojuego=3,2026-08-02T22:43:46.809244+00:00
2024-2025,20,JUVENIL,PRIMERA DIVISION AUTONOMICA FEMENINO SALA,True,PRIMERA DIVISION AUTONOMICA,COPA SENIOR - JUVENIL FEMENINO FS - Fase previa-,23954232,regular_season,Fútbol Sala,3,https://www.rffm.es/api/competitions?temporada=20&tipojuego=3,2026-08-02T22:43:47.707062+00:00
2024-2025,20,OTHER,PRIMERA DIVISION AUTONOMICA FEMENINO SALA,True,PRIMERA DIVISION AUTONOMICA,PRIMERA DIVISIÓN AUTONOMICA FEMENINA FS,21434277,regular_season,Fútbol Sala,3,https://www.rffm.es/api/competitions?temporada=20&tipojuego=3,2026-08-02T22:43:47.713840+00:00
2024-2025,20,OTHER,PREFERENTE FEMENINO SALA,True,PREFERENTE,PREFERENTE FEMENINO 1ª Fase FS,21434287,phase 1a fase,Fútbol Sala,3,https://www.rffm.es/api/competitions?temporada=20&tipojuego=3,2026-08-02T22:43:47.717713+00:00
2024-2025,20,JUVENIL,PREFERENTE FEMENINO SALA,True,PREFERENTE,RFFM AFICIONADOS - JUVENIL FEMENINO FS,23506141,regular_season,Fútbol Sala,3,https://www.rffm.es/api/competitions?temporada=20&tipojuego=3,2026-08-02T22:43:47.763335+00:00
2024-2025,20,JUVENIL,JUVENIL FEMENINO SALA,True,OTHER,JUVENIL FEMENINO FS,22159386,regular_season,Fútbol Sala,3,https://www.rffm.es/api/competitions?temporada=20&tipojuego=3,2026-08-02T22:43:48.530871+00:00
2024-2025,20,CADETE,CADETE FEMENINO SALA,True,OTHER,CADETE FEMENINO 1ª Fase FS,21434280,phase 1a fase,Fútbol Sala,3,https://www.rffm.es/api/competitions?temporada=20&tipojuego=3,2026-08-02T22:43:49.494610+00:00
2024-2025,20,CADETE,CADETE FEMENINO SALA,True,OTHER,CADETE FEMENINO 2ª Fase FS,23485801,phase 2a fase,Fútbol Sala,3,https://www.rffm.es/api/competitions?temporada=20&tipojuego=3,2026-08-02T22:43:49.629144+00:00
2024-2025,20,CADETE,CADETE FEMENINO SALA,True,OTHER,COPA CADETE FEMENINO FS,23975568,regular_season,Fútbol Sala,3,https://www.rffm.es/api/competitions?temporada=20&tipojuego=3,2026-08-02T22:43:49.830438+00:00
2024-2025,20,CADETE,CADETE FEMENINO SALA,True,OTHER,COPA CADETE FEMENINO FS - Fase previa - ,23954299,regular_season,Fútbol Sala,3,https://www.rffm.es/api/competitions?temporada=20&tipojuego=3,2026-08-02T22:43:49.962031+00:00
2024-2025,20,INFANTIL,INFANTIL FEMENINO SALA,True,OTHER,COPA INFANTIL FEMENINO FS ,23975786,regular_season,Fútbol Sala,3,https://www.rffm.es/api/competitions?temporada=20&tipojuego=3,2026-08-02T22:43:50.549197+00:00
2024-2025,20,INFANTIL,INFANTIL FEMENINO SALA,True,OTHER,COPA INFANTIL FEMENINO FS - Fase Previa-,23954313,regular_season,Fútbol Sala,3,https://www.rffm.es/api/competitions?temporada=20&tipojuego=3,2026-08-02T22:43:50.965892+00:00
2024-2025,20,INFANTIL,INFANTIL FEMENINO SALA,True,OTHER,INFANTIL FEMENINO 1ª Fase FS,21434281,phase 1a fase,Fútbol Sala,3,https://www.rffm.es/api/competitions?temporada=20&tipojuego=3,2026-08-02T22:43:50.986931+00:00
2024-2025,20,INFANTIL,INFANTIL FEMENINO SALA,True,OTHER,INFANTIL FEMENINO 2ª Fase FS ,23485807,phase 2a fase,Fútbol Sala,3,https://www.rffm.es/api/competitions?temporada=20&tipojuego=3,2026-08-02T22:43:51.009822+00:00
2024-2025,20,ALEVIN,ALEVIN FEMENINO SALA,True,OTHER,ALEVIN FEMENINO 1ª Fase FS,21975005,phase 1a fase,Fútbol Sala,3,https://www.rffm.es/api/competitions?temporada=20&tipojuego=3,2026-08-02T22:43:52.260136+00:00
2024-2025,20,ALEVIN,ALEVIN FEMENINO SALA,True,OTHER,ALEVIN FEMENINO 2ª Fase FS,23486198,phase 2a fase,Fútbol Sala,3,https://www.rffm.es/api/competitions?temporada=20&tipojuego=3,2026-08-02T22:43:52.693883+00:00
2024-2025,20,ALEVIN,ALEVIN FEMENINO SALA,True,OTHER,COPA ALEVIN FEMENINO FS ,23975151,regular_season,Fútbol Sala,3,https://www.rffm.es/api/competitions?temporada=20&tipojuego=3,2026-08-02T22:43:53.349440+00:00
2024-2025,20,ALEVIN,ALEVIN FEMENINO SALA,True,OTHER,COPA ALEVIN FEMENINO FS - Fase Previa- ,23954328,regular_season,Fútbol Sala,3,https://www.rffm.es/api/competitions?temporada=20&tipojuego=3,2026-08-02T22:43:53.574021+00:00
2024-2025,20,BENJAMIN,BENJAMIN FEMENINO SALA,True,OTHER,BENJAMIN FEMENINO FS,21434282,regular_season,Fútbol Sala,3,https://www.rffm.es/api/competitions?temporada=20&tipojuego=3,2026-08-02T22:43:53.613811+00:00
2024-2025,20,BENJAMIN,BENJAMIN FEMENINO SALA,True,OTHER,COPA BENJAMIN FEMENINO FS ,23954156,regular_season,Fútbol Sala,3,https://www.rffm.es/api/competitions?temporada=20&tipojuego=3,2026-08-02T22:43:53.615377+00:00
2024-2025,20,BENJAMIN,BENJAMIN FEMENINO SALA,True,OTHER,COPA BENJAMIN FEMENINO FS -Fase final-,24011501,phase fase final,Fútbol Sala,3,https://www.rffm.es/api/competitions?temporada=20&tipojuego=3,2026-08-02T22:43:54.044669+00:00
2024-2025,20,DEBUTANTE,DEBUTANTE,False,OTHER,DEBUTANTE,21434080,regular_season,Fútbol-5,4,https://www.rffm.es/api/competitions?temporada=20&tipojuego=4,2026-08-02T22:43:54.461801+00:00
2024-2025,20,DEBUTANTE,DEBUTANTE,False,SEGUNDA,SEGUNDA FASE DEBUTANTE,23873341,phase segunda fase,Fútbol-5,4,https://www.rffm.es/api/competitions?temporada=20&tipojuego=4,2026-08-02T22:43:57.646296+00:00
2024-2025,20,DEBUTANTE,DEBUTANTE,False,OTHER,TORNEO DEBUTANTE NAVIDAD 2024,23474206,regular_season,Fútbol-5,4,https://www.rffm.es/api/competitions?temporada=20&tipojuego=4,2026-08-02T22:44:01.332083+00:00
