run_id,timestamp,stage,entity_type,entity_id,source_url,http_status,success,retry_count,parser_type,raw_saved_path,message,elapsed_seconds
0a5fbd3ee8de,2026-08-03T20:47:26.859046+00:00,discovery,seasons,,https://www.rffm.es/api/seasons,200,True,0,json_api,,,0.951381457999986
0a5fbd3ee8de,2026-08-03T20:47:27.005907+00:00,discovery,game_types,,https://www.rffm.es/api/game-types,200,True,0,json_api,,,0.14678026499998964
0a5fbd3ee8de,2026-08-03T20:47:27.758026+00:00,discovery,competitions,temporada=15&tipojuego=1,https://www.rffm.es/api/competitions?temporada=15&tipojuego=1,200,True,0,json_api,,,0.7519094589999895
0a5fbd3ee8de,2026-08-03T20:47:28.508862+00:00,discovery,competitions,temporada=15&tipojuego=2,https://www.rffm.es/api/competitions?temporada=15&tipojuego=2,200,True,0,json_api,,,0.7500090469999918
0a5fbd3ee8de,2026-08-03T20:47:30.296040+00:00,discovery,competitions,temporada=15&tipojuego=3,https://www.rffm.es/api/competitions?temporada=15&tipojuego=3,200,True,0,json_api,,,1.78676961299999
0a5fbd3ee8de,2026-08-03T20:47:30.505570+00:00,discovery,competitions,temporada=15&tipojuego=4,https://www.rffm.es/api/competitions?temporada=15&tipojuego=4,200,True,0,json_api,,,0.20897458299998561
0a5fbd3ee8de,2026-08-03T20:47:31.250386+00:00,discovery,competitions,temporada=15&tipojuego=5,https://www.rffm.es/api/competitions?temporada=15&tipojuego=5,200,True,0,json_api,,,0.7446073229999968
0a5fbd3ee8de,2026-08-03T20:47:32.001085+00:00,discovery,groups,10724090,https://www.rffm.es/api/groups?competicion=10724090,200,True,0,json_api,,,0.7505783430000008
0a5fbd3ee8de,2026-08-03T20:47:32.827955+00:00,discovery,groups,10724127,https://www.rffm.es/api/groups?competicion=10724127,200,True,0,json_api,,,0.8265852920000043
0a5fbd3ee8de,2026-08-03T20:47:33.505732+00:00,discovery,groups,12198752,https://www.rffm.es/api/groups?competicion=12198752,200,True,0,json_api,,,0.6770732710000118
0a5fbd3ee8de,2026-08-03T20:47:34.243117+00:00,discovery,groups,18570195,https://www.rffm.es/api/groups?competicion=18570195,200,True,0,json_api,,,0.7372701179999979
0a5fbd3ee8de,2026-08-03T20:47:37.227405+00:00,fetch_page,group_calendario,11048233,https://www.rffm.es/competicion/calendario?temporada=15&competicion=10724090&grupo=11048233&jornada=1&tipojuego=2,200,True,0,html_next_data,,,2.9815151900000103
0a5fbd3ee8de,2026-08-03T20:47:38.160874+00:00,fetch_page,group_clasificaciones,11048233,https://www.rffm.es/competicion/clasificaciones?temporada=15&competicion=10724090&grupo=11048233&tipojuego=2,200,True,0,html_next_data,,,0.9273184689999994
0a5fbd3ee8de,2026-08-03T20:47:39.184568+00:00,fetch_page,group_calendario,11048276,https://www.rffm.es/competicion/calendario?temporada=15&competicion=10724090&grupo=11048276&jornada=1&tipojuego=2,200,True,0,html_next_data,,,1.015931299000016
0a5fbd3ee8de,2026-08-03T20:47:40.048391+00:00,fetch_page,group_clasificaciones,11048276,https://www.rffm.es/competicion/clasificaciones?temporada=15&competicion=10724090&grupo=11048276&tipojuego=2,200,True,0,html_next_data,,,0.8588742299999979
0a5fbd3ee8de,2026-08-03T20:47:41.090324+00:00,fetch_page,group_calendario,11048306,https://www.rffm.es/competicion/calendario?temporada=15&competicion=10724090&grupo=11048306&jornada=1&tipojuego=2,200,True,0,html_next_data,,,1.0351210460000004
0a5fbd3ee8de,2026-08-03T20:47:41.624793+00:00,fetch_page,group_clasificaciones,11048306,https://www.rffm.es/competicion/clasificaciones?temporada=15&competicion=10724090&grupo=11048306&tipojuego=2,200,True,0,html_next_data,,,0.5296007560000078
0a5fbd3ee8de,2026-08-03T20:47:42.650198+00:00,fetch_page,group_calendario,11048817,https://www.rffm.es/competicion/calendario?temporada=15&competicion=10724090&grupo=11048817&jornada=1&tipojuego=2,200,True,0,html_next_data,,,1.018180448999999
0a5fbd3ee8de,2026-08-03T20:47:43.186044+00:00,fetch_page,group_clasificaciones,11048817,https://www.rffm.es/competicion/clasificaciones?temporada=15&competicion=10724090&grupo=11048817&tipojuego=2,200,True,0,html_next_data,,,0.5318103719999954
0a5fbd3ee8de,2026-08-03T20:47:44.334168+00:00,fetch_page,group_calendario,11048998,https://www.rffm.es/competicion/calendario?temporada=15&competicion=10724090&grupo=11048998&jornada=1&tipojuego=2,200,True,0,html_next_data,,,1.1421141410000075
0a5fbd3ee8de,2026-08-03T20:47:44.870876+00:00,fetch_page,group_clasificaciones,11048998,https://www.rffm.es/competicion/clasificaciones?temporada=15&competicion=10724090&grupo=11048998&tipojuego=2,200,True,0,html_next_data,,,0.5322770940000225
0a5fbd3ee8de,2026-08-03T20:47:45.936890+00:00,fetch_page,group_calendario,11049066,https://www.rffm.es/competicion/calendario?temporada=15&competicion=10724090&grupo=11049066&jornada=1&tipojuego=2,200,True,0,html_next_data,,,1.0581693130000076
0a5fbd3ee8de,2026-08-03T20:47:47.249313+00:00,fetch_page,group_clasificaciones,11049066,https://www.rffm.es/competicion/clasificaciones?temporada=15&competicion=10724090&grupo=11049066&tipojuego=2,200,True,0,html_next_data,,,1.308125543000017
0a5fbd3ee8de,2026-08-03T20:47:48.303255+00:00,fetch_page,group_calendario,11049152,https://www.rffm.es/competicion/calendario?temporada=15&competicion=10724090&grupo=11049152&jornada=1&tipojuego=2,200,True,0,html_next_data,,,1.0477126719999887
0a5fbd3ee8de,2026-08-03T20:47:48.884827+00:00,fetch_page,group_clasificaciones,11049152,https://www.rffm.es/competicion/clasificaciones?temporada=15&competicion=10724090&grupo=11049152&tipojuego=2,200,True,0,html_next_data,,,0.5769327200000021
0a5fbd3ee8de,2026-08-03T20:47:50.008969+00:00,fetch_page,group_calendario,11049388,https://www.rffm.es/competicion/calendario?temporada=15&competicion=10724090&grupo=11049388&jornada=1&tipojuego=2,200,True,0,html_next_data,,,1.1171931959999881
0a5fbd3ee8de,2026-08-03T20:47:50.866748+00:00,fetch_page,group_clasificaciones,11049388,https://www.rffm.es/competicion/clasificaciones?temporada=15&competicion=10724090&grupo=11049388&tipojuego=2,200,True,0,html_next_data,,,0.8526026549999983
0a5fbd3ee8de,2026-08-03T20:47:51.841844+00:00,fetch_page,group_calendario,11049573,https://www.rffm.es/competicion/calendario?temporada=15&competicion=10724090&grupo=11049573&jornada=1&tipojuego=2,200,True,0,html_next_data,,,0.9678047870000057
0a5fbd3ee8de,2026-08-03T20:47:52.373022+00:00,fetch_page,group_clasificaciones,11049573,https://www.rffm.es/competicion/clasificaciones?temporada=15&competicion=10724090&grupo=11049573&tipojuego=2,200,True,0,html_next_data,,,0.5263149060000103
0a5fbd3ee8de,2026-08-03T20:47:53.927689+00:00,fetch_page,group_calendario,11049696,https://www.rffm.es/competicion/calendario?temporada=15&competicion=10724090&grupo=11049696&jornada=1&tipojuego=2,200,True,0,html_next_data,,,1.54710236599999
0a5fbd3ee8de,2026-08-03T20:47:55.155721+00:00,fetch_page,group_clasificaciones,11049696,https://www.rffm.es/competicion/clasificaciones?temporada=15&competicion=10724090&grupo=11049696&tipojuego=2,200,True,0,html_next_data,,,1.2238115080000114
0a5fbd3ee8de,2026-08-03T20:47:56.856234+00:00,fetch_page,group_calendario,11049797,https://www.rffm.es/competicion/calendario?temporada=15&competicion=10724090&grupo=11049797&jornada=1&tipojuego=2,200,True,0,html_next_data,,,1.6914493689999972
0a5fbd3ee8de,2026-08-03T20:47:57.595379+00:00,fetch_page,group_clasificaciones,11049797,https://www.rffm.es/competicion/clasificaciones?temporada=15&competicion=10724090&grupo=11049797&tipojuego=2,200,True,0,html_next_data,,,0.7348629260000052
0a5fbd3ee8de,2026-08-03T20:47:59.092323+00:00,fetch_page,group_calendario,11049906,https://www.rffm.es/competicion/calendario?temporada=15&competicion=10724090&grupo=11049906&jornada=1&tipojuego=2,200,True,0,html_next_data,,,1.4910412819999976
0a5fbd3ee8de,2026-08-03T20:48:00.146490+00:00,fetch_page,group_clasificaciones,11049906,https://www.rffm.es/competicion/clasificaciones?temporada=15&competicion=10724090&grupo=11049906&tipojuego=2,200,True,0,html_next_data,,,1.0493954159999817
0a5fbd3ee8de,2026-08-03T20:48:01.697307+00:00,fetch_page,group_calendario,11050323,https://www.rffm.es/competicion/calendario?temporada=15&competicion=10724090&grupo=11050323&jornada=1&tipojuego=2,200,True,0,html_next_data,,,1.5437179620000165
0a5fbd3ee8de,2026-08-03T20:48:02.626187+00:00,fetch_page,group_clasificaciones,11050323,https://www.rffm.es/competicion/clasificaciones?temporada=15&competicion=10724090&grupo=11050323&tipojuego=2,200,True,0,html_next_data,,,0.9236037569999951
0a5fbd3ee8de,2026-08-03T20:48:03.795229+00:00,fetch_page,group_calendario,11050405,https://www.rffm.es/competicion/calendario?temporada=15&competicion=10724090&grupo=11050405&jornada=1&tipojuego=2,200,True,0,html_next_data,,,1.162384971999984
0a5fbd3ee8de,2026-08-03T20:48:04.391487+00:00,fetch_page,group_clasificaciones,11050405,https://www.rffm.es/competicion/clasificaciones?temporada=15&competicion=10724090&grupo=11050405&tipojuego=2,200,True,0,html_next_data,,,0.5912632500000257
0a5fbd3ee8de,2026-08-03T20:48:05.396660+00:00,fetch_page,group_calendario,11050640,https://www.rffm.es/competicion/calendario?temporada=15&competicion=10724090&grupo=11050640&jornada=1&tipojuego=2,200,True,0,html_next_data,,,0.998114146000006
0a5fbd3ee8de,2026-08-03T20:48:05.972908+00:00,fetch_page,group_clasificaciones,11050640,https://www.rffm.es/competicion/clasificaciones?temporada=15&competicion=10724090&grupo=11050640&tipojuego=2,200,True,0,html_next_data,,,0.5716195869999865
0a5fbd3ee8de,2026-08-03T20:48:06.987507+00:00,fetch_page,group_calendario,11050706,https://www.rffm.es/competicion/calendario?temporada=15&competicion=10724090&grupo=11050706&jornada=1&tipojuego=2,200,True,0,html_next_data,,,1.0069817209999883
0a5fbd3ee8de,2026-08-03T20:48:07.510543+00:00,fetch_page,group_clasificaciones,11050706,https://www.rffm.es/competicion/clasificaciones?temporada=15&competicion=10724090&grupo=11050706&tipojuego=2,200,True,0,html_next_data,,,0.5186943719999988
0a5fbd3ee8de,2026-08-03T20:48:09.060053+00:00,fetch_page,group_calendario,11333148,https://www.rffm.es/competicion/calendario?temporada=15&competicion=10724127&grupo=11333148&jornada=1&tipojuego=2,200,True,0,html_next_data,,,1.5430333200000064
0a5fbd3ee8de,2026-08-03T20:48:10.194272+00:00,fetch_page,group_clasificaciones,11333148,https://www.rffm.es/competicion/clasificaciones?temporada=15&competicion=10724127&grupo=11333148&tipojuego=2,200,True,0,html_next_data,,,1.1296846460000154
0a5fbd3ee8de,2026-08-03T20:48:11.177699+00:00,fetch_page,group_calendario,11806058,https://www.rffm.es/competicion/calendario?temporada=15&competicion=10724127&grupo=11806058&jornada=1&tipojuego=2,200,True,0,html_next_data,,,0.976498735000007
0a5fbd3ee8de,2026-08-03T20:48:11.775462+00:00,fetch_page,group_clasificaciones,11806058,https://www.rffm.es/competicion/clasificaciones?temporada=15&competicion=10724127&grupo=11806058&tipojuego=2,200,True,0,html_next_data,,,0.5935808750000149
0a5fbd3ee8de,2026-08-03T20:48:12.903667+00:00,fetch_page,group_calendario,11806091,https://www.rffm.es/competicion/calendario?temporada=15&competicion=10724127&grupo=11806091&jornada=1&tipojuego=2,200,True,0,html_next_data,,,1.1219829810000022
0a5fbd3ee8de,2026-08-03T20:48:14.325220+00:00,fetch_page,group_clasificaciones,11806091,https://www.rffm.es/competicion/clasificaciones?temporada=15&competicion=10724127&grupo=11806091&tipojuego=2,200,True,0,html_next_data,,,1.4173321629999975
0a5fbd3ee8de,2026-08-03T20:48:16.103723+00:00,fetch_page,group_calendario,11737863,https://www.rffm.es/competicion/calendario?temporada=15&competicion=10724127&grupo=11737863&jornada=1&tipojuego=2,200,True,0,html_next_data,,,1.7718705639999826
0a5fbd3ee8de,2026-08-03T20:48:17.590513+00:00,fetch_page,group_clasificaciones,11737863,https://www.rffm.es/competicion/clasificaciones?temporada=15&competicion=10724127&grupo=11737863&tipojuego=2,200,True,0,html_next_data,,,1.4819090240000037
0a5fbd3ee8de,2026-08-03T20:48:18.658300+00:00,fetch_page,group_calendario,11806132,https://www.rffm.es/competicion/calendario?temporada=15&competicion=10724127&grupo=11806132&jornada=1&tipojuego=2,200,True,0,html_next_data,,,1.0604478949999816
0a5fbd3ee8de,2026-08-03T20:48:19.884135+00:00,fetch_page,group_clasificaciones,11806132,https://www.rffm.es/competicion/clasificaciones?temporada=15&competicion=10724127&grupo=11806132&tipojuego=2,200,True,0,html_next_data,,,1.2209074049999913
0a5fbd3ee8de,2026-08-03T20:48:21.074847+00:00,fetch_page,group_calendario,11780831,https://www.rffm.es/competicion/calendario?temporada=15&competicion=10724127&grupo=11780831&jornada=1&tipojuego=2,200,True,0,html_next_data,,,1.1827242759999876
0a5fbd3ee8de,2026-08-03T20:48:21.669362+00:00,fetch_page,group_clasificaciones,11780831,https://www.rffm.es/competicion/clasificaciones?temporada=15&competicion=10724127&grupo=11780831&tipojuego=2,200,True,0,html_next_data,,,0.5904536289999953
0a5fbd3ee8de,2026-08-03T20:48:22.694631+00:00,fetch_page,group_calendario,11780965,https://www.rffm.es/competicion/calendario?temporada=15&competicion=10724127&grupo=11780965&jornada=1&tipojuego=2,200,True,0,html_next_data,,,1.0190876059999994
0a5fbd3ee8de,2026-08-03T20:48:25.144903+00:00,fetch_page,group_clasificaciones,11780965,https://www.rffm.es/competicion/clasificaciones?temporada=15&competicion=10724127&grupo=11780965&tipojuego=2,200,True,0,html_next_data,,,2.4461790940000014
0a5fbd3ee8de,2026-08-03T20:48:26.094499+00:00,fetch_page,group_calendario,11356792,https://www.rffm.es/competicion/calendario?temporada=15&competicion=10724127&grupo=11356792&jornada=1&tipojuego=2,200,True,0,html_next_data,,,0.9432128849999799
0a5fbd3ee8de,2026-08-03T20:48:27.471981+00:00,fetch_page,group_clasificaciones,11356792,https://www.rffm.es/competicion/clasificaciones?temporada=15&competicion=10724127&grupo=11356792&tipojuego=2,200,True,0,html_next_data,,,1.3736611170000117
0a5fbd3ee8de,2026-08-03T20:48:28.853233+00:00,fetch_page,group_calendario,11356800,https://www.rffm.es/competicion/calendario?temporada=15&competicion=10724127&grupo=11356800&jornada=1&tipojuego=2,200,True,0,html_next_data,,,1.3754146910000031
0a5fbd3ee8de,2026-08-03T20:48:29.837020+00:00,fetch_page,group_clasificaciones,11356800,https://www.rffm.es/competicion/clasificaciones?temporada=15&competicion=10724127&grupo=11356800&tipojuego=2,200,True,0,html_next_data,,,0.9793129250000163
0a5fbd3ee8de,2026-08-03T20:48:30.926385+00:00,fetch_page,group_calendario,11356808,https://www.rffm.es/competicion/calendario?temporada=15&competicion=10724127&grupo=11356808&jornada=1&tipojuego=2,200,True,0,html_next_data,,,1.082122484999985
0a5fbd3ee8de,2026-08-03T20:48:32.796112+00:00,fetch_page,group_clasificaciones,11356808,https://www.rffm.es/competicion/clasificaciones?temporada=15&competicion=10724127&grupo=11356808&tipojuego=2,200,True,0,html_next_data,,,1.865042404999997
0a5fbd3ee8de,2026-08-03T20:48:34.055900+00:00,fetch_page,group_calendario,11356835,https://www.rffm.es/competicion/calendario?temporada=15&competicion=10724127&grupo=11356835&jornada=1&tipojuego=2,200,True,0,html_next_data,,,1.2529291280000052
0a5fbd3ee8de,2026-08-03T20:48:35.080379+00:00,fetch_page,group_clasificaciones,11356835,https://www.rffm.es/competicion/clasificaciones?temporada=15&competicion=10724127&grupo=11356835&tipojuego=2,200,True,0,html_next_data,,,1.019972791000015
0a5fbd3ee8de,2026-08-03T20:48:36.766849+00:00,fetch_page,group_calendario,11357368,https://www.rffm.es/competicion/calendario?temporada=15&competicion=10724127&grupo=11357368&jornada=1&tipojuego=2,200,True,0,html_next_data,,,1.6786190530000056
0a5fbd3ee8de,2026-08-03T20:48:37.452821+00:00,fetch_page,group_clasificaciones,11357368,https://www.rffm.es/competicion/clasificaciones?temporada=15&competicion=10724127&grupo=11357368&tipojuego=2,200,True,0,html_next_data,,,0.6817553569999859
0a5fbd3ee8de,2026-08-03T20:48:38.348127+00:00,fetch_page,group_calendario,11357384,https://www.rffm.es/competicion/calendario?temporada=15&competicion=10724127&grupo=11357384&jornada=1&tipojuego=2,200,True,0,html_next_data,,,0.8890633280000202
0a5fbd3ee8de,2026-08-03T20:48:39.550613+00:00,fetch_page,group_clasificaciones,11357384,https://www.rffm.es/competicion/clasificaciones?temporada=15&competicion=10724127&grupo=11357384&tipojuego=2,200,True,0,html_next_data,,,1.198386845000016
0a5fbd3ee8de,2026-08-03T20:48:40.641676+00:00,fetch_page,group_calendario,11364383,https://www.rffm.es/competicion/calendario?temporada=15&competicion=10724127&grupo=11364383&jornada=1&tipojuego=2,200,True,0,html_next_data,,,1.0848007369999948
0a5fbd3ee8de,2026-08-03T20:48:41.206163+00:00,fetch_page,group_clasificaciones,11364383,https://www.rffm.es/competicion/clasificaciones?temporada=15&competicion=10724127&grupo=11364383&tipojuego=2,200,True,0,html_next_data,,,0.5600120389999859
0a5fbd3ee8de,2026-08-03T20:48:42.384371+00:00,fetch_page,group_calendario,11364575,https://www.rffm.es/competicion/calendario?temporada=15&competicion=10724127&grupo=11364575&jornada=1&tipojuego=2,200,True,0,html_next_data,,,1.1716323549999856
0a5fbd3ee8de,2026-08-03T20:48:42.942081+00:00,fetch_page,group_clasificaciones,11364575,https://www.rffm.es/competicion/clasificaciones?temporada=15&competicion=10724127&grupo=11364575&tipojuego=2,200,True,0,html_next_data,,,0.5532574629999942
0a5fbd3ee8de,2026-08-03T20:48:44.599077+00:00,fetch_page,group_calendario,11367699,https://www.rffm.es/competicion/calendario?temporada=15&competicion=10724127&grupo=11367699&jornada=1&tipojuego=2,200,True,0,html_next_data,,,1.6498726789999978
0a5fbd3ee8de,2026-08-03T20:48:45.234681+00:00,fetch_page,group_clasificaciones,11367699,https://www.rffm.es/competicion/clasificaciones?temporada=15&competicion=10724127&grupo=11367699&tipojuego=2,200,True,0,html_next_data,,,0.6303319009999768
0a5fbd3ee8de,2026-08-03T20:48:46.188711+00:00,fetch_page,group_calendario,11367889,https://www.rffm.es/competicion/calendario?temporada=15&competicion=10724127&grupo=11367889&jornada=1&tipojuego=2,200,True,0,html_next_data,,,0.9467968639999924
0a5fbd3ee8de,2026-08-03T20:48:46.759304+00:00,fetch_page,group_clasificaciones,11367889,https://www.rffm.es/competicion/clasificaciones?temporada=15&competicion=10724127&grupo=11367889&tipojuego=2,200,True,0,html_next_data,,,0.5660183040000106
0a5fbd3ee8de,2026-08-03T20:48:47.733324+00:00,fetch_page,group_calendario,11715546,https://www.rffm.es/competicion/calendario?temporada=15&competicion=10724127&grupo=11715546&jornada=1&tipojuego=2,200,True,0,html_next_data,,,0.9663305390000119
0a5fbd3ee8de,2026-08-03T20:48:48.342536+00:00,fetch_page,group_clasificaciones,11715546,https://www.rffm.es/competicion/clasificaciones?temporada=15&competicion=10724127&grupo=11715546&tipojuego=2,200,True,0,html_next_data,,,0.6053056169999991
0a5fbd3ee8de,2026-08-03T20:48:49.427829+00:00,fetch_page,group_calendario,11446819,https://www.rffm.es/competicion/calendario?temporada=15&competicion=10724127&grupo=11446819&jornada=1&tipojuego=2,200,True,0,html_next_data,,,1.079427054000007
0a5fbd3ee8de,2026-08-03T20:48:50.010279+00:00,fetch_page,group_clasificaciones,11446819,https://www.rffm.es/competicion/clasificaciones?temporada=15&competicion=10724127&grupo=11446819&tipojuego=2,200,True,0,html_next_data,,,0.5764298660000122
0a5fbd3ee8de,2026-08-03T20:48:51.010946+00:00,fetch_page,group_calendario,11664025,https://www.rffm.es/competicion/calendario?temporada=15&competicion=10724127&grupo=11664025&jornada=1&tipojuego=2,200,True,0,html_next_data,,,0.9940925429999936
0a5fbd3ee8de,2026-08-03T20:48:51.540369+00:00,fetch_page,group_clasificaciones,11664025,https://www.rffm.es/competicion/clasificaciones?temporada=15&competicion=10724127&grupo=11664025&tipojuego=2,200,True,0,html_next_data,,,0.5253440380000143
0a5fbd3ee8de,2026-08-03T20:48:53.585925+00:00,fetch_page,group_calendario,11664079,https://www.rffm.es/competicion/calendario?temporada=15&competicion=10724127&grupo=11664079&jornada=1&tipojuego=2,200,True,0,html_next_data,,,2.039225071000004
0a5fbd3ee8de,2026-08-03T20:48:54.764847+00:00,fetch_page,group_clasificaciones,11664079,https://www.rffm.es/competicion/clasificaciones?temporada=15&competicion=10724127&grupo=11664079&tipojuego=2,200,True,0,html_next_data,,,1.1743630429999996
0a5fbd3ee8de,2026-08-03T20:48:55.760293+00:00,fetch_page,group_calendario,11781701,https://www.rffm.es/competicion/calendario?temporada=15&competicion=10724127&grupo=11781701&jornada=1&tipojuego=2,200,True,0,html_next_data,,,0.9892127460000211
0a5fbd3ee8de,2026-08-03T20:48:56.427779+00:00,fetch_page,group_clasificaciones,11781701,https://www.rffm.es/competicion/clasificaciones?temporada=15&competicion=10724127&grupo=11781701&tipojuego=2,200,True,0,html_next_data,,,0.6633215679999864
0a5fbd3ee8de,2026-08-03T20:48:58.085561+00:00,fetch_page,group_calendario,11447172,https://www.rffm.es/competicion/calendario?temporada=15&competicion=10724127&grupo=11447172&jornada=1&tipojuego=2,200,True,0,html_next_data,,,1.6503504190000058
0a5fbd3ee8de,2026-08-03T20:48:59.585062+00:00,fetch_page,group_clasificaciones,11447172,https://www.rffm.es/competicion/clasificaciones?temporada=15&competicion=10724127&grupo=11447172&tipojuego=2,200,True,0,html_next_data,,,1.4951326569999992
0a5fbd3ee8de,2026-08-03T20:49:01.269120+00:00,fetch_page,group_calendario,11447684,https://www.rffm.es/competicion/calendario?temporada=15&competicion=10724127&grupo=11447684&jornada=1&tipojuego=2,200,True,0,html_next_data,,,1.6759861030000138
0a5fbd3ee8de,2026-08-03T20:49:03.360490+00:00,fetch_page,group_clasificaciones,11447684,https://www.rffm.es/competicion/clasificaciones?temporada=15&competicion=10724127&grupo=11447684&tipojuego=2,200,True,0,html_next_data,,,2.062294056000013
0a5fbd3ee8de,2026-08-03T20:49:05.104944+00:00,fetch_page,group_calendario,11468543,https://www.rffm.es/competicion/calendario?temporada=15&competicion=10724127&grupo=11468543&jornada=1&tipojuego=2,200,True,0,html_next_data,,,1.7381794549999938
0a5fbd3ee8de,2026-08-03T20:49:06.237385+00:00,fetch_page,group_clasificaciones,11468543,https://www.rffm.es/competicion/clasificaciones?temporada=15&competicion=10724127&grupo=11468543&tipojuego=2,200,True,0,html_next_data,,,1.128072919999994
0a5fbd3ee8de,2026-08-03T20:49:07.011371+00:00,fetch_page,group_calendario,11468556,https://www.rffm.es/competicion/calendario?temporada=15&competicion=10724127&grupo=11468556&jornada=1&tipojuego=2,200,True,0,html_next_data,,,0.767266874000029
0a5fbd3ee8de,2026-08-03T20:49:07.555387+00:00,fetch_page,group_clasificaciones,11468556,https://www.rffm.es/competicion/clasificaciones?temporada=15&competicion=10724127&grupo=11468556&tipojuego=2,200,True,0,html_next_data,,,0.5398563319999994
0a5fbd3ee8de,2026-08-03T20:49:09.292368+00:00,fetch_page,group_calendario,11468761,https://www.rffm.es/competicion/calendario?temporada=15&competicion=10724127&grupo=11468761&jornada=1&tipojuego=2,200,True,0,html_next_data,,,1.7308644990000062
0a5fbd3ee8de,2026-08-03T20:49:11.332876+00:00,fetch_page,group_clasificaciones,11468761,https://www.rffm.es/competicion/clasificaciones?temporada=15&competicion=10724127&grupo=11468761&tipojuego=2,200,True,0,html_next_data,,,2.036022757000012
0a5fbd3ee8de,2026-08-03T20:49:16.114289+00:00,fetch_page,group_calendario,11468892,https://www.rffm.es/competicion/calendario?temporada=15&competicion=10724127&grupo=11468892&jornada=1&tipojuego=2,200,True,0,html_next_data,,,4.77504026500003
0a5fbd3ee8de,2026-08-03T20:49:20.150643+00:00,fetch_page,group_clasificaciones,11468892,https://www.rffm.es/competicion/clasificaciones?temporada=15&competicion=10724127&grupo=11468892&tipojuego=2,200,True,0,html_next_data,,,4.03198802899999
0a5fbd3ee8de,2026-08-03T20:49:20.996945+00:00,fetch_page,group_calendario,11518873,https://www.rffm.es/competicion/calendario?temporada=15&competicion=10724127&grupo=11518873&jornada=1&tipojuego=2,200,True,0,html_next_data,,,0.8398515650000036
0a5fbd3ee8de,2026-08-03T20:49:22.271126+00:00,fetch_page,group_clasificaciones,11518873,https://www.rffm.es/competicion/clasificaciones?temporada=15&competicion=10724127&grupo=11518873&tipojuego=2,200,True,0,html_next_data,,,1.2692383440000299
0a5fbd3ee8de,2026-08-03T20:49:23.017568+00:00,fetch_page,group_calendario,11526399,https://www.rffm.es/competicion/calendario?temporada=15&competicion=10724127&grupo=11526399&jornada=1&tipojuego=2,200,True,0,html_next_data,,,0.7400056300000415
0a5fbd3ee8de,2026-08-03T20:49:23.919522+00:00,fetch_page,group_clasificaciones,11526399,https://www.rffm.es/competicion/clasificaciones?temporada=15&competicion=10724127&grupo=11526399&tipojuego=2,200,True,0,html_next_data,,,0.8946641539999973
0a5fbd3ee8de,2026-08-03T20:49:24.767294+00:00,fetch_page,group_calendario,11526492,https://www.rffm.es/competicion/calendario?temporada=15&competicion=10724127&grupo=11526492&jornada=1&tipojuego=2,200,True,0,html_next_data,,,0.841916249999997
0a5fbd3ee8de,2026-08-03T20:49:25.361948+00:00,fetch_page,group_clasificaciones,11526492,https://www.rffm.es/competicion/clasificaciones?temporada=15&competicion=10724127&grupo=11526492&tipojuego=2,200,True,0,html_next_data,,,0.5901117020000015
0a5fbd3ee8de,2026-08-03T20:49:27.557788+00:00,fetch_page,group_calendario,11526603,https://www.rffm.es/competicion/calendario?temporada=15&competicion=10724127&grupo=11526603&jornada=1&tipojuego=2,200,True,0,html_next_data,,,2.189289943999995
0a5fbd3ee8de,2026-08-03T20:49:28.082354+00:00,fetch_page,group_clasificaciones,11526603,https://www.rffm.es/competicion/clasificaciones?temporada=15&competicion=10724127&grupo=11526603&tipojuego=2,200,True,0,html_next_data,,,0.5204388299999891
0a5fbd3ee8de,2026-08-03T20:49:29.239921+00:00,fetch_page,group_calendario,11526671,https://www.rffm.es/competicion/calendario?temporada=15&competicion=10724127&grupo=11526671&jornada=1&tipojuego=2,200,True,0,html_next_data,,,1.1513994630000184
0a5fbd3ee8de,2026-08-03T20:49:29.822211+00:00,fetch_page,group_clasificaciones,11526671,https://www.rffm.es/competicion/clasificaciones?temporada=15&competicion=10724127&grupo=11526671&tipojuego=2,200,True,0,html_next_data,,,0.5779856150000455
0a5fbd3ee8de,2026-08-03T20:49:30.871286+00:00,fetch_page,group_calendario,11526697,https://www.rffm.es/competicion/calendario?temporada=15&competicion=10724127&grupo=11526697&jornada=1&tipojuego=2,200,True,0,html_next_data,,,1.0425052979999805
0a5fbd3ee8de,2026-08-03T20:49:31.459071+00:00,fetch_page,group_clasificaciones,11526697,https://www.rffm.es/competicion/clasificaciones?temporada=15&competicion=10724127&grupo=11526697&tipojuego=2,200,True,0,html_next_data,,,0.5837135280000325
0a5fbd3ee8de,2026-08-03T20:49:33.042494+00:00,fetch_page,group_calendario,11527165,https://www.rffm.es/competicion/calendario?temporada=15&competicion=10724127&grupo=11527165&jornada=1&tipojuego=2,200,True,0,html_next_data,,,1.5766075419999765
0a5fbd3ee8de,2026-08-03T20:49:33.577727+00:00,fetch_page,group_clasificaciones,11527165,https://www.rffm.es/competicion/clasificaciones?temporada=15&competicion=10724127&grupo=11527165&tipojuego=2,200,True,0,html_next_data,,,0.5306558560000099
0a5fbd3ee8de,2026-08-03T20:49:34.938292+00:00,fetch_page,group_calendario,11527365,https://www.rffm.es/competicion/calendario?temporada=15&competicion=10724127&grupo=11527365&jornada=1&tipojuego=2,200,True,0,html_next_data,,,1.3535125010000115
0a5fbd3ee8de,2026-08-03T20:49:35.474792+00:00,fetch_page,group_clasificaciones,11527365,https://www.rffm.es/competicion/clasificaciones?temporada=15&competicion=10724127&grupo=11527365&tipojuego=2,200,True,0,html_next_data,,,0.5307517620000226
0a5fbd3ee8de,2026-08-03T20:49:36.507239+00:00,fetch_page,group_calendario,11527442,https://www.rffm.es/competicion/calendario?temporada=15&competicion=10724127&grupo=11527442&jornada=1&tipojuego=2,200,True,0,html_next_data,,,1.0259953600000244
0a5fbd3ee8de,2026-08-03T20:49:37.547071+00:00,fetch_page,group_clasificaciones,11527442,https://www.rffm.es/competicion/clasificaciones?temporada=15&competicion=10724127&grupo=11527442&tipojuego=2,200,True,0,html_next_data,,,1.0357256150000467
0a5fbd3ee8de,2026-08-03T20:49:38.640169+00:00,fetch_page,group_calendario,11528187,https://www.rffm.es/competicion/calendario?temporada=15&competicion=10724127&grupo=11528187&jornada=1&tipojuego=2,200,True,0,html_next_data,,,1.0868639450000046
0a5fbd3ee8de,2026-08-03T20:49:39.189374+00:00,fetch_page,group_clasificaciones,11528187,https://www.rffm.es/competicion/clasificaciones?temporada=15&competicion=10724127&grupo=11528187&tipojuego=2,200,True,0,html_next_data,,,0.5447385890000191
0a5fbd3ee8de,2026-08-03T20:49:40.171394+00:00,fetch_page,group_calendario,11557302,https://www.rffm.es/competicion/calendario?temporada=15&competicion=10724127&grupo=11557302&jornada=1&tipojuego=2,200,True,0,html_next_data,,,0.9748143959999993
0a5fbd3ee8de,2026-08-03T20:49:40.715059+00:00,fetch_page,group_clasificaciones,11557302,https://www.rffm.es/competicion/clasificaciones?temporada=15&competicion=10724127&grupo=11557302&tipojuego=2,200,True,0,html_next_data,,,0.539342481999995
0a5fbd3ee8de,2026-08-03T20:49:42.416867+00:00,fetch_page,group_calendario,11558193,https://www.rffm.es/competicion/calendario?temporada=15&competicion=10724127&grupo=11558193&jornada=1&tipojuego=2,200,True,0,html_next_data,,,1.6948451689999615
0a5fbd3ee8de,2026-08-03T20:49:42.952462+00:00,fetch_page,group_clasificaciones,11558193,https://www.rffm.es/competicion/clasificaciones?temporada=15&competicion=10724127&grupo=11558193&tipojuego=2,200,True,0,html_next_data,,,0.5306978450000202
0a5fbd3ee8de,2026-08-03T20:49:44.088494+00:00,fetch_page,group_calendario,11558247,https://www.rffm.es/competicion/calendario?temporada=15&competicion=10724127&grupo=11558247&jornada=1&tipojuego=2,200,True,0,html_next_data,,,1.1289762499999938
0a5fbd3ee8de,2026-08-03T20:49:45.229737+00:00,fetch_page,group_clasificaciones,11558247,https://www.rffm.es/competicion/clasificaciones?temporada=15&competicion=10724127&grupo=11558247&tipojuego=2,200,True,0,html_next_data,,,1.1361861139999974
0a5fbd3ee8de,2026-08-03T20:49:46.232016+00:00,fetch_page,group_calendario,11560604,https://www.rffm.es/competicion/calendario?temporada=15&competicion=10724127&grupo=11560604&jornada=1&tipojuego=2,200,True,0,html_next_data,,,0.995087902000023
0a5fbd3ee8de,2026-08-03T20:49:47.382660+00:00,fetch_page,group_clasificaciones,11560604,https://www.rffm.es/competicion/clasificaciones?temporada=15&competicion=10724127&grupo=11560604&tipojuego=2,200,True,0,html_next_data,,,1.1451233070000058
0a5fbd3ee8de,2026-08-03T20:49:48.195626+00:00,fetch_page,group_calendario,11825313,https://www.rffm.es/competicion/calendario?temporada=15&competicion=10724127&grupo=11825313&jornada=1&tipojuego=2,200,True,0,html_next_data,,,0.8068577039999809
0a5fbd3ee8de,2026-08-03T20:49:48.990702+00:00,fetch_page,group_clasificaciones,11825313,https://www.rffm.es/competicion/clasificaciones?temporada=15&competicion=10724127&grupo=11825313&tipojuego=2,200,True,0,html_next_data,,,0.7909291429999712
0a5fbd3ee8de,2026-08-03T20:49:49.869330+00:00,fetch_page,group_calendario,11825411,https://www.rffm.es/competicion/calendario?temporada=15&competicion=10724127&grupo=11825411&jornada=1&tipojuego=2,200,True,0,html_next_data,,,0.8723306449999768
0a5fbd3ee8de,2026-08-03T20:49:50.405390+00:00,fetch_page,group_clasificaciones,11825411,https://www.rffm.es/competicion/clasificaciones?temporada=15&competicion=10724127&grupo=11825411&tipojuego=2,200,True,0,html_next_data,,,0.5317652289999728
0a5fbd3ee8de,2026-08-03T20:49:51.495015+00:00,fetch_page,group_calendario,11825486,https://www.rffm.es/competicion/calendario?temporada=15&competicion=10724127&grupo=11825486&jornada=1&tipojuego=2,200,True,0,html_next_data,,,1.0833905869999967
0a5fbd3ee8de,2026-08-03T20:49:52.014702+00:00,fetch_page,group_clasificaciones,11825486,https://www.rffm.es/competicion/clasificaciones?temporada=15&competicion=10724127&grupo=11825486&tipojuego=2,200,True,0,html_next_data,,,0.5154029440000159
0a5fbd3ee8de,2026-08-03T20:49:53.670040+00:00,fetch_page,group_calendario,11825588,https://www.rffm.es/competicion/calendario?temporada=15&competicion=10724127&grupo=11825588&jornada=1&tipojuego=2,200,True,0,html_next_data,,,1.649263172000019
0a5fbd3ee8de,2026-08-03T20:49:54.230886+00:00,fetch_page,group_clasificaciones,11825588,https://www.rffm.es/competicion/clasificaciones?temporada=15&competicion=10724127&grupo=11825588&tipojuego=2,200,True,0,html_next_data,,,0.5563322669999593
0a5fbd3ee8de,2026-08-03T20:49:55.291159+00:00,fetch_page,group_calendario,11825675,https://www.rffm.es/competicion/calendario?temporada=15&competicion=10724127&grupo=11825675&jornada=1&tipojuego=2,200,True,0,html_next_data,,,1.0537829660000284
0a5fbd3ee8de,2026-08-03T20:49:55.839855+00:00,fetch_page,group_clasificaciones,11825675,https://www.rffm.es/competicion/clasificaciones?temporada=15&competicion=10724127&grupo=11825675&tipojuego=2,200,True,0,html_next_data,,,0.5444987609999998
0a5fbd3ee8de,2026-08-03T20:49:56.992176+00:00,fetch_page,group_calendario,11825766,https://www.rffm.es/competicion/calendario?temporada=15&competicion=10724127&grupo=11825766&jornada=1&tipojuego=2,200,True,0,html_next_data,,,1.146209263000003
0a5fbd3ee8de,2026-08-03T20:49:57.541051+00:00,fetch_page,group_clasificaciones,11825766,https://www.rffm.es/competicion/clasificaciones?temporada=15&competicion=10724127&grupo=11825766&tipojuego=2,200,True,0,html_next_data,,,0.5429342460000157
0a5fbd3ee8de,2026-08-03T20:49:59.335480+00:00,fetch_page,group_calendario,11825863,https://www.rffm.es/competicion/calendario?temporada=15&competicion=10724127&grupo=11825863&jornada=1&tipojuego=2,200,True,0,html_next_data,,,1.7872325800000226
0a5fbd3ee8de,2026-08-03T20:49:59.953071+00:00,fetch_page,group_clasificaciones,11825863,https://www.rffm.es/competicion/clasificaciones?temporada=15&competicion=10724127&grupo=11825863&tipojuego=2,200,True,0,html_next_data,,,0.6126807979999853
0a5fbd3ee8de,2026-08-03T20:50:01.121978+00:00,fetch_page,group_calendario,11565250,https://www.rffm.es/competicion/calendario?temporada=15&competicion=10724127&grupo=11565250&jornada=1&tipojuego=2,200,True,0,html_next_data,,,1.1617020850000017
0a5fbd3ee8de,2026-08-03T20:50:01.820315+00:00,fetch_page,group_clasificaciones,11565250,https://www.rffm.es/competicion/clasificaciones?temporada=15&competicion=10724127&grupo=11565250&tipojuego=2,200,True,0,html_next_data,,,0.6934618999999884
0a5fbd3ee8de,2026-08-03T20:50:03.583562+00:00,fetch_page,group_calendario,11566293,https://www.rffm.es/competicion/calendario?temporada=15&competicion=10724127&grupo=11566293&jornada=1&tipojuego=2,200,True,0,html_next_data,,,1.755960415000004
0a5fbd3ee8de,2026-08-03T20:50:04.179500+00:00,fetch_page,group_clasificaciones,11566293,https://www.rffm.es/competicion/clasificaciones?temporada=15&competicion=10724127&grupo=11566293&tipojuego=2,200,True,0,html_next_data,,,0.5908913579999648
0a5fbd3ee8de,2026-08-03T20:50:05.221369+00:00,fetch_page,group_calendario,11567169,https://www.rffm.es/competicion/calendario?temporada=15&competicion=10724127&grupo=11567169&jornada=1&tipojuego=2,200,True,0,html_next_data,,,1.034707529000002
0a5fbd3ee8de,2026-08-03T20:50:06.287392+00:00,fetch_page,group_clasificaciones,11567169,https://www.rffm.es/competicion/clasificaciones?temporada=15&competicion=10724127&grupo=11567169&tipojuego=2,200,True,0,html_next_data,,,1.0599088810000126
0a5fbd3ee8de,2026-08-03T20:50:07.430070+00:00,fetch_page,group_calendario,11567179,https://www.rffm.es/competicion/calendario?temporada=15&competicion=10724127&grupo=11567179&jornada=1&tipojuego=2,200,True,0,html_next_data,,,1.1355879200000345
0a5fbd3ee8de,2026-08-03T20:50:08.023050+00:00,fetch_page,group_clasificaciones,11567179,https://www.rffm.es/competicion/clasificaciones?temporada=15&competicion=10724127&grupo=11567179&tipojuego=2,200,True,0,html_next_data,,,0.587833508000017
0a5fbd3ee8de,2026-08-03T20:50:09.019550+00:00,fetch_page,group_calendario,11826406,https://www.rffm.es/competicion/calendario?temporada=15&competicion=10724127&grupo=11826406&jornada=1&tipojuego=2,200,True,0,html_next_data,,,0.9894204159999731
0a5fbd3ee8de,2026-08-03T20:50:09.636837+00:00,fetch_page,group_clasificaciones,11826406,https://www.rffm.es/competicion/clasificaciones?temporada=15&competicion=10724127&grupo=11826406&tipojuego=2,200,True,0,html_next_data,,,0.6111623680000093
0a5fbd3ee8de,2026-08-03T20:50:10.781905+00:00,fetch_page,group_calendario,11826539,https://www.rffm.es/competicion/calendario?temporada=15&competicion=10724127&grupo=11826539&jornada=1&tipojuego=2,200,True,0,html_next_data,,,1.138828047000004
0a5fbd3ee8de,2026-08-03T20:50:11.370433+00:00,fetch_page,group_clasificaciones,11826539,https://www.rffm.es/competicion/clasificaciones?temporada=15&competicion=10724127&grupo=11826539&tipojuego=2,200,True,0,html_next_data,,,0.5837113919999979
0a5fbd3ee8de,2026-08-03T20:50:12.665429+00:00,fetch_page,group_calendario,11826814,https://www.rffm.es/competicion/calendario?temporada=15&competicion=10724127&grupo=11826814&jornada=1&tipojuego=2,200,True,0,html_next_data,,,1.2882301719999987
0a5fbd3ee8de,2026-08-03T20:50:13.235379+00:00,fetch_page,group_clasificaciones,11826814,https://www.rffm.es/competicion/clasificaciones?temporada=15&competicion=10724127&grupo=11826814&tipojuego=2,200,True,0,html_next_data,,,0.5660111079999979
0a5fbd3ee8de,2026-08-03T20:50:14.230428+00:00,fetch_page,group_calendario,11567562,https://www.rffm.es/competicion/calendario?temporada=15&competicion=10724127&grupo=11567562&jornada=1&tipojuego=2,200,True,0,html_next_data,,,0.9891168180000136
0a5fbd3ee8de,2026-08-03T20:50:14.769202+00:00,fetch_page,group_clasificaciones,11567562,https://www.rffm.es/competicion/clasificaciones?temporada=15&competicion=10724127&grupo=11567562&tipojuego=2,200,True,0,html_next_data,,,0.5346849090000205
0a5fbd3ee8de,2026-08-03T20:50:15.769115+00:00,fetch_page,group_calendario,11567585,https://www.rffm.es/competicion/calendario?temporada=15&competicion=10724127&grupo=11567585&jornada=1&tipojuego=2,200,True,0,html_next_data,,,0.9937447140000017
0a5fbd3ee8de,2026-08-03T20:50:16.684672+00:00,fetch_page,group_clasificaciones,11567585,https://www.rffm.es/competicion/clasificaciones?temporada=15&competicion=10724127&grupo=11567585&tipojuego=2,200,True,0,html_next_data,,,0.911619394000013
0a5fbd3ee8de,2026-08-03T20:50:17.922704+00:00,fetch_page,group_calendario,11567999,https://www.rffm.es/competicion/calendario?temporada=15&competicion=10724127&grupo=11567999&jornada=1&tipojuego=2,200,True,0,html_next_data,,,1.2322498589999782
0a5fbd3ee8de,2026-08-03T20:50:19.038762+00:00,fetch_page,group_clasificaciones,11567999,https://www.rffm.es/competicion/clasificaciones?temporada=15&competicion=10724127&grupo=11567999&tipojuego=2,200,True,0,html_next_data,,,1.1116552650000244
0a5fbd3ee8de,2026-08-03T20:50:20.398797+00:00,fetch_page,group_calendario,11827055,https://www.rffm.es/competicion/calendario?temporada=15&competicion=10724127&grupo=11827055&jornada=1&tipojuego=2,200,True,0,html_next_data,,,1.3530349019999903
0a5fbd3ee8de,2026-08-03T20:50:20.977504+00:00,fetch_page,group_clasificaciones,11827055,https://www.rffm.es/competicion/clasificaciones?temporada=15&competicion=10724127&grupo=11827055&tipojuego=2,200,True,0,html_next_data,,,0.5729268160000061
0a5fbd3ee8de,2026-08-03T20:50:22.350677+00:00,fetch_page,group_calendario,11827278,https://www.rffm.es/competicion/calendario?temporada=15&competicion=10724127&grupo=11827278&jornada=1&tipojuego=2,200,True,0,html_next_data,,,1.3663740129999837
0a5fbd3ee8de,2026-08-03T20:50:22.894481+00:00,fetch_page,group_clasificaciones,11827278,https://www.rffm.es/competicion/clasificaciones?temporada=15&competicion=10724127&grupo=11827278&tipojuego=2,200,True,0,html_next_data,,,0.5395562389999782
0a5fbd3ee8de,2026-08-03T20:50:24.780635+00:00,fetch_page,group_calendario,11568264,https://www.rffm.es/competicion/calendario?temporada=15&competicion=10724127&grupo=11568264&jornada=1&tipojuego=2,200,True,0,html_next_data,,,1.8793902259999982
0a5fbd3ee8de,2026-08-03T20:50:25.380753+00:00,fetch_page,group_clasificaciones,11568264,https://www.rffm.es/competicion/clasificaciones?temporada=15&competicion=10724127&grupo=11568264&tipojuego=2,200,True,0,html_next_data,,,0.5959653909999929
0a5fbd3ee8de,2026-08-03T20:50:26.834603+00:00,fetch_page,group_calendario,11827926,https://www.rffm.es/competicion/calendario?temporada=15&competicion=10724127&grupo=11827926&jornada=1&tipojuego=2,200,True,0,html_next_data,,,1.4468596240000124
0a5fbd3ee8de,2026-08-03T20:50:27.647652+00:00,fetch_page,group_clasificaciones,11827926,https://www.rffm.es/competicion/clasificaciones?temporada=15&competicion=10724127&grupo=11827926&tipojuego=2,200,True,0,html_next_data,,,0.8088914880000289
0a5fbd3ee8de,2026-08-03T20:50:28.637570+00:00,fetch_page,group_calendario,11827542,https://www.rffm.es/competicion/calendario?temporada=15&competicion=10724127&grupo=11827542&jornada=1&tipojuego=2,200,True,0,html_next_data,,,0.9832650609999973
0a5fbd3ee8de,2026-08-03T20:50:29.195657+00:00,fetch_page,group_clasificaciones,11827542,https://www.rffm.es/competicion/clasificaciones?temporada=15&competicion=10724127&grupo=11827542&tipojuego=2,200,True,0,html_next_data,,,0.553542546000017
0a5fbd3ee8de,2026-08-03T20:50:30.196233+00:00,fetch_page,group_calendario,11568769,https://www.rffm.es/competicion/calendario?temporada=15&competicion=10724127&grupo=11568769&jornada=1&tipojuego=2,200,True,0,html_next_data,,,0.9935438869999871
0a5fbd3ee8de,2026-08-03T20:50:30.969039+00:00,fetch_page,group_clasificaciones,11568769,https://www.rffm.es/competicion/clasificaciones?temporada=15&competicion=10724127&grupo=11568769&tipojuego=2,200,True,0,html_next_data,,,0.7683829169999967
0a5fbd3ee8de,2026-08-03T20:50:31.823563+00:00,fetch_page,group_calendario,11828040,https://www.rffm.es/competicion/calendario?temporada=15&competicion=10724127&grupo=11828040&jornada=1&tipojuego=2,200,True,0,html_next_data,,,0.8476632770000379
0a5fbd3ee8de,2026-08-03T20:50:32.462032+00:00,fetch_page,group_clasificaciones,11828040,https://www.rffm.es/competicion/clasificaciones?temporada=15&competicion=10724127&grupo=11828040&tipojuego=2,200,True,0,html_next_data,,,0.6333204580000142
0a5fbd3ee8de,2026-08-03T20:50:33.603588+00:00,fetch_page,group_calendario,11599467,https://www.rffm.es/competicion/calendario?temporada=15&competicion=10724127&grupo=11599467&jornada=1&tipojuego=2,200,True,0,html_next_data,,,1.1346361950000414
0a5fbd3ee8de,2026-08-03T20:50:34.537871+00:00,fetch_page,group_clasificaciones,11599467,https://www.rffm.es/competicion/clasificaciones?temporada=15&competicion=10724127&grupo=11599467&tipojuego=2,200,True,0,html_next_data,,,0.9301246160000005
0a5fbd3ee8de,2026-08-03T20:50:35.861528+00:00,fetch_page,group_calendario,11599531,https://www.rffm.es/competicion/calendario?temporada=15&competicion=10724127&grupo=11599531&jornada=1&tipojuego=2,200,True,0,html_next_data,,,1.316674909000028
0a5fbd3ee8de,2026-08-03T20:50:36.484232+00:00,fetch_page,group_clasificaciones,11599531,https://www.rffm.es/competicion/clasificaciones?temporada=15&competicion=10724127&grupo=11599531&tipojuego=2,200,True,0,html_next_data,,,0.618518612999992
0a5fbd3ee8de,2026-08-03T20:50:37.454809+00:00,fetch_page,group_calendario,11599995,https://www.rffm.es/competicion/calendario?temporada=15&competicion=10724127&grupo=11599995&jornada=1&tipojuego=2,200,True,0,html_next_data,,,0.9637786649999498
0a5fbd3ee8de,2026-08-03T20:50:37.995654+00:00,fetch_page,group_clasificaciones,11599995,https://www.rffm.es/competicion/clasificaciones?temporada=15&competicion=10724127&grupo=11599995&tipojuego=2,200,True,0,html_next_data,,,0.535904778000031
0a5fbd3ee8de,2026-08-03T20:50:40.285169+00:00,fetch_page,group_calendario,11601706,https://www.rffm.es/competicion/calendario?temporada=15&competicion=10724127&grupo=11601706&jornada=1&tipojuego=2,200,True,0,html_next_data,,,2.2823405720000096
0a5fbd3ee8de,2026-08-03T20:50:40.825208+00:00,fetch_page,group_clasificaciones,11601706,https://www.rffm.es/competicion/clasificaciones?temporada=15&competicion=10724127&grupo=11601706&tipojuego=2,200,True,0,html_next_data,,,0.5354469549999976
0a5fbd3ee8de,2026-08-03T20:50:42.471320+00:00,fetch_page,group_calendario,11601802,https://www.rffm.es/competicion/calendario?temporada=15&competicion=10724127&grupo=11601802&jornada=1&tipojuego=2,200,True,0,html_next_data,,,1.6392769440000166
0a5fbd3ee8de,2026-08-03T20:50:42.994566+00:00,fetch_page,group_clasificaciones,11601802,https://www.rffm.es/competicion/clasificaciones?temporada=15&competicion=10724127&grupo=11601802&tipojuego=2,200,True,0,html_next_data,,,0.518724503000044
0a5fbd3ee8de,2026-08-03T20:50:43.900056+00:00,fetch_page,group_calendario,12209502,https://www.rffm.es/competicion/calendario?temporada=15&competicion=12198752&grupo=12209502&jornada=1&tipojuego=2,200,True,0,html_next_data,,,0.8988595690000238
0a5fbd3ee8de,2026-08-03T20:50:44.491024+00:00,fetch_page,group_clasificaciones,12209502,https://www.rffm.es/competicion/clasificaciones?temporada=15&competicion=12198752&grupo=12209502&tipojuego=2,200,True,0,html_next_data,,,0.5861937189999935
0a5fbd3ee8de,2026-08-03T20:50:45.294250+00:00,fetch_page,group_goleadores,12209502,https://www.rffm.es/competicion/goleadores?temporada=15&competicion=12198752&grupo=12209502&tipojuego=2,200,True,0,html_next_data,,,0.7996608739999829
0a5fbd3ee8de,2026-08-03T20:50:46.436370+00:00,fetch_page,group_calendario,12209597,https://www.rffm.es/competicion/calendario?temporada=15&competicion=12198752&grupo=12209597&jornada=1&tipojuego=2,200,True,0,html_next_data,,,1.1358929959999955
0a5fbd3ee8de,2026-08-03T20:50:46.964933+00:00,fetch_page,group_clasificaciones,12209597,https://www.rffm.es/competicion/clasificaciones?temporada=15&competicion=12198752&grupo=12209597&tipojuego=2,200,True,0,html_next_data,,,0.5249879720000195
0a5fbd3ee8de,2026-08-03T20:50:47.817311+00:00,fetch_page,group_goleadores,12209597,https://www.rffm.es/competicion/goleadores?temporada=15&competicion=12198752&grupo=12209597&tipojuego=2,200,True,0,html_next_data,,,0.8488219049999657
0a5fbd3ee8de,2026-08-03T20:50:49.343007+00:00,fetch_page,group_calendario,18538964,https://www.rffm.es/competicion/calendario?temporada=15&competicion=18570195&grupo=18538964&jornada=1&tipojuego=3,200,True,0,html_next_data,,,1.5193658119999895
0a5fbd3ee8de,2026-08-03T20:50:50.115437+00:00,fetch_page,group_clasificaciones,18538964,https://www.rffm.es/competicion/clasificaciones?temporada=15&competicion=18570195&grupo=18538964&tipojuego=3,200,True,0,html_next_data,,,0.7681991360000211
0a5fbd3ee8de,2026-08-03T20:50:51.197571+00:00,fetch_page,group_goleadores,18538964,https://www.rffm.es/competicion/goleadores?temporada=15&competicion=18570195&grupo=18538964&tipojuego=3,200,True,0,html_next_data,,,1.0785436749999917
0a5fbd3ee8de,2026-08-03T20:50:51.878024+00:00,fetch_page,venue_campo,1,https://www.rffm.es/campo/1,200,True,0,html_next_data,,,0.49539583699998957
0a5fbd3ee8de,2026-08-03T20:50:52.951150+00:00,fetch_page,venue_campo,10225607,https://www.rffm.es/campo/10225607,200,True,0,html_next_data,,,1.0694809810000265
0a5fbd3ee8de,2026-08-03T20:50:53.741129+00:00,fetch_page,venue_campo,10359085,https://www.rffm.es/campo/10359085,200,True,0,html_next_data,,,0.7865133899999819
0a5fbd3ee8de,2026-08-03T20:50:54.308864+00:00,fetch_page,venue_campo,104,https://www.rffm.es/campo/104,200,True,0,html_next_data,,,0.5640526059999615
0a5fbd3ee8de,2026-08-03T20:50:55.336863+00:00,fetch_page,venue_campo,11043105,https://www.rffm.es/campo/11043105,200,True,0,html_next_data,,,1.0244597760000147
0a5fbd3ee8de,2026-08-03T20:50:55.921857+00:00,fetch_page,venue_campo,1105,https://www.rffm.es/campo/1105,200,True,0,html_next_data,,,0.5813101200000119
0a5fbd3ee8de,2026-08-03T20:50:57.198360+00:00,fetch_page,venue_campo,111,https://www.rffm.es/campo/111,200,True,0,html_next_data,,,1.2721386360000224
0a5fbd3ee8de,2026-08-03T20:50:57.927547+00:00,fetch_page,venue_campo,1110,https://www.rffm.es/campo/1110,200,True,0,html_next_data,,,0.725647242999969
0a5fbd3ee8de,2026-08-03T20:50:58.658261+00:00,fetch_page,venue_campo,1113,https://www.rffm.es/campo/1113,200,True,0,html_next_data,,,0.7270736220000344
0a5fbd3ee8de,2026-08-03T20:50:59.195295+00:00,fetch_page,venue_campo,1117,https://www.rffm.es/campo/1117,200,True,0,html_next_data,,,0.5333716810000055
0a5fbd3ee8de,2026-08-03T20:50:59.923107+00:00,fetch_page,venue_campo,1122,https://www.rffm.es/campo/1122,200,True,0,html_next_data,,,0.724200886999995
0a5fbd3ee8de,2026-08-03T20:51:00.884178+00:00,fetch_page,venue_campo,1123,https://www.rffm.es/campo/1123,200,True,0,html_next_data,,,0.957380642999965
0a5fbd3ee8de,2026-08-03T20:51:01.416106+00:00,fetch_page,venue_campo,1131,https://www.rffm.es/campo/1131,200,True,0,html_next_data,,,0.5275316190000012
0a5fbd3ee8de,2026-08-03T20:51:02.311097+00:00,fetch_page,venue_campo,1138,https://www.rffm.es/campo/1138,200,True,0,html_next_data,,,0.8914137790000041
0a5fbd3ee8de,2026-08-03T20:51:03.014995+00:00,fetch_page,venue_campo,1139,https://www.rffm.es/campo/1139,200,True,0,html_next_data,,,0.7002287409999894
0a5fbd3ee8de,2026-08-03T20:51:03.677108+00:00,fetch_page,venue_campo,11406548,https://www.rffm.es/campo/11406548,200,True,0,html_next_data,,,0.6584701269999869
0a5fbd3ee8de,2026-08-03T20:51:04.474296+00:00,fetch_page,venue_campo,1141,https://www.rffm.es/campo/1141,200,True,0,html_next_data,,,0.7936981280000168
0a5fbd3ee8de,2026-08-03T20:51:05.229064+00:00,fetch_page,venue_campo,1145002,https://www.rffm.es/campo/1145002,200,True,0,html_next_data,,,0.7509974140000395
0a5fbd3ee8de,2026-08-03T20:51:05.970812+00:00,fetch_page,venue_campo,117,https://www.rffm.es/campo/117,200,True,0,html_next_data,,,0.7377905179999971
0a5fbd3ee8de,2026-08-03T20:51:06.525804+00:00,fetch_page,venue_campo,11789343,https://www.rffm.es/campo/11789343,200,True,0,html_next_data,,,0.551244510999993
0a5fbd3ee8de,2026-08-03T20:51:07.692890+00:00,fetch_page,venue_campo,11803684,https://www.rffm.es/campo/11803684,200,True,0,html_next_data,,,1.1636145230000352
0a5fbd3ee8de,2026-08-03T20:51:08.049778+00:00,fetch_page,venue_campo,11932702,https://www.rffm.es/campo/11932702,200,True,0,html_next_data,,,0.35321285500003796
0a5fbd3ee8de,2026-08-03T20:51:09.033823+00:00,fetch_page,venue_campo,1201,https://www.rffm.es/campo/1201,200,True,0,html_next_data,,,0.9805806559999724
0a5fbd3ee8de,2026-08-03T20:51:09.790361+00:00,fetch_page,venue_campo,1207,https://www.rffm.es/campo/1207,200,True,0,html_next_data,,,0.7528484520000234
0a5fbd3ee8de,2026-08-03T20:51:10.447182+00:00,fetch_page,venue_campo,1210,https://www.rffm.es/campo/1210,200,True,0,html_next_data,,,0.653138083999977
0a5fbd3ee8de,2026-08-03T20:51:11.188395+00:00,fetch_page,venue_campo,1212,https://www.rffm.es/campo/1212,200,True,0,html_next_data,,,0.7375012059999904
0a5fbd3ee8de,2026-08-03T20:51:11.938007+00:00,fetch_page,venue_campo,12146865,https://www.rffm.es/campo/12146865,200,True,0,html_next_data,,,0.7458098970000151
0a5fbd3ee8de,2026-08-03T20:51:12.671021+00:00,fetch_page,venue_campo,1216,https://www.rffm.es/campo/1216,200,True,0,html_next_data,,,0.7294318040000007
0a5fbd3ee8de,2026-08-03T20:51:13.467443+00:00,fetch_page,venue_campo,122,https://www.rffm.es/campo/122,200,True,0,html_next_data,,,0.7927410269999768
0a5fbd3ee8de,2026-08-03T20:51:14.162975+00:00,fetch_page,venue_campo,1220,https://www.rffm.es/campo/1220,200,True,0,html_next_data,,,0.6920017600000392
0a5fbd3ee8de,2026-08-03T20:51:14.932125+00:00,fetch_page,venue_campo,128,https://www.rffm.es/campo/128,200,True,0,html_next_data,,,0.7655059800000004
0a5fbd3ee8de,2026-08-03T20:51:16.008234+00:00,fetch_page,venue_campo,129,https://www.rffm.es/campo/129,200,True,0,html_next_data,,,1.0714746130000208
0a5fbd3ee8de,2026-08-03T20:51:16.647941+00:00,fetch_page,venue_campo,1301,https://www.rffm.es/campo/1301,200,True,0,html_next_data,,,0.6359396619999984
0a5fbd3ee8de,2026-08-03T20:51:17.359742+00:00,fetch_page,venue_campo,1308,https://www.rffm.es/campo/1308,200,True,0,html_next_data,,,0.707862844000033
0a5fbd3ee8de,2026-08-03T20:51:18.004277+00:00,fetch_page,venue_campo,1312,https://www.rffm.es/campo/1312,200,True,0,html_next_data,,,0.6408136789999617
0a5fbd3ee8de,2026-08-03T20:51:18.705156+00:00,fetch_page,venue_campo,1314,https://www.rffm.es/campo/1314,200,True,0,html_next_data,,,0.6968505560000153
0a5fbd3ee8de,2026-08-03T20:51:19.611977+00:00,fetch_page,venue_campo,1315,https://www.rffm.es/campo/1315,200,True,0,html_next_data,,,0.9030722859999969
0a5fbd3ee8de,2026-08-03T20:51:20.500013+00:00,fetch_page,venue_campo,1319,https://www.rffm.es/campo/1319,200,True,0,html_next_data,,,0.8841218020000383
0a5fbd3ee8de,2026-08-03T20:51:21.050100+00:00,fetch_page,venue_campo,1320,https://www.rffm.es/campo/1320,200,True,0,html_next_data,,,0.5463265160000219
0a5fbd3ee8de,2026-08-03T20:51:21.743848+00:00,fetch_page,venue_campo,1324,https://www.rffm.es/campo/1324,200,True,0,html_next_data,,,0.6898209930000121
0a5fbd3ee8de,2026-08-03T20:51:22.504573+00:00,fetch_page,venue_campo,1325,https://www.rffm.es/campo/1325,200,True,0,html_next_data,,,0.7568974420000245
0a5fbd3ee8de,2026-08-03T20:51:23.239291+00:00,fetch_page,venue_campo,1326,https://www.rffm.es/campo/1326,200,True,0,html_next_data,,,0.7309795979999762
0a5fbd3ee8de,2026-08-03T20:51:24.364234+00:00,fetch_page,venue_campo,1401,https://www.rffm.es/campo/1401,200,True,0,html_next_data,,,1.1209086850000176
0a5fbd3ee8de,2026-08-03T20:51:24.900983+00:00,fetch_page,venue_campo,1402,https://www.rffm.es/campo/1402,200,True,0,html_next_data,,,0.5330118229999812
0a5fbd3ee8de,2026-08-03T20:51:25.702028+00:00,fetch_page,venue_campo,1403,https://www.rffm.es/campo/1403,200,True,0,html_next_data,,,0.7971018899999649
0a5fbd3ee8de,2026-08-03T20:51:26.379950+00:00,fetch_page,venue_campo,1416,https://www.rffm.es/campo/1416,200,True,0,html_next_data,,,0.6740294779999658
0a5fbd3ee8de,2026-08-03T20:51:27.077036+00:00,fetch_page,venue_campo,1417,https://www.rffm.es/campo/1417,200,True,0,html_next_data,,,0.693373575999999
0a5fbd3ee8de,2026-08-03T20:51:27.811283+00:00,fetch_page,venue_campo,1418,https://www.rffm.es/campo/1418,200,True,0,html_next_data,,,0.7303145970000173
0a5fbd3ee8de,2026-08-03T20:51:28.572623+00:00,fetch_page,venue_campo,1419,https://www.rffm.es/campo/1419,200,True,0,html_next_data,,,0.757562011999994
0a5fbd3ee8de,2026-08-03T20:51:29.374347+00:00,fetch_page,venue_campo,1436,https://www.rffm.es/campo/1436,200,True,0,html_next_data,,,0.7977904190000231
0a5fbd3ee8de,2026-08-03T20:51:30.186365+00:00,fetch_page,venue_campo,1446,https://www.rffm.es/campo/1446,200,True,0,html_next_data,,,0.8081853940000201
0a5fbd3ee8de,2026-08-03T20:51:30.924652+00:00,fetch_page,venue_campo,1453,https://www.rffm.es/campo/1453,200,True,0,html_next_data,,,0.7343243699999675
0a5fbd3ee8de,2026-08-03T20:51:31.777079+00:00,fetch_page,venue_campo,1491,https://www.rffm.es/campo/1491,200,True,0,html_next_data,,,0.8472734330000549
0a5fbd3ee8de,2026-08-03T20:51:32.615045+00:00,fetch_page,venue_campo,1505,https://www.rffm.es/campo/1505,200,True,0,html_next_data,,,0.8341486420000024
0a5fbd3ee8de,2026-08-03T20:51:33.178298+00:00,fetch_page,venue_campo,1508,https://www.rffm.es/campo/1508,200,True,0,html_next_data,,,0.5593981199999689
0a5fbd3ee8de,2026-08-03T20:51:34.307776+00:00,fetch_page,venue_campo,1517,https://www.rffm.es/campo/1517,200,True,0,html_next_data,,,1.1256872369999655
0a5fbd3ee8de,2026-08-03T20:51:35.183340+00:00,fetch_page,venue_campo,16973634,https://www.rffm.es/campo/16973634,200,True,0,html_next_data,,,0.8716244110000275
0a5fbd3ee8de,2026-08-03T20:51:35.843775+00:00,fetch_page,venue_campo,16973649,https://www.rffm.es/campo/16973649,200,True,0,html_next_data,,,0.6566293770000016
0a5fbd3ee8de,2026-08-03T20:51:36.442801+00:00,fetch_page,venue_campo,16973750,https://www.rffm.es/campo/16973750,200,True,0,html_next_data,,,0.5951268100000107
0a5fbd3ee8de,2026-08-03T20:51:37.142172+00:00,fetch_page,venue_campo,16973824,https://www.rffm.es/campo/16973824,200,True,0,html_next_data,,,0.6955899149999709
0a5fbd3ee8de,2026-08-03T20:51:38.055755+00:00,fetch_page,venue_campo,16974065,https://www.rffm.es/campo/16974065,200,True,0,html_next_data,,,0.9096248640000226
0a5fbd3ee8de,2026-08-03T20:51:38.655181+00:00,fetch_page,venue_campo,16974199,https://www.rffm.es/campo/16974199,200,True,0,html_next_data,,,0.5956390329999977
0a5fbd3ee8de,2026-08-03T20:51:39.458527+00:00,fetch_page,venue_campo,16974205,https://www.rffm.es/campo/16974205,200,True,0,html_next_data,,,0.7993781069999955
0a5fbd3ee8de,2026-08-03T20:51:40.201144+00:00,fetch_page,venue_campo,16974273,https://www.rffm.es/campo/16974273,200,True,0,html_next_data,,,0.7389059230000043
0a5fbd3ee8de,2026-08-03T20:51:40.890217+00:00,fetch_page,venue_campo,16974577,https://www.rffm.es/campo/16974577,200,True,0,html_next_data,,,0.685009191000006
0a5fbd3ee8de,2026-08-03T20:51:41.784694+00:00,fetch_page,venue_campo,16974628,https://www.rffm.es/campo/16974628,200,True,0,html_next_data,,,0.8906496550000043
0a5fbd3ee8de,2026-08-03T20:51:42.419051+00:00,fetch_page,venue_campo,16974688,https://www.rffm.es/campo/16974688,200,True,0,html_next_data,,,0.6303328860000192
0a5fbd3ee8de,2026-08-03T20:51:43.143957+00:00,fetch_page,venue_campo,16974696,https://www.rffm.es/campo/16974696,200,True,0,html_next_data,,,0.721135935999996
0a5fbd3ee8de,2026-08-03T20:51:44.012009+00:00,fetch_page,venue_campo,16974705,https://www.rffm.es/campo/16974705,200,True,0,html_next_data,,,0.8640791660000104
0a5fbd3ee8de,2026-08-03T20:51:44.737245+00:00,fetch_page,venue_campo,16974724,https://www.rffm.es/campo/16974724,200,True,0,html_next_data,,,0.7214954959999886
0a5fbd3ee8de,2026-08-03T20:51:45.379628+00:00,fetch_page,venue_campo,1702,https://www.rffm.es/campo/1702,200,True,0,html_next_data,,,0.6385112039999967
0a5fbd3ee8de,2026-08-03T20:51:46.314110+00:00,fetch_page,venue_campo,1708,https://www.rffm.es/campo/1708,200,True,0,html_next_data,,,0.9308057020000433
0a5fbd3ee8de,2026-08-03T20:51:47.265333+00:00,fetch_page,venue_campo,1709,https://www.rffm.es/campo/1709,200,True,0,html_next_data,,,0.9473177820000274
0a5fbd3ee8de,2026-08-03T20:51:48.086826+00:00,fetch_page,venue_campo,17099018,https://www.rffm.es/campo/17099018,200,True,0,html_next_data,,,0.817805686999975
0a5fbd3ee8de,2026-08-03T20:51:48.687847+00:00,fetch_page,venue_campo,1715,https://www.rffm.es/campo/1715,200,True,0,html_next_data,,,0.597117346999994
0a5fbd3ee8de,2026-08-03T20:51:50.142484+00:00,fetch_page,venue_campo,1716,https://www.rffm.es/campo/1716,200,True,0,html_next_data,,,1.450723838999977
0a5fbd3ee8de,2026-08-03T20:51:50.647484+00:00,fetch_page,venue_campo,1717,https://www.rffm.es/campo/1717,200,True,0,html_next_data,,,0.5000363159999779
0a5fbd3ee8de,2026-08-03T20:51:51.352784+00:00,fetch_page,venue_campo,1721,https://www.rffm.es/campo/1721,200,True,0,html_next_data,,,0.7015248570000381
0a5fbd3ee8de,2026-08-03T20:51:52.149204+00:00,fetch_page,venue_campo,1733,https://www.rffm.es/campo/1733,200,True,0,html_next_data,,,0.7924239570000395
0a5fbd3ee8de,2026-08-03T20:51:52.888068+00:00,fetch_page,venue_campo,1735,https://www.rffm.es/campo/1735,200,True,0,html_next_data,,,0.7350453799999741
0a5fbd3ee8de,2026-08-03T20:51:53.627986+00:00,fetch_page,venue_campo,1738,https://www.rffm.es/campo/1738,200,True,0,html_next_data,,,0.7360071289999723
0a5fbd3ee8de,2026-08-03T20:51:54.219792+00:00,fetch_page,venue_campo,1739,https://www.rffm.es/campo/1739,200,True,0,html_next_data,,,0.5880959570000073
0a5fbd3ee8de,2026-08-03T20:51:55.288269+00:00,fetch_page,venue_campo,18391826,https://www.rffm.es/campo/18391826,200,True,0,html_next_data,,,1.0645433910000293
0a5fbd3ee8de,2026-08-03T20:51:55.873826+00:00,fetch_page,venue_campo,202,https://www.rffm.es/campo/202,200,True,0,html_next_data,,,0.5817960789999574
0a5fbd3ee8de,2026-08-03T20:51:56.694023+00:00,fetch_page,venue_campo,2205,https://www.rffm.es/campo/2205,200,True,0,html_next_data,,,0.816287243999966
0a5fbd3ee8de,2026-08-03T20:51:57.526109+00:00,fetch_page,venue_campo,2207,https://www.rffm.es/campo/2207,200,True,0,html_next_data,,,0.8282935410000505
0a5fbd3ee8de,2026-08-03T20:51:58.207278+00:00,fetch_page,venue_campo,2208,https://www.rffm.es/campo/2208,200,True,0,html_next_data,,,0.6771404979999716
0a5fbd3ee8de,2026-08-03T20:51:58.775608+00:00,fetch_page,venue_campo,2301,https://www.rffm.es/campo/2301,200,True,0,html_next_data,,,0.5644637180000132
0a5fbd3ee8de,2026-08-03T20:51:59.674642+00:00,fetch_page,venue_campo,2304,https://www.rffm.es/campo/2304,200,True,0,html_next_data,,,0.8950657670000055
0a5fbd3ee8de,2026-08-03T20:52:00.462302+00:00,fetch_page,venue_campo,2305,https://www.rffm.es/campo/2305,200,True,0,html_next_data,,,0.7840063740000005
0a5fbd3ee8de,2026-08-03T20:52:01.107025+00:00,fetch_page,venue_campo,2307,https://www.rffm.es/campo/2307,200,True,0,html_next_data,,,0.6408465970000066
0a5fbd3ee8de,2026-08-03T20:52:02.066280+00:00,fetch_page,venue_campo,2308,https://www.rffm.es/campo/2308,200,True,0,html_next_data,,,0.9555653410000104
0a5fbd3ee8de,2026-08-03T20:52:03.373700+00:00,fetch_page,venue_campo,2408,https://www.rffm.es/campo/2408,200,True,0,html_next_data,,,1.3033072029999744
0a5fbd3ee8de,2026-08-03T20:52:04.341998+00:00,fetch_page,venue_campo,2503,https://www.rffm.es/campo/2503,200,True,0,html_next_data,,,0.9647284860000127
0a5fbd3ee8de,2026-08-03T20:52:04.904460+00:00,fetch_page,venue_campo,300501,https://www.rffm.es/campo/300501,200,True,0,html_next_data,,,0.5584374420000131
0a5fbd3ee8de,2026-08-03T20:52:05.781093+00:00,fetch_page,venue_campo,305,https://www.rffm.es/campo/305,200,True,0,html_next_data,,,0.8726046659999724
0a5fbd3ee8de,2026-08-03T20:52:06.421017+00:00,fetch_page,venue_campo,305002,https://www.rffm.es/campo/305002,200,True,0,html_next_data,,,0.6360640720000106
0a5fbd3ee8de,2026-08-03T20:52:07.064285+00:00,fetch_page,venue_campo,308,https://www.rffm.es/campo/308,200,True,0,html_next_data,,,0.6381959920000213
0a5fbd3ee8de,2026-08-03T20:52:07.803254+00:00,fetch_page,venue_campo,309493,https://www.rffm.es/campo/309493,200,True,0,html_next_data,,,0.7351420220000477
0a5fbd3ee8de,2026-08-03T20:52:08.606902+00:00,fetch_page,venue_campo,334946,https://www.rffm.es/campo/334946,200,True,0,html_next_data,,,0.7994593440000131
0a5fbd3ee8de,2026-08-03T20:52:09.167281+00:00,fetch_page,venue_campo,385231,https://www.rffm.es/campo/385231,200,True,0,html_next_data,,,0.556525946000022
0a5fbd3ee8de,2026-08-03T20:52:10.055605+00:00,fetch_page,venue_campo,405,https://www.rffm.es/campo/405,200,True,0,html_next_data,,,0.8842794239999989
0a5fbd3ee8de,2026-08-03T20:52:10.799329+00:00,fetch_page,venue_campo,406,https://www.rffm.es/campo/406,200,True,0,html_next_data,,,0.7400852409999743
0a5fbd3ee8de,2026-08-03T20:52:11.567602+00:00,fetch_page,venue_campo,407,https://www.rffm.es/campo/407,200,True,0,html_next_data,,,0.7643377179999788
0a5fbd3ee8de,2026-08-03T20:52:12.306731+00:00,fetch_page,venue_campo,411,https://www.rffm.es/campo/411,200,True,0,html_next_data,,,0.7353755500000148
0a5fbd3ee8de,2026-08-03T20:52:13.058648+00:00,fetch_page,venue_campo,427,https://www.rffm.es/campo/427,200,True,0,html_next_data,,,0.7477462060000448
0a5fbd3ee8de,2026-08-03T20:52:14.348288+00:00,fetch_page,venue_campo,450,https://www.rffm.es/campo/450,200,True,0,html_next_data,,,1.2850353130000371
0a5fbd3ee8de,2026-08-03T20:52:14.703215+00:00,fetch_page,venue_campo,4532747,https://www.rffm.es/campo/4532747,200,True,0,html_next_data,,,0.3512849029999643
0a5fbd3ee8de,2026-08-03T20:52:15.693477+00:00,fetch_page,venue_campo,4532771,https://www.rffm.es/campo/4532771,200,True,0,html_next_data,,,0.9865014360000259
0a5fbd3ee8de,2026-08-03T20:52:16.365174+00:00,fetch_page,venue_campo,4532965,https://www.rffm.es/campo/4532965,200,True,0,html_next_data,,,0.6680460739999603
0a5fbd3ee8de,2026-08-03T20:52:17.221210+00:00,fetch_page,venue_campo,501,https://www.rffm.es/campo/501,200,True,0,html_next_data,,,0.852180508999993
0a5fbd3ee8de,2026-08-03T20:52:18.145218+00:00,fetch_page,venue_campo,505,https://www.rffm.es/campo/505,200,True,0,html_next_data,,,0.920316234999973
0a5fbd3ee8de,2026-08-03T20:52:18.474450+00:00,fetch_page,venue_campo,553663,https://www.rffm.es/campo/553663,200,True,0,html_next_data,,,0.32541921900002535
0a5fbd3ee8de,2026-08-03T20:52:19.393815+00:00,fetch_page,venue_campo,560057,https://www.rffm.es/campo/560057,200,True,0,html_next_data,,,0.9154881420000152
0a5fbd3ee8de,2026-08-03T20:52:20.123056+00:00,fetch_page,venue_campo,604,https://www.rffm.es/campo/604,200,True,0,html_next_data,,,0.7253591049999955
0a5fbd3ee8de,2026-08-03T20:52:20.863311+00:00,fetch_page,venue_campo,605,https://www.rffm.es/campo/605,200,True,0,html_next_data,,,0.7365669299999809
0a5fbd3ee8de,2026-08-03T20:52:21.613899+00:00,fetch_page,venue_campo,608,https://www.rffm.es/campo/608,200,True,0,html_next_data,,,0.7465836069999909
0a5fbd3ee8de,2026-08-03T20:52:22.383608+00:00,fetch_page,venue_campo,610,https://www.rffm.es/campo/610,200,True,0,html_next_data,,,0.7660604499999977
0a5fbd3ee8de,2026-08-03T20:52:23.366285+00:00,fetch_page,venue_campo,613,https://www.rffm.es/campo/613,200,True,0,html_next_data,,,0.9788247590000196
0a5fbd3ee8de,2026-08-03T20:52:23.952179+00:00,fetch_page,venue_campo,621,https://www.rffm.es/campo/621,200,True,0,html_next_data,,,0.5820869380000318
0a5fbd3ee8de,2026-08-03T20:52:24.819815+00:00,fetch_page,venue_campo,678429,https://www.rffm.es/campo/678429,200,True,0,html_next_data,,,0.8626584570000091
0a5fbd3ee8de,2026-08-03T20:52:25.373534+00:00,fetch_page,venue_campo,680981,https://www.rffm.es/campo/680981,200,True,0,html_next_data,,,0.5502806239999813
0a5fbd3ee8de,2026-08-03T20:52:26.114831+00:00,fetch_page,venue_campo,681029,https://www.rffm.es/campo/681029,200,True,0,html_next_data,,,0.7376064289999817
0a5fbd3ee8de,2026-08-03T20:52:26.869945+00:00,fetch_page,venue_campo,684932,https://www.rffm.es/campo/684932,200,True,0,html_next_data,,,0.7515524059999734
0a5fbd3ee8de,2026-08-03T20:52:27.797274+00:00,fetch_page,venue_campo,701,https://www.rffm.es/campo/701,200,True,0,html_next_data,,,0.9238072500000385
0a5fbd3ee8de,2026-08-03T20:52:28.395395+00:00,fetch_page,venue_campo,702,https://www.rffm.es/campo/702,200,True,0,html_next_data,,,0.5943457349999903
0a5fbd3ee8de,2026-08-03T20:52:29.695660+00:00,fetch_page,venue_campo,704,https://www.rffm.es/campo/704,200,True,0,html_next_data,,,1.2968145030000073
0a5fbd3ee8de,2026-08-03T20:52:30.031947+00:00,fetch_page,venue_campo,709,https://www.rffm.es/campo/709,200,True,0,html_next_data,,,0.3327363989999981
0a5fbd3ee8de,2026-08-03T20:52:30.976824+00:00,fetch_page,venue_campo,725,https://www.rffm.es/campo/725,200,True,0,html_next_data,,,0.941422498999998
0a5fbd3ee8de,2026-08-03T20:52:31.716749+00:00,fetch_page,venue_campo,728029,https://www.rffm.es/campo/728029,200,True,0,html_next_data,,,0.7362780380000231
0a5fbd3ee8de,2026-08-03T20:52:32.490794+00:00,fetch_page,venue_campo,801,https://www.rffm.es/campo/801,200,True,0,html_next_data,,,0.770402807000039
0a5fbd3ee8de,2026-08-03T20:52:33.615683+00:00,fetch_page,venue_campo,802,https://www.rffm.es/campo/802,200,True,0,html_next_data,,,1.1214015609999706
0a5fbd3ee8de,2026-08-03T20:52:34.321659+00:00,fetch_page,venue_campo,802174,https://www.rffm.es/campo/802174,200,True,0,html_next_data,,,0.7023718250000002
0a5fbd3ee8de,2026-08-03T20:52:35.017798+00:00,fetch_page,venue_campo,805,https://www.rffm.es/campo/805,200,True,0,html_next_data,,,0.6924863419999951
0a5fbd3ee8de,2026-08-03T20:52:35.593338+00:00,fetch_page,venue_campo,807,https://www.rffm.es/campo/807,200,True,0,html_next_data,,,0.5718335469999829
0a5fbd3ee8de,2026-08-03T20:52:36.376062+00:00,fetch_page,venue_campo,813,https://www.rffm.es/campo/813,200,True,0,html_next_data,,,0.7785462730000177
0a5fbd3ee8de,2026-08-03T20:52:37.081863+00:00,fetch_page,venue_campo,816,https://www.rffm.es/campo/816,200,True,0,html_next_data,,,0.7016852900000004
0a5fbd3ee8de,2026-08-03T20:52:37.823838+00:00,fetch_page,venue_campo,8368576,https://www.rffm.es/campo/8368576,200,True,0,html_next_data,,,0.737951234000036
0a5fbd3ee8de,2026-08-03T20:52:38.698807+00:00,fetch_page,venue_campo,857504,https://www.rffm.es/campo/857504,200,True,0,html_next_data,,,0.8712875539999914
0a5fbd3ee8de,2026-08-03T20:52:39.371714+00:00,fetch_page,venue_campo,8802579,https://www.rffm.es/campo/8802579,200,True,0,html_next_data,,,0.6678404520000072
0a5fbd3ee8de,2026-08-03T20:52:40.107282+00:00,fetch_page,venue_campo,899063,https://www.rffm.es/campo/899063,200,True,0,html_next_data,,,0.7320826650000072
0a5fbd3ee8de,2026-08-03T20:52:40.832739+00:00,fetch_page,venue_campo,899064,https://www.rffm.es/campo/899064,200,True,0,html_next_data,,,0.721787221999989
0a5fbd3ee8de,2026-08-03T20:52:41.581690+00:00,fetch_page,venue_campo,903,https://www.rffm.es/campo/903,200,True,0,html_next_data,,,0.7454502109999908
0a5fbd3ee8de,2026-08-03T20:52:42.271600+00:00,fetch_page,venue_campo,980997,https://www.rffm.es/campo/980997,200,True,0,html_next_data,,,0.6861371059999897
