match_id,team_id,player_id,player_name_raw,minute,minute_raw,card_type_raw,card_type_label,is_second_yellow,source_url,scraped_at
5422429,10619614.0,3005886,"ROZAS RODRIGUEZ, MARTA",72,72,100,amarilla,False,https://www.rffm.es/acta-partido/5422429,2026-08-05T05:08:31.029806+00:00
5422428,21576719.0,26109847,"VIANCO GARCIA, ANDREA EGUZKIÑE",19,19,100,amarilla,False,https://www.rffm.es/acta-partido/5422428,2026-08-05T05:08:31.036798+00:00
5422440,2609723.0,26154798,"OVEJERO , NOELIA ",13,13,101,roja,False,https://www.rffm.es/acta-partido/5422440,2026-08-05T05:08:32.073026+00:00
5422448,22097254.0,26169156,"OTEGUI , MALENA MARIA",65,65,100,amarilla,False,https://www.rffm.es/acta-partido/5422448,2026-08-05T05:08:32.597814+00:00
5422456,14420498.0,25931074," , FRANCESCO GALLERANO",71,71,101,roja,False,https://www.rffm.es/acta-partido/5422456,2026-08-05T05:08:33.387990+00:00
5422457,14420560.0,25926229,"PÉREZ LATORRE, TOMÁS",49,49,100,amarilla,False,https://www.rffm.es/acta-partido/5422457,2026-08-05T05:08:33.392641+00:00
5422461,2609767.0,25930574,"CASAL , ANTONIO",31,31,100,amarilla,False,https://www.rffm.es/acta-partido/5422461,2026-08-05T05:08:34.136044+00:00
5422461,2609767.0,25930678,"LOPEZ , JAVIER ",84,84,100,amarilla,False,https://www.rffm.es/acta-partido/5422461,2026-08-05T05:08:34.136044+00:00
5422465,2609767.0,25930627,"GARCÍA , JOSÉ",83,83,100,amarilla,False,https://www.rffm.es/acta-partido/5422465,2026-08-05T05:08:34.365299+00:00
5422465,2609767.0,25930574,"CASAL , ANTONIO",89,89,100,amarilla,False,https://www.rffm.es/acta-partido/5422465,2026-08-05T05:08:34.365299+00:00
5422465,4731605.0,26008392,"VALDIVIESO JIMENEZ, GONZALO",76,76,100,amarilla,False,https://www.rffm.es/acta-partido/5422465,2026-08-05T05:08:34.365299+00:00
5422460,14420498.0,25930895," , LEONARDO HERNÁNDEZ",44,44,100,amarilla,False,https://www.rffm.es/acta-partido/5422460,2026-08-05T05:08:34.637519+00:00
5422460,14420498.0,25930894," , JAVIER GUTIÉRREZ",61,61,100,amarilla,False,https://www.rffm.es/acta-partido/5422460,2026-08-05T05:08:34.637519+00:00
5422460,14420498.0,26031905,"MARTIN TOLEDANO , JOSE FRANCISCO",62,62,100,amarilla,False,https://www.rffm.es/acta-partido/5422460,2026-08-05T05:08:34.637519+00:00
5422460,2609758.0,25903408,"GARCÍA RANCAÑO, SERGIO",65,65,100,amarilla,False,https://www.rffm.es/acta-partido/5422460,2026-08-05T05:08:34.637519+00:00
5422469,4731605.0,26008431,"SIERRALTA CARVALLO, FELIPE",55,55,100,amarilla,False,https://www.rffm.es/acta-partido/5422469,2026-08-05T05:08:34.684506+00:00
5422469,2609758.0,25902867,"BURNEO MUÑOZ, NICOLÁS FELIPE",89,89,100,amarilla,False,https://www.rffm.es/acta-partido/5422469,2026-08-05T05:08:34.684506+00:00
5422469,2609758.0,25902867,"BURNEO MUÑOZ, NICOLÁS FELIPE",89,89,101,roja,False,https://www.rffm.es/acta-partido/5422469,2026-08-05T05:08:34.684506+00:00
5422469,2609758.0,25902990,"DE LA IGLESIA PISABARRO, ANTONIO",89,89,100,amarilla,False,https://www.rffm.es/acta-partido/5422469,2026-08-05T05:08:34.684506+00:00
5422468,2609727.0,26088236,"DELGADO , DYLAN ",28,28,100,amarilla,False,https://www.rffm.es/acta-partido/5422468,2026-08-05T05:08:34.841699+00:00
5422468,2609727.0,26088243,"OERIZ , ALBERTO ",66,66,100,amarilla,False,https://www.rffm.es/acta-partido/5422468,2026-08-05T05:08:34.841699+00:00
5422468,2609726.0,25903964,"GUTIÉRREZ SANTAMARÍA, JUAN",35,35,100,amarilla,False,https://www.rffm.es/acta-partido/5422468,2026-08-05T05:08:34.841699+00:00
5422468,2609726.0,25904025,"BERNUES LABRADOR, ALBERTO",41,41,100,amarilla,False,https://www.rffm.es/acta-partido/5422468,2026-08-05T05:08:34.841699+00:00
5422468,2609726.0,25904331,"LIZONDE VARGAS, ANTHONY MIGUEL ",78,78,100,amarilla,False,https://www.rffm.es/acta-partido/5422468,2026-08-05T05:08:34.841699+00:00
5422468,2609726.0,25904113,"SANTOS ALMENDROS, JORGE",89,89,100,amarilla,False,https://www.rffm.es/acta-partido/5422468,2026-08-05T05:08:34.841699+00:00
5422470,14420560.0,25926260,"VILLALBA JUAN, DANIEL ",75,75,100,amarilla,False,https://www.rffm.es/acta-partido/5422470,2026-08-05T05:08:35.140317+00:00
5422470,2609767.0,25930627,"GARCÍA , JOSÉ",60,60,100,amarilla,False,https://www.rffm.es/acta-partido/5422470,2026-08-05T05:08:35.140317+00:00
5422470,2609767.0,25930523,"YAMADA , SHUMPEL",63,63,100,amarilla,False,https://www.rffm.es/acta-partido/5422470,2026-08-05T05:08:35.140317+00:00
5422473,2609758.0,25903408,"GARCÍA RANCAÑO, SERGIO",66,66,100,amarilla,False,https://www.rffm.es/acta-partido/5422473,2026-08-05T05:08:35.463385+00:00
5422473,2609758.0,25902990,"DE LA IGLESIA PISABARRO, ANTONIO",84,84,100,amarilla,False,https://www.rffm.es/acta-partido/5422473,2026-08-05T05:08:35.463385+00:00
5422473,14420560.0,26177282,"JIMÉNEZ , RODRIGO",66,66,100,amarilla,False,https://www.rffm.es/acta-partido/5422473,2026-08-05T05:08:35.463385+00:00
5422471,14420498.0,25930894," , JAVIER GUTIÉRREZ",89,89,101,roja,False,https://www.rffm.es/acta-partido/5422471,2026-08-05T05:08:35.481474+00:00
5422472,4731605.0,26100570,"VILLAPALOS , ALBERTO",38,38,101,roja,False,https://www.rffm.es/acta-partido/5422472,2026-08-05T05:08:35.568870+00:00
5422472,4731605.0,26008396,"VIDAL MARTIN, DIEGO",80,80,100,amarilla,False,https://www.rffm.es/acta-partido/5422472,2026-08-05T05:08:35.568870+00:00
5422472,4731605.0,26008396,"VIDAL MARTIN, DIEGO",85,85,101,roja,False,https://www.rffm.es/acta-partido/5422472,2026-08-05T05:08:35.568870+00:00
5422478,2609758.0,25902836,"GONZÁLEZ HONTECILLAS, ÁLVARO",32,32,100,amarilla,False,https://www.rffm.es/acta-partido/5422478,2026-08-05T05:08:35.573024+00:00
5422478,2609758.0,25902836,"GONZÁLEZ HONTECILLAS, ÁLVARO",38,38,100,amarilla,True,https://www.rffm.es/acta-partido/5422478,2026-08-05T05:08:35.573024+00:00
5422481,2609726.0,25904094,"MORENO MARTÍNEZ, JAIME",89,89,100,amarilla,False,https://www.rffm.es/acta-partido/5422481,2026-08-05T05:08:36.231302+00:00
5422484,2609770.0,25910302,"VALLEJO IMBERNON, LUIS",49,49,101,roja,False,https://www.rffm.es/acta-partido/5422484,2026-08-05T05:08:36.594839+00:00
5422488,2609728.0,25910145,"BRICHET , ALBAN",18,18,100,amarilla,False,https://www.rffm.es/acta-partido/5422488,2026-08-05T05:08:36.692679+00:00
5422488,2609728.0,25910159,"WERNER HENZ, HUGO",90,90,100,amarilla,False,https://www.rffm.es/acta-partido/5422488,2026-08-05T05:08:36.692679+00:00
5422485,2609775.0,25976540,"AGUILAR , FRANCISCO BORJA ",21,21,100,amarilla,False,https://www.rffm.es/acta-partido/5422485,2026-08-05T05:08:36.719026+00:00
5422489,2494599.0,26080724,"ROCHA ESCALERA, JORGE ",35,35,100,amarilla,False,https://www.rffm.es/acta-partido/5422489,2026-08-05T05:08:36.743180+00:00
5422489,2494599.0,26080774,"WESTON ORTEGA, RODRIGO",40,40,100,amarilla,False,https://www.rffm.es/acta-partido/5422489,2026-08-05T05:08:36.743180+00:00
5422489,2609763.0,25975684,"VERHILLE , ARTHUR",55,55,100,amarilla,False,https://www.rffm.es/acta-partido/5422489,2026-08-05T05:08:36.743180+00:00
5422487,2609770.0,25910239,"POL , ALBERTO",89,89,100,amarilla,False,https://www.rffm.es/acta-partido/5422487,2026-08-05T05:08:36.866528+00:00
5422487,2494607.0,3030045,"REÑONES GRILLE, ADRIAN",50,50,100,amarilla,False,https://www.rffm.es/acta-partido/5422487,2026-08-05T05:08:36.866528+00:00
5422487,2494607.0,26080399,"GARRIDO MOYA, MARCOS",89,89,100,amarilla,False,https://www.rffm.es/acta-partido/5422487,2026-08-05T05:08:36.866528+00:00
5422492,2494607.0,13190873,"SALAS CHAN, RICARDO DAVID",56,56,101,roja,False,https://www.rffm.es/acta-partido/5422492,2026-08-05T05:08:37.521061+00:00
5422492,2494607.0,25894423,"JUUL , OSCAR",86,86,100,amarilla,False,https://www.rffm.es/acta-partido/5422492,2026-08-05T05:08:37.521061+00:00
5422492,2609763.0,25975747,"JIMÉNEZ , MIGUEL ÁNGEL ",55,55,100,amarilla,False,https://www.rffm.es/acta-partido/5422492,2026-08-05T05:08:37.521061+00:00
5422491,2494599.0,26097864,"LENGAIGNE-BOTTE , NATHAN",81,81,100,amarilla,False,https://www.rffm.es/acta-partido/5422491,2026-08-05T05:08:37.639217+00:00
5422490,2609770.0,26104943,"RICO , ÁLVARO ",2,2,100,amarilla,False,https://www.rffm.es/acta-partido/5422490,2026-08-05T05:08:37.817007+00:00
5422490,2609770.0,26079368,"LUQUERO VIANA, CARLOS",65,65,100,amarilla,False,https://www.rffm.es/acta-partido/5422490,2026-08-05T05:08:37.817007+00:00
5422490,2609775.0,25976534,"GARCÍA , ANTONIO ",65,65,100,amarilla,False,https://www.rffm.es/acta-partido/5422490,2026-08-05T05:08:37.817007+00:00
5422493,2494607.0,26080399,"GARRIDO MOYA, MARCOS",70,70,100,amarilla,False,https://www.rffm.es/acta-partido/5422493,2026-08-05T05:08:37.956084+00:00
5422493,2494607.0,25894364,"FANEGO , XOEL",88,88,100,amarilla,False,https://www.rffm.es/acta-partido/5422493,2026-08-05T05:08:37.956084+00:00
5422495,2609763.0,26088639,"MATTEI , FLAVIO",41,41,100,amarilla,False,https://www.rffm.es/acta-partido/5422495,2026-08-05T05:08:37.968436+00:00
5422495,2609763.0,26079522,"GARCIA , POL",70,70,100,amarilla,False,https://www.rffm.es/acta-partido/5422495,2026-08-05T05:08:37.968436+00:00
5422495,2609763.0,25975723,"JOBARD , JULES",82,82,100,amarilla,False,https://www.rffm.es/acta-partido/5422495,2026-08-05T05:08:37.968436+00:00
5422495,2609728.0,2430249,"HELLIN DACRUZ, DANIEL",19,19,100,amarilla,False,https://www.rffm.es/acta-partido/5422495,2026-08-05T05:08:37.968436+00:00
5422495,2609728.0,2430249,"HELLIN DACRUZ, DANIEL",67,67,101,roja,False,https://www.rffm.es/acta-partido/5422495,2026-08-05T05:08:37.968436+00:00
5422496,2609775.0,26121352,"FRANCO , MATÍAS TICIANO",68,68,100,amarilla,False,https://www.rffm.es/acta-partido/5422496,2026-08-05T05:08:37.976686+00:00
5422496,2494599.0,26097864,"LENGAIGNE-BOTTE , NATHAN",68,68,100,amarilla,False,https://www.rffm.es/acta-partido/5422496,2026-08-05T05:08:37.976686+00:00
5422494,2494599.0,26140371,"MACEDA , LUIS",73,73,100,amarilla,False,https://www.rffm.es/acta-partido/5422494,2026-08-05T05:08:38.066184+00:00
5422494,2609770.0,26079360,"ESPOSITO , GIOVANNI",65,65,100,amarilla,False,https://www.rffm.es/acta-partido/5422494,2026-08-05T05:08:38.066184+00:00
5422494,2609770.0,25910244,"YLLERA , ALVARO",71,71,100,amarilla,False,https://www.rffm.es/acta-partido/5422494,2026-08-05T05:08:38.066184+00:00
5541190,2494607.0,25894441," , ABDELLAH",17,17,100,amarilla,False,https://www.rffm.es/acta-partido/5541190,2026-08-05T05:08:39.033682+00:00
5541190,2494607.0,26183693,"ESPONVA ROCAS, MIGUEL",75,75,100,amarilla,False,https://www.rffm.es/acta-partido/5541190,2026-08-05T05:08:39.033682+00:00
5422497,2609763.0,26080674,"SORIN , JEAN",21,21,100,amarilla,False,https://www.rffm.es/acta-partido/5422497,2026-08-05T05:08:39.634775+00:00
5541189,2609763.0,24940196,"RODRIGUEZ ACOSTA, JAIME",19,19,100,amarilla,False,https://www.rffm.es/acta-partido/5541189,2026-08-05T05:08:39.737926+00:00
5541188,2609728.0,26066822,"GONZÁLEZ RODRIGAÑEZ, PABLO",70,70,100,amarilla,False,https://www.rffm.es/acta-partido/5541188,2026-08-05T05:08:39.955505+00:00
5541194,2609763.0,25975703,"GUIZIEN , RAFAEL",31,31,100,amarilla,False,https://www.rffm.es/acta-partido/5541194,2026-08-05T05:08:40.367036+00:00
5541194,2609727.0,26088242,"ENCABO , IGNACIO",22,22,101,roja,False,https://www.rffm.es/acta-partido/5541194,2026-08-05T05:08:40.367036+00:00
5541194,2609727.0,26133735,"MARTÍN CABALLERO, IGNACIO",45,45,100,amarilla,False,https://www.rffm.es/acta-partido/5541194,2026-08-05T05:08:40.367036+00:00
5541194,2609727.0,2784355,"JIMENEZ BLAZQUEZ, DAVID JUAN",61,61,100,amarilla,False,https://www.rffm.es/acta-partido/5541194,2026-08-05T05:08:40.367036+00:00
5541199,2609767.0,26461712,"SÁNCHEZ BOUVIER, MANUEL",57,57,100,amarilla,False,https://www.rffm.es/acta-partido/5541199,2026-08-05T05:08:40.371611+00:00
5541199,2609763.0,26080674,"SORIN , JEAN",44,44,100,amarilla,False,https://www.rffm.es/acta-partido/5541199,2026-08-05T05:08:40.371611+00:00
5541192,2609728.0,26183631,"MARTINEZ GOMEZ, ALEJANDRO",37,37,100,amarilla,False,https://www.rffm.es/acta-partido/5541192,2026-08-05T05:08:40.511585+00:00
5541192,2609726.0,26133020,"GIL LOPEZ, ALVARO",45,45,100,amarilla,False,https://www.rffm.es/acta-partido/5541192,2026-08-05T05:08:40.511585+00:00
5541196,4731605.0,26445296,"DE LA FUENTE , GONZALO",62,62,100,amarilla,False,https://www.rffm.es/acta-partido/5541196,2026-08-05T05:08:40.709748+00:00
5541196,4731605.0,26008410,"DEL VAL FAMADAS, ALVARO",66,66,100,amarilla,False,https://www.rffm.es/acta-partido/5541196,2026-08-05T05:08:40.709748+00:00
5541196,4731605.0,26445294,"OFA , AMBROSIO",77,77,100,amarilla,False,https://www.rffm.es/acta-partido/5541196,2026-08-05T05:08:40.709748+00:00
5541196,2609728.0,26387825,"MARTÍN ESCOLANO, SERGIO",68,68,100,amarilla,False,https://www.rffm.es/acta-partido/5541196,2026-08-05T05:08:40.709748+00:00
5541196,2609728.0,26444501,"HELLÍN , DANIEL",68,68,100,amarilla,False,https://www.rffm.es/acta-partido/5541196,2026-08-05T05:08:40.709748+00:00
5541196,2609728.0,26387821,"RODRÍGUEZ AZNAL, MIGUEL",78,78,100,amarilla,False,https://www.rffm.es/acta-partido/5541196,2026-08-05T05:08:40.709748+00:00
5541220,2609770.0,25910221,"BARETTO , DONATTO",78,78,100,amarilla,False,https://www.rffm.es/acta-partido/5541220,2026-08-05T05:08:40.969193+00:00
5541220,2609758.0,25902990,"DE LA IGLESIA PISABARRO, ANTONIO",15,15,100,amarilla,False,https://www.rffm.es/acta-partido/5541220,2026-08-05T05:08:40.969193+00:00
5541220,2609758.0,26032093," , JAIME ",70,70,100,amarilla,False,https://www.rffm.es/acta-partido/5541220,2026-08-05T05:08:40.969193+00:00
5541220,2609758.0,25902836,"GONZÁLEZ HONTECILLAS, ÁLVARO",80,80,100,amarilla,False,https://www.rffm.es/acta-partido/5541220,2026-08-05T05:08:40.969193+00:00
5541220,2609758.0,25902785,"POVEDANO ALFAGEME, RODRIGO ",85,85,100,amarilla,False,https://www.rffm.es/acta-partido/5541220,2026-08-05T05:08:40.969193+00:00
5541219,2609758.0,25902836,"GONZÁLEZ HONTECILLAS, ÁLVARO",60,60,100,amarilla,False,https://www.rffm.es/acta-partido/5541219,2026-08-05T05:08:41.781751+00:00
5541219,14420498.0,25931073," , FERNANDO JIMENEZ",26,26,100,amarilla,False,https://www.rffm.es/acta-partido/5541219,2026-08-05T05:08:41.781751+00:00
5541219,14420498.0,25931051," , JORGE SUÁREZ",60,60,100,amarilla,False,https://www.rffm.es/acta-partido/5541219,2026-08-05T05:08:41.781751+00:00
5541219,14420498.0,25930993," , IGNACIO CASTELLANOS",70,70,100,amarilla,False,https://www.rffm.es/acta-partido/5541219,2026-08-05T05:08:41.781751+00:00
5541211,2609758.0,25902990,"DE LA IGLESIA PISABARRO, ANTONIO",75,75,100,amarilla,False,https://www.rffm.es/acta-partido/5541211,2026-08-05T05:08:41.966277+00:00
5541211,2609758.0,25902836,"GONZÁLEZ HONTECILLAS, ÁLVARO",89,89,100,amarilla,False,https://www.rffm.es/acta-partido/5541211,2026-08-05T05:08:41.966277+00:00
5541215,14420560.0,26495077,"RODRÍGUEZ , JAVIER",59,59,100,amarilla,False,https://www.rffm.es/acta-partido/5541215,2026-08-05T05:08:42.187659+00:00
5541215,14420560.0,26132993,"TORREGO , ADRIAN ",61,61,100,amarilla,False,https://www.rffm.es/acta-partido/5541215,2026-08-05T05:08:42.187659+00:00
5541215,14420560.0,25926350,"PIPAÓN DEL FRAILE, GUILLERMO JORGE",89,89,100,amarilla,False,https://www.rffm.es/acta-partido/5541215,2026-08-05T05:08:42.187659+00:00
5541222,2494599.0,26080769,"SELL MARTÍ, JORGE",17,17,100,amarilla,False,https://www.rffm.es/acta-partido/5541222,2026-08-05T05:08:42.579680+00:00
5559404,21125055.0,26107582,"NAVARRO , MARTA",19,19,100,amarilla,False,https://www.rffm.es/acta-partido/5559404,2026-08-05T05:08:43.174725+00:00
5559404,21125055.0,25974553,"LOPEZ , LUCÍA",49,49,100,amarilla,False,https://www.rffm.es/acta-partido/5559404,2026-08-05T05:08:43.174725+00:00
5541216,14420498.0,25930894," , JAVIER GUTIÉRREZ",30,30,100,amarilla,False,https://www.rffm.es/acta-partido/5541216,2026-08-05T05:08:43.395178+00:00
5541223,14420560.0,25926229,"PÉREZ LATORRE, TOMÁS",46,46,100,amarilla,False,https://www.rffm.es/acta-partido/5541223,2026-08-05T05:08:43.406892+00:00
5541223,14420560.0,25926302,"MONTAÑÉS PLA, PAU",75,75,100,amarilla,False,https://www.rffm.es/acta-partido/5541223,2026-08-05T05:08:43.406892+00:00
5541223,14420560.0,25926366,"IANNI-LUCIO , DANIELE",79,79,100,amarilla,False,https://www.rffm.es/acta-partido/5541223,2026-08-05T05:08:43.406892+00:00
5541223,14420560.0,25926338,"RILO VÁZQUEZ, ALBERTO",86,86,100,amarilla,False,https://www.rffm.es/acta-partido/5541223,2026-08-05T05:08:43.406892+00:00
5541223,2609770.0,25910243,"REYNAUD , CARLO",66,66,100,amarilla,False,https://www.rffm.es/acta-partido/5541223,2026-08-05T05:08:43.406892+00:00
5541223,2609770.0,26079361,"GARCIA DOCON, JAVIER",82,82,100,amarilla,False,https://www.rffm.es/acta-partido/5541223,2026-08-05T05:08:43.406892+00:00
5541223,2609770.0,26507896,"FERNÁNDEZ , MATEO",89,89,100,amarilla,False,https://www.rffm.es/acta-partido/5541223,2026-08-05T05:08:43.406892+00:00
5558719,2609763.0,25975703,"GUIZIEN , RAFAEL",37,37,100,amarilla,False,https://www.rffm.es/acta-partido/5558719,2026-08-05T05:08:43.443545+00:00
5558719,2609763.0,25975752,"FOLIO , ARNAUD",50,50,100,amarilla,False,https://www.rffm.es/acta-partido/5558719,2026-08-05T05:08:43.443545+00:00
5558718,2609763.0,25975703,"GUIZIEN , RAFAEL",44,44,100,amarilla,False,https://www.rffm.es/acta-partido/5558718,2026-08-05T05:08:43.493139+00:00
5558718,2609727.0,2772273,"ORTIZ IBAÑEZ, ALBERTO",21,21,100,amarilla,False,https://www.rffm.es/acta-partido/5558718,2026-08-05T05:08:43.493139+00:00
5558718,2609727.0,770705,"ESTUÑIGA HERMOSO, ALEJANDRO",41,41,100,amarilla,False,https://www.rffm.es/acta-partido/5558718,2026-08-05T05:08:43.493139+00:00
5558718,2609727.0,969666,"DOMINGUEZ CASATORRES, MARCOS",60,60,100,amarilla,False,https://www.rffm.es/acta-partido/5558718,2026-08-05T05:08:43.493139+00:00
5559405,21125306.0,26214880,"WARDEH , JENNA ",18,18,100,amarilla,False,https://www.rffm.es/acta-partido/5559405,2026-08-05T05:08:43.503242+00:00
5559405,21125306.0,25896840,"LAMEIRO UGALDE , CARMEN MAGDALENA ",38,38,100,amarilla,False,https://www.rffm.es/acta-partido/5559405,2026-08-05T05:08:43.503242+00:00
5425093,21125322.0,19442218,"GUZMAN FUENTES, ANDREA",18,18,100,amarilla,False,https://www.rffm.es/acta-partido/5425093,2026-08-05T05:08:44.168520+00:00
5425094,21125113.0,25895778,"VAQUERO ÁLVAREZ , LUCIA ",32,32,100,amarilla,False,https://www.rffm.es/acta-partido/5425094,2026-08-05T05:08:44.400969+00:00
5425097,21125273.0,2799773,"PINO GIL, AINHOA",17,17,100,amarilla,False,https://www.rffm.es/acta-partido/5425097,2026-08-05T05:08:44.678208+00:00
5425103,21125153.0,26054774,"TORRADO VILLARUBIA, SARA",27,27,100,amarilla,False,https://www.rffm.es/acta-partido/5425103,2026-08-05T05:08:45.337960+00:00
5425103,21125153.0,13361874,"CABRERA BARANDA, FAVIOLA",33,33,100,amarilla,False,https://www.rffm.es/acta-partido/5425103,2026-08-05T05:08:45.337960+00:00
5425103,21125153.0,26054774,"TORRADO VILLARUBIA, SARA",33,33,100,amarilla,True,https://www.rffm.es/acta-partido/5425103,2026-08-05T05:08:45.337960+00:00
5425103,21125153.0,26054731,"GUERRERO GARCIA, MARTA",48,48,100,amarilla,False,https://www.rffm.es/acta-partido/5425103,2026-08-05T05:08:45.337960+00:00
5425103,21125153.0,13361874,"CABRERA BARANDA, FAVIOLA",999,999,100,amarilla,True,https://www.rffm.es/acta-partido/5425103,2026-08-05T05:08:45.337960+00:00
5425103,21125113.0,25895778,"VAQUERO ÁLVAREZ , LUCIA ",39,39,100,amarilla,False,https://www.rffm.es/acta-partido/5425103,2026-08-05T05:08:45.337960+00:00
5425114,21125153.0,26054731,"GUERRERO GARCIA, MARTA",43,43,100,amarilla,False,https://www.rffm.es/acta-partido/5425114,2026-08-05T05:08:46.649065+00:00
5425119,21125059.0,25975058,"LEAÑO VALCARCEL, BIANCA",12,12,100,amarilla,False,https://www.rffm.es/acta-partido/5425119,2026-08-05T05:08:47.634481+00:00
5425119,21125059.0,25975058,"LEAÑO VALCARCEL, BIANCA",45,45,100,amarilla,True,https://www.rffm.es/acta-partido/5425119,2026-08-05T05:08:47.634481+00:00
5425128,21125059.0,25975058,"LEAÑO VALCARCEL, BIANCA",40,40,100,amarilla,False,https://www.rffm.es/acta-partido/5425128,2026-08-05T05:08:48.509649+00:00
5425132,21125059.0,25975070,"PEREZ SEGURA, ANA",29,29,100,amarilla,False,https://www.rffm.es/acta-partido/5425132,2026-08-05T05:08:49.089519+00:00
5425137,21125058.0,25979741,"DANGUVIC , MARKO",1,1,100,amarilla,False,https://www.rffm.es/acta-partido/5425137,2026-08-05T05:08:49.377220+00:00
5425137,21125058.0,25979738,"CAÑON PINEDA, CRISTHIAN MAURICIO",24,24,100,amarilla,False,https://www.rffm.es/acta-partido/5425137,2026-08-05T05:08:49.377220+00:00
5425138,21125214.0,25979031,"OCAÑA CUADRADO, SERGIO",29,29,100,amarilla,False,https://www.rffm.es/acta-partido/5425138,2026-08-05T05:08:49.535884+00:00
5425138,21125214.0,25979037,"HERREROS GARCIA, JULIO",38,38,100,amarilla,False,https://www.rffm.es/acta-partido/5425138,2026-08-05T05:08:49.535884+00:00
5425138,21125054.0,2802184,"ESCARDA FERNANDEZ, AITOR",24,24,100,amarilla,False,https://www.rffm.es/acta-partido/5425138,2026-08-05T05:08:49.535884+00:00
5425139,21125294.0,25980440,"ÁLVAREZ , ÁNGEL ",15,15,100,amarilla,False,https://www.rffm.es/acta-partido/5425139,2026-08-05T05:08:49.942226+00:00
5425139,21125294.0,25980439,"MAIRATA , MARC",31,31,100,amarilla,False,https://www.rffm.es/acta-partido/5425139,2026-08-05T05:08:49.942226+00:00
5425139,21125294.0,25980430,"HELFTER , JEAN PAUL",37,37,100,amarilla,False,https://www.rffm.es/acta-partido/5425139,2026-08-05T05:08:49.942226+00:00
5425139,21125137.0,25981060,"VIVANCOS , JUAN",19,19,100,amarilla,False,https://www.rffm.es/acta-partido/5425139,2026-08-05T05:08:49.942226+00:00
5425139,21125137.0,25981051,"GOMEZ , CARLOS",41,41,100,amarilla,False,https://www.rffm.es/acta-partido/5425139,2026-08-05T05:08:49.942226+00:00
5425142,21125137.0,25981051,"GOMEZ , CARLOS",23,23,100,amarilla,False,https://www.rffm.es/acta-partido/5425142,2026-08-05T05:08:50.215197+00:00
5425142,21125137.0,25981051,"GOMEZ , CARLOS",34,34,100,amarilla,True,https://www.rffm.es/acta-partido/5425142,2026-08-05T05:08:50.215197+00:00
5425142,21125214.0,2799669,"MUÑOZ MARTIN, DANIEL",26,26,100,amarilla,False,https://www.rffm.es/acta-partido/5425142,2026-08-05T05:08:50.215197+00:00
5425142,21125214.0,25978958,"LAFEE MIRANDA, ALFREDO",28,28,100,amarilla,False,https://www.rffm.es/acta-partido/5425142,2026-08-05T05:08:50.215197+00:00
5425142,21125214.0,25978981,"CABAÑAS SANCHEZ, CARLOS",38,38,100,amarilla,False,https://www.rffm.es/acta-partido/5425142,2026-08-05T05:08:50.215197+00:00
5425141,21125054.0,2802184,"ESCARDA FERNANDEZ, AITOR",9,9,100,amarilla,False,https://www.rffm.es/acta-partido/5425141,2026-08-05T05:08:50.723572+00:00
5425141,21125054.0,26057267,"GARCIA DIAZ, VICTOR",9,9,100,amarilla,False,https://www.rffm.es/acta-partido/5425141,2026-08-05T05:08:50.723572+00:00
5425141,21125054.0,2799779,"REPRESA FERNANDEZ, DANIEL",28,28,100,amarilla,False,https://www.rffm.es/acta-partido/5425141,2026-08-05T05:08:50.723572+00:00
5425141,21125054.0,26057267,"GARCIA DIAZ, VICTOR",30,30,100,amarilla,True,https://www.rffm.es/acta-partido/5425141,2026-08-05T05:08:50.723572+00:00
5425141,21125053.0,25979761,"ECHEVERRIA TORRES TOBALINA, JACOBO",8,8,100,amarilla,False,https://www.rffm.es/acta-partido/5425141,2026-08-05T05:08:50.723572+00:00
5425141,21125053.0,26057274,"RUIZ JIMENEZ, RODRIGO",29,29,100,amarilla,False,https://www.rffm.es/acta-partido/5425141,2026-08-05T05:08:50.723572+00:00
5425141,21125053.0,2802153,"CARABANTES MAYORAL, JORGE",40,40,100,amarilla,False,https://www.rffm.es/acta-partido/5425141,2026-08-05T05:08:50.723572+00:00
5425140,21125058.0,26057406,"HAMON , MATHEU",34,34,100,amarilla,False,https://www.rffm.es/acta-partido/5425140,2026-08-05T05:08:50.723979+00:00
5425140,21125294.0,26057359,"MARTÍN , JORGE",40,40,100,amarilla,False,https://www.rffm.es/acta-partido/5425140,2026-08-05T05:08:50.723979+00:00
5425147,21125137.0,25981059,"CAMACHO , GERMAN",10,10,100,amarilla,False,https://www.rffm.es/acta-partido/5425147,2026-08-05T05:08:50.769150+00:00
5425147,21125137.0,25981056,"SERÓN , MARCOS",11,11,100,amarilla,False,https://www.rffm.es/acta-partido/5425147,2026-08-05T05:08:50.769150+00:00
5425147,21125058.0,26057381,"CASTELLANO , MIGUEL ",8,8,100,amarilla,False,https://www.rffm.es/acta-partido/5425147,2026-08-05T05:08:50.769150+00:00
5425147,21125058.0,25979741,"DANGUVIC , MARKO",25,25,100,amarilla,False,https://www.rffm.es/acta-partido/5425147,2026-08-05T05:08:50.769150+00:00
5425147,21125058.0,25979756,"HIDALGO ALCAÑAS, ADRIAN",25,25,100,amarilla,False,https://www.rffm.es/acta-partido/5425147,2026-08-05T05:08:50.769150+00:00
5425147,21125058.0,26057381,"CASTELLANO , MIGUEL ",28,28,100,amarilla,True,https://www.rffm.es/acta-partido/5425147,2026-08-05T05:08:50.769150+00:00
5425143,21125058.0,25979738,"CAÑON PINEDA, CRISTHIAN MAURICIO",9,9,100,amarilla,False,https://www.rffm.es/acta-partido/5425143,2026-08-05T05:08:50.773601+00:00
5425144,21125053.0,25979761,"ECHEVERRIA TORRES TOBALINA, JACOBO",16,16,100,amarilla,False,https://www.rffm.es/acta-partido/5425144,2026-08-05T05:08:50.890450+00:00
5425144,21125053.0,25979764,"RODRIGO OLMOS, JESUS",39,39,100,amarilla,False,https://www.rffm.es/acta-partido/5425144,2026-08-05T05:08:50.890450+00:00
5425148,21125214.0,25978929,"SABUGO BARROSO, DIEGO",23,23,100,amarilla,False,https://www.rffm.es/acta-partido/5425148,2026-08-05T05:08:51.060536+00:00
5425148,21125214.0,25979031,"OCAÑA CUADRADO, SERGIO",25,25,100,amarilla,False,https://www.rffm.es/acta-partido/5425148,2026-08-05T05:08:51.060536+00:00
5425148,21125053.0,25979755,"VINUESA ARMADA, NICOLAS",25,25,100,amarilla,False,https://www.rffm.es/acta-partido/5425148,2026-08-05T05:08:51.060536+00:00
5425148,21125053.0,7726803,"GARCÍA PRIETO MORALES, VÍCTOR",31,31,100,amarilla,False,https://www.rffm.es/acta-partido/5425148,2026-08-05T05:08:51.060536+00:00
5425146,21125294.0,25980440,"ÁLVAREZ , ÁNGEL ",19,19,100,amarilla,False,https://www.rffm.es/acta-partido/5425146,2026-08-05T05:08:51.334998+00:00
5425146,21125294.0,26057359,"MARTÍN , JORGE",33,33,101,roja,False,https://www.rffm.es/acta-partido/5425146,2026-08-05T05:08:51.334998+00:00
5425146,21125294.0,25980431,"ODOUARD , BERNARD LOAN PIERRE",34,34,100,amarilla,False,https://www.rffm.es/acta-partido/5425146,2026-08-05T05:08:51.334998+00:00
5425146,21125054.0,19785292,"SAMA COBREROS, ÁLVARO",17,17,100,amarilla,False,https://www.rffm.es/acta-partido/5425146,2026-08-05T05:08:51.334998+00:00
5425146,21125054.0,2802184,"ESCARDA FERNANDEZ, AITOR",20,20,100,amarilla,False,https://www.rffm.es/acta-partido/5425146,2026-08-05T05:08:51.334998+00:00
5425149,21125054.0,2804418,"RODRIGUEZ FOLGUERA, VICTOR",17,17,100,amarilla,False,https://www.rffm.es/acta-partido/5425149,2026-08-05T05:08:51.735824+00:00
5425149,21125054.0,22345691,"INIESTA GARCIA, ALVARO",37,37,100,amarilla,False,https://www.rffm.es/acta-partido/5425149,2026-08-05T05:08:51.735824+00:00
5425150,21125058.0,25979756,"HIDALGO ALCAÑAS, ADRIAN",9,9,100,amarilla,False,https://www.rffm.es/acta-partido/5425150,2026-08-05T05:08:51.884766+00:00
5425150,21125058.0,25979742,"GAROZ , ALONSO",10,10,100,amarilla,False,https://www.rffm.es/acta-partido/5425150,2026-08-05T05:08:51.884766+00:00
5425150,21125058.0,25979741,"DANGUVIC , MARKO",11,11,100,amarilla,False,https://www.rffm.es/acta-partido/5425150,2026-08-05T05:08:51.884766+00:00
5425180,21125178.0,2801557,"GALLO AGUAYO, EDUARDO",16,16,100,amarilla,False,https://www.rffm.es/acta-partido/5425180,2026-08-05T05:08:51.889290+00:00
5425180,21125178.0,2800959,"GARCIA FRANCHO, DIEGO",27,27,100,amarilla,False,https://www.rffm.es/acta-partido/5425180,2026-08-05T05:08:51.889290+00:00
5425182,21125064.0,25882674,"SAN JOSÉ DORTA , ANTONIO ",34,34,100,amarilla,False,https://www.rffm.es/acta-partido/5425182,2026-08-05T05:08:51.912559+00:00
5425182,21125064.0,25882612,"WOSTAL , WOJCIECH",35,35,100,amarilla,False,https://www.rffm.es/acta-partido/5425182,2026-08-05T05:08:51.912559+00:00
5425182,21125314.0,2800508,"RUBIO VILLA, MIGUEL",37,37,100,amarilla,False,https://www.rffm.es/acta-partido/5425182,2026-08-05T05:08:51.912559+00:00
5425151,21125053.0,25979769,"CHAIB GUTIERREZ, FRANCISCO JAVIER",12,12,100,amarilla,False,https://www.rffm.es/acta-partido/5425151,2026-08-05T05:08:51.927405+00:00
5425151,21125053.0,26057274,"RUIZ JIMENEZ, RODRIGO",35,35,100,amarilla,False,https://www.rffm.es/acta-partido/5425151,2026-08-05T05:08:51.927405+00:00
5425151,21125053.0,25979758,"JIMENEZ DEL VALLE, SANTIAGO",38,38,101,roja,False,https://www.rffm.es/acta-partido/5425151,2026-08-05T05:08:51.927405+00:00
5425151,21125053.0,25979769,"CHAIB GUTIERREZ, FRANCISCO JAVIER",38,38,100,amarilla,True,https://www.rffm.es/acta-partido/5425151,2026-08-05T05:08:51.927405+00:00
5425151,21125053.0,26232804,"PASCUAL PRIETO, MANUEL",38,38,101,roja,False,https://www.rffm.es/acta-partido/5425151,2026-08-05T05:08:51.927405+00:00
5425151,21125294.0,25980430,"HELFTER , JEAN PAUL",16,16,100,amarilla,False,https://www.rffm.es/acta-partido/5425151,2026-08-05T05:08:51.927405+00:00
5425151,21125294.0,26057367,"HERNÁNDEZ PALENCIA , JOHANGEL STUAR",38,38,100,amarilla,False,https://www.rffm.es/acta-partido/5425151,2026-08-05T05:08:51.927405+00:00
5425193,21125314.0,2800508,"RUBIO VILLA, MIGUEL",15,15,100,amarilla,False,https://www.rffm.es/acta-partido/5425193,2026-08-05T05:08:53.586839+00:00
5425193,21125314.0,2802335,"DURAN MARTINEZ, IVAN",15,15,100,amarilla,False,https://www.rffm.es/acta-partido/5425193,2026-08-05T05:08:53.586839+00:00
5425193,21125178.0,26119842,"MARTÍNEZ ESTEBAN, SERGIO",35,35,100,amarilla,False,https://www.rffm.es/acta-partido/5425193,2026-08-05T05:08:53.586839+00:00
5425188,21125178.0,26058146,"LEON PEREZ, ADRIAN",33,33,100,amarilla,False,https://www.rffm.es/acta-partido/5425188,2026-08-05T05:08:53.782727+00:00
5425187,21125256.0,25981722,"MARTINEZ CARRANZO, MARIO",13,13,100,amarilla,False,https://www.rffm.es/acta-partido/5425187,2026-08-05T05:08:53.830550+00:00
5425187,21125064.0,25882613,"MULET GONZÁLEZ-ONANDIA , FRANCISCO JAVIER ",25,25,100,amarilla,False,https://www.rffm.es/acta-partido/5425187,2026-08-05T05:08:53.830550+00:00
5425195,21125064.0,25882646,"SERRANO RUIZ , PABLO ",19,19,100,amarilla,False,https://www.rffm.es/acta-partido/5425195,2026-08-05T05:08:53.842877+00:00
5425195,21125064.0,25882674,"SAN JOSÉ DORTA , ANTONIO ",25,25,100,amarilla,False,https://www.rffm.es/acta-partido/5425195,2026-08-05T05:08:53.842877+00:00
5425195,21125064.0,25882668,"URBINA RODRIGUEZ , JOSÉ JOAQUÍN ",34,34,100,amarilla,False,https://www.rffm.es/acta-partido/5425195,2026-08-05T05:08:53.842877+00:00
5425195,21125096.0,25981972,"GARCÍA CEBRIAN, JOSELU",32,32,100,amarilla,False,https://www.rffm.es/acta-partido/5425195,2026-08-05T05:08:53.842877+00:00
5425195,21125096.0,25981972,"GARCÍA CEBRIAN, JOSELU",33,33,100,amarilla,True,https://www.rffm.es/acta-partido/5425195,2026-08-05T05:08:53.842877+00:00
5425189,21125056.0,25882410,"ESCARTIN REQUEJO, ALVARO",24,24,100,amarilla,False,https://www.rffm.es/acta-partido/5425189,2026-08-05T05:08:53.848769+00:00
5425189,21125314.0,25882391,"NAVARRO TROITIÑO, MARCOS ",28,28,100,amarilla,False,https://www.rffm.es/acta-partido/5425189,2026-08-05T05:08:53.848769+00:00
5425189,21125314.0,2801251,"SANCHEZ GREGORIO, ADRIAN",33,33,100,amarilla,False,https://www.rffm.es/acta-partido/5425189,2026-08-05T05:08:53.848769+00:00
5425194,21125056.0,26057629,"REVIEJO OCAÑA, JESUS",39,39,101,roja,False,https://www.rffm.es/acta-partido/5425194,2026-08-05T05:08:53.883405+00:00
5425186,21125096.0,323503,"BEZARES BOLULLO, PABLO",5,5,100,amarilla,False,https://www.rffm.es/acta-partido/5425186,2026-08-05T05:08:53.955579+00:00
5425196,21125332.0,26151552,"RUIZ DE AZUA AREVALO, JORGE",31,31,100,amarilla,False,https://www.rffm.es/acta-partido/5425196,2026-08-05T05:08:54.212920+00:00
5425196,21125332.0,26058134,"GARCIA BERNAL, ALEJANDRO",35,35,100,amarilla,False,https://www.rffm.es/acta-partido/5425196,2026-08-05T05:08:54.212920+00:00
5425203,21125096.0,26175383,"OJEDA MEDINA, GUAYRE",22,22,100,amarilla,False,https://www.rffm.es/acta-partido/5425203,2026-08-05T05:08:54.494868+00:00
5425203,21125056.0,25882411,"ROBLES PEÑAMARIA, SANTIAGO",13,13,100,amarilla,False,https://www.rffm.es/acta-partido/5425203,2026-08-05T05:08:54.494868+00:00
5425203,21125056.0,25882456,"PANIAGUA DE AANTIAGO, RUBEN",20,20,100,amarilla,False,https://www.rffm.es/acta-partido/5425203,2026-08-05T05:08:54.494868+00:00
5425197,21125178.0,26151745,"JIMÉNEZ MEDINA, MIGUEL ÁNGEL ",25,25,100,amarilla,False,https://www.rffm.es/acta-partido/5425197,2026-08-05T05:08:54.497699+00:00
5425197,21125256.0,2792684,"NIETO BODEGA, LUCAS",19,19,100,amarilla,False,https://www.rffm.es/acta-partido/5425197,2026-08-05T05:08:54.497699+00:00
5425197,21125256.0,2804145,"GASCO HINIESTO, ÁLVARO",25,25,100,amarilla,False,https://www.rffm.es/acta-partido/5425197,2026-08-05T05:08:54.497699+00:00
5425205,21125332.0,26058134,"GARCIA BERNAL, ALEJANDRO",24,24,100,amarilla,False,https://www.rffm.es/acta-partido/5425205,2026-08-05T05:08:54.625430+00:00
5425205,21125332.0,26058131,"RODRIGUEZ GONZALEZ, JAVIER",27,27,100,amarilla,False,https://www.rffm.es/acta-partido/5425205,2026-08-05T05:08:54.625430+00:00
5425205,21125332.0,26058136,"PEREZ-ARADROS HERREROS, PABLO",35,35,100,amarilla,False,https://www.rffm.es/acta-partido/5425205,2026-08-05T05:08:54.625430+00:00
5425205,21125064.0,25882674,"SAN JOSÉ DORTA , ANTONIO ",30,30,100,amarilla,False,https://www.rffm.es/acta-partido/5425205,2026-08-05T05:08:54.625430+00:00
5425205,21125064.0,25882613,"MULET GONZÁLEZ-ONANDIA , FRANCISCO JAVIER ",35,35,100,amarilla,False,https://www.rffm.es/acta-partido/5425205,2026-08-05T05:08:54.625430+00:00
5425198,21125056.0,25882459,"ENRIQUEZ POZA, ALEJANDRO ",19,19,101,roja,False,https://www.rffm.es/acta-partido/5425198,2026-08-05T05:08:54.732804+00:00
5425198,21125056.0,25882410,"ESCARTIN REQUEJO, ALVARO",36,36,100,amarilla,False,https://www.rffm.es/acta-partido/5425198,2026-08-05T05:08:54.732804+00:00
5425204,21125314.0,2801296,"RODRIGO GONZALEZ, VICTOR",35,35,100,amarilla,False,https://www.rffm.es/acta-partido/5425204,2026-08-05T05:08:55.430627+00:00
5425204,21125256.0,2804145,"GASCO HINIESTO, ÁLVARO",16,16,100,amarilla,False,https://www.rffm.es/acta-partido/5425204,2026-08-05T05:08:55.430627+00:00
5425204,21125256.0,2801111,"RISQUEZ SALGADO, RAUL",27,27,100,amarilla,False,https://www.rffm.es/acta-partido/5425204,2026-08-05T05:08:55.430627+00:00
5425204,21125256.0,2792684,"NIETO BODEGA, LUCAS",28,28,100,amarilla,False,https://www.rffm.es/acta-partido/5425204,2026-08-05T05:08:55.430627+00:00
5540651,21125214.0,24922128,"MEDINA MORENO, PABLO",27,27,100,amarilla,False,https://www.rffm.es/acta-partido/5540651,2026-08-05T05:08:55.562949+00:00
5540651,21125214.0,26378748,"MORENO MONTERO, MARIANO",27,27,100,amarilla,False,https://www.rffm.es/acta-partido/5540651,2026-08-05T05:08:55.562949+00:00
5540651,21125214.0,26057121,"TOLDOS FRUTOS, RODEO ",30,30,100,amarilla,False,https://www.rffm.es/acta-partido/5540651,2026-08-05T05:08:55.562949+00:00
5540651,21125314.0,2801413,"FERNANDEZ ARCONADA, GONZALO",26,26,100,amarilla,False,https://www.rffm.es/acta-partido/5540651,2026-08-05T05:08:55.562949+00:00
5425206,21125096.0,4315088,"ORTIZ GONZALEZ, DIEGO",27,27,100,amarilla,False,https://www.rffm.es/acta-partido/5425206,2026-08-05T05:08:55.608827+00:00
5425206,21125096.0,25981963,"LOZANO PEÑA, CARLOS",33,33,100,amarilla,False,https://www.rffm.es/acta-partido/5425206,2026-08-05T05:08:55.608827+00:00
5425206,21125096.0,26175383,"OJEDA MEDINA, GUAYRE",33,33,100,amarilla,False,https://www.rffm.es/acta-partido/5425206,2026-08-05T05:08:55.608827+00:00
5540647,21125064.0,25981730,"PALACIOS PINEDO, IÑIGO",31,31,100,amarilla,False,https://www.rffm.es/acta-partido/5540647,2026-08-05T05:08:55.657516+00:00
5540647,21125064.0,26192091,"GIL DE LA FUENTE, ALBERTO",35,35,100,amarilla,False,https://www.rffm.es/acta-partido/5540647,2026-08-05T05:08:55.657516+00:00
5540647,21125294.0,26405423,"BERNARD ODOUARD, LOAN PIERRE",22,22,100,amarilla,False,https://www.rffm.es/acta-partido/5540647,2026-08-05T05:08:55.657516+00:00
5540652,21125256.0,26405577,"CARBONELL QUIJANO, SERGIO",18,18,100,amarilla,False,https://www.rffm.es/acta-partido/5540652,2026-08-05T05:08:56.022587+00:00
5540652,21125256.0,2792684,"NIETO BODEGA, LUCAS",38,38,100,amarilla,False,https://www.rffm.es/acta-partido/5540652,2026-08-05T05:08:56.022587+00:00
5540656,21125314.0,26119840,"BADIA LÓPEZ , HUGO AUGUSTO",32,32,100,amarilla,False,https://www.rffm.es/acta-partido/5540656,2026-08-05T05:08:56.493448+00:00
5540656,21125314.0,2801413,"FERNANDEZ ARCONADA, GONZALO",36,36,100,amarilla,False,https://www.rffm.es/acta-partido/5540656,2026-08-05T05:08:56.493448+00:00
5540656,21125314.0,2800508,"RUBIO VILLA, MIGUEL",39,39,100,amarilla,False,https://www.rffm.es/acta-partido/5540656,2026-08-05T05:08:56.493448+00:00
5540656,21125053.0,2802153,"CARABANTES MAYORAL, JORGE",18,18,100,amarilla,False,https://www.rffm.es/acta-partido/5540656,2026-08-05T05:08:56.493448+00:00
5540644,21125178.0,26119842,"MARTÍNEZ ESTEBAN, SERGIO",32,32,100,amarilla,False,https://www.rffm.es/acta-partido/5540644,2026-08-05T05:08:56.697720+00:00
5540644,21125178.0,26232991,"FRUTOS , ALEJANDRO",32,32,100,amarilla,False,https://www.rffm.es/acta-partido/5540644,2026-08-05T05:08:56.697720+00:00
5540644,21125178.0,26058146,"LEON PEREZ, ADRIAN",33,33,100,amarilla,False,https://www.rffm.es/acta-partido/5540644,2026-08-05T05:08:56.697720+00:00
5540644,21125178.0,26058148,"VALIENTE TORRES, EDUARDO",37,37,100,amarilla,False,https://www.rffm.es/acta-partido/5540644,2026-08-05T05:08:56.697720+00:00
5540644,21125178.0,26058145,"MURCIA ALONSO, RAFAEL",39,39,100,amarilla,False,https://www.rffm.es/acta-partido/5540644,2026-08-05T05:08:56.697720+00:00
5540644,21125178.0,26058145,"MURCIA ALONSO, RAFAEL",999,999,101,roja,False,https://www.rffm.es/acta-partido/5540644,2026-08-05T05:08:56.697720+00:00
5540644,21125054.0,2802184,"ESCARDA FERNANDEZ, AITOR",26,26,100,amarilla,False,https://www.rffm.es/acta-partido/5540644,2026-08-05T05:08:56.697720+00:00
5540644,21125054.0,26458943,"RODRÍGUEZ FOLGUERA, VICTOR ",39,39,100,amarilla,False,https://www.rffm.es/acta-partido/5540644,2026-08-05T05:08:56.697720+00:00
5540657,21125053.0,26057274,"RUIZ JIMENEZ, RODRIGO",27,27,100,amarilla,False,https://www.rffm.es/acta-partido/5540657,2026-08-05T05:08:56.844392+00:00
5540650,21125294.0,2801401,"ANDRES SABIO, BORJA",9,9,100,amarilla,False,https://www.rffm.es/acta-partido/5540650,2026-08-05T05:08:56.970712+00:00
5540650,21125294.0,26405423,"BERNARD ODOUARD, LOAN PIERRE",33,33,100,amarilla,False,https://www.rffm.es/acta-partido/5540650,2026-08-05T05:08:56.970712+00:00
5540650,21125256.0,26378951,"BLASCO DÍEZ, DAVID",33,33,100,amarilla,False,https://www.rffm.es/acta-partido/5540650,2026-08-05T05:08:56.970712+00:00
5540645,21125054.0,10268867,"PALACIOS RICO, PABLO",17,17,101,roja,False,https://www.rffm.es/acta-partido/5540645,2026-08-05T05:08:56.975806+00:00
5540645,21125054.0,2802184,"ESCARDA FERNANDEZ, AITOR",19,19,100,amarilla,False,https://www.rffm.es/acta-partido/5540645,2026-08-05T05:08:56.975806+00:00
5540645,21125054.0,2804418,"RODRIGUEZ FOLGUERA, VICTOR",37,37,100,amarilla,False,https://www.rffm.es/acta-partido/5540645,2026-08-05T05:08:56.975806+00:00
5540645,21125314.0,2779914,"LANCINA MARTINEZ, ERIC",6,6,100,amarilla,False,https://www.rffm.es/acta-partido/5540645,2026-08-05T05:08:56.975806+00:00
5540645,21125314.0,25882391,"NAVARRO TROITIÑO, MARCOS ",21,21,100,amarilla,False,https://www.rffm.es/acta-partido/5540645,2026-08-05T05:08:56.975806+00:00
5540645,21125314.0,26434852,"SEVILLA GALAN, JAIME ",38,38,100,amarilla,False,https://www.rffm.es/acta-partido/5540645,2026-08-05T05:08:56.975806+00:00
5540645,21125314.0,2802668,"GARCIA DEL RIEGO DE PRADO, ABEL",39,39,100,amarilla,False,https://www.rffm.es/acta-partido/5540645,2026-08-05T05:08:56.975806+00:00
5540645,21125314.0,2802668,"GARCIA DEL RIEGO DE PRADO, ABEL",39,39,100,amarilla,False,https://www.rffm.es/acta-partido/5540645,2026-08-05T05:08:56.975806+00:00
5540645,21125314.0,25882391,"NAVARRO TROITIÑO, MARCOS ",39,39,100,amarilla,True,https://www.rffm.es/acta-partido/5540645,2026-08-05T05:08:56.975806+00:00
5540645,21125314.0,26151561,"VARGAS , RAUL",39,39,101,roja,False,https://www.rffm.es/acta-partido/5540645,2026-08-05T05:08:56.975806+00:00
5540658,21125053.0,26057275,"NOVO IZQUIERDO, ALVARO",39,39,100,amarilla,False,https://www.rffm.es/acta-partido/5540658,2026-08-05T05:08:57.030248+00:00
5540646,21125256.0,26405571,"CABRERA MARTIN, JOSÉ GUILLERMO",29,29,100,amarilla,False,https://www.rffm.es/acta-partido/5540646,2026-08-05T05:08:57.223725+00:00
5540646,21125054.0,10268867,"PALACIOS RICO, PABLO",13,13,100,amarilla,False,https://www.rffm.es/acta-partido/5540646,2026-08-05T05:08:57.223725+00:00
5540646,21125054.0,2802184,"ESCARDA FERNANDEZ, AITOR",38,38,100,amarilla,False,https://www.rffm.es/acta-partido/5540646,2026-08-05T05:08:57.223725+00:00
5540646,21125054.0,10268867,"PALACIOS RICO, PABLO",39,39,101,roja,False,https://www.rffm.es/acta-partido/5540646,2026-08-05T05:08:57.223725+00:00
5540649,21125294.0,26119227,"PINTANEL PEREZ, MARIO",11,11,100,amarilla,False,https://www.rffm.es/acta-partido/5540649,2026-08-05T05:08:57.512467+00:00
5540649,21125294.0,26405423,"BERNARD ODOUARD, LOAN PIERRE",27,27,100,amarilla,False,https://www.rffm.es/acta-partido/5540649,2026-08-05T05:08:57.512467+00:00
5540649,21125294.0,26175054,"GUIZIEN , RAFAEL",31,31,100,amarilla,False,https://www.rffm.es/acta-partido/5540649,2026-08-05T05:08:57.512467+00:00
5540654,21125214.0,25978929,"SABUGO BARROSO, DIEGO",14,14,100,amarilla,False,https://www.rffm.es/acta-partido/5540654,2026-08-05T05:08:57.919940+00:00
5540654,21125214.0,25979037,"HERREROS GARCIA, JULIO",18,18,100,amarilla,False,https://www.rffm.es/acta-partido/5540654,2026-08-05T05:08:57.919940+00:00
5540654,21125214.0,25978929,"SABUGO BARROSO, DIEGO",25,25,100,amarilla,True,https://www.rffm.es/acta-partido/5540654,2026-08-05T05:08:57.919940+00:00
5540654,21125214.0,26057120,"VELASCO BARRIO, MARIO",25,25,100,amarilla,False,https://www.rffm.es/acta-partido/5540654,2026-08-05T05:08:57.919940+00:00
5540679,21125137.0,25981064,"ALBA , RAIMUNDO",16,16,100,amarilla,False,https://www.rffm.es/acta-partido/5540679,2026-08-05T05:08:58.047035+00:00
5540679,21125332.0,26058134,"GARCIA BERNAL, ALEJANDRO",3,3,100,amarilla,False,https://www.rffm.es/acta-partido/5540679,2026-08-05T05:08:58.047035+00:00
5540679,21125332.0,26058136,"PEREZ-ARADROS HERREROS, PABLO",13,13,100,amarilla,False,https://www.rffm.es/acta-partido/5540679,2026-08-05T05:08:58.047035+00:00
5540679,21125332.0,26058134,"GARCIA BERNAL, ALEJANDRO",29,29,100,amarilla,True,https://www.rffm.es/acta-partido/5540679,2026-08-05T05:08:58.047035+00:00
5540679,21125332.0,26058133,"MENENDEZ TASCON, PABLO",39,39,100,amarilla,False,https://www.rffm.es/acta-partido/5540679,2026-08-05T05:08:58.047035+00:00
5540695,21125056.0,26057589,"DIAZ SALVADOR, CARLOS",37,37,100,amarilla,False,https://www.rffm.es/acta-partido/5540695,2026-08-05T05:08:58.114448+00:00
5540682,21125056.0,25882425,"DEL RIO FERNANDEZ, MARCOS",23,23,100,amarilla,False,https://www.rffm.es/acta-partido/5540682,2026-08-05T05:08:58.172374+00:00
5540682,21125056.0,25882410,"ESCARTIN REQUEJO, ALVARO",37,37,100,amarilla,False,https://www.rffm.es/acta-partido/5540682,2026-08-05T05:08:58.172374+00:00
5540682,21125056.0,25882410,"ESCARTIN REQUEJO, ALVARO",37,37,100,amarilla,False,https://www.rffm.es/acta-partido/5540682,2026-08-05T05:08:58.172374+00:00
5540682,21125056.0,25882459,"ENRIQUEZ POZA, ALEJANDRO ",39,39,100,amarilla,False,https://www.rffm.es/acta-partido/5540682,2026-08-05T05:08:58.172374+00:00
5540682,21125096.0,4315088,"ORTIZ GONZALEZ, DIEGO",25,25,100,amarilla,False,https://www.rffm.es/acta-partido/5540682,2026-08-05T05:08:58.172374+00:00
5540682,21125096.0,4315088,"ORTIZ GONZALEZ, DIEGO",28,28,100,amarilla,True,https://www.rffm.es/acta-partido/5540682,2026-08-05T05:08:58.172374+00:00
5540682,21125096.0,26175383,"OJEDA MEDINA, GUAYRE",40,40,100,amarilla,False,https://www.rffm.es/acta-partido/5540682,2026-08-05T05:08:58.172374+00:00
5540677,21125332.0,26058135,"GARCIA FERRETE, HUGO ",32,32,100,amarilla,False,https://www.rffm.es/acta-partido/5540677,2026-08-05T05:08:58.177158+00:00
5540677,21125096.0,26175383,"OJEDA MEDINA, GUAYRE",28,28,100,amarilla,False,https://www.rffm.es/acta-partido/5540677,2026-08-05T05:08:58.177158+00:00
5540683,21125137.0,26405301,"BLANCO SANCHEZ, GONZALO ",23,23,100,amarilla,False,https://www.rffm.es/acta-partido/5540683,2026-08-05T05:08:58.313246+00:00
5540683,21125056.0,25882459,"ENRIQUEZ POZA, ALEJANDRO ",24,24,100,amarilla,False,https://www.rffm.es/acta-partido/5540683,2026-08-05T05:08:58.313246+00:00
5540683,21125056.0,25882453,"CARRILLO DIEGO, ABUIN",26,26,100,amarilla,False,https://www.rffm.es/acta-partido/5540683,2026-08-05T05:08:58.313246+00:00
5540683,21125056.0,25882458,"RODRÍGUEZ ROMERO , MARCOS",33,33,100,amarilla,False,https://www.rffm.es/acta-partido/5540683,2026-08-05T05:08:58.313246+00:00
5540683,21125056.0,25882457,"RODRIGUEZ CHAVARRI, SANTIAGO",39,39,100,amarilla,False,https://www.rffm.es/acta-partido/5540683,2026-08-05T05:08:58.313246+00:00
5540688,21125058.0,26057406,"HAMON , MATHEU",19,19,100,amarilla,False,https://www.rffm.es/acta-partido/5540688,2026-08-05T05:08:58.428043+00:00
5540688,21125058.0,26057381,"CASTELLANO , MIGUEL ",29,29,100,amarilla,False,https://www.rffm.es/acta-partido/5540688,2026-08-05T05:08:58.428043+00:00
5540681,21125096.0,26175381,"MARTÍNEZ ELVAR, CARLOS",12,12,100,amarilla,False,https://www.rffm.es/acta-partido/5540681,2026-08-05T05:08:59.368831+00:00
5540681,21125096.0,25981963,"LOZANO PEÑA, CARLOS",19,19,100,amarilla,False,https://www.rffm.es/acta-partido/5540681,2026-08-05T05:08:59.368831+00:00
5558595,21125294.0,25981048," , BORJA",36,36,100,amarilla,False,https://www.rffm.es/acta-partido/5558595,2026-08-05T05:08:59.399662+00:00
5558595,21125256.0,25981707,"ONDOÑO VALCARCEL, PABLO",39,39,100,amarilla,False,https://www.rffm.es/acta-partido/5558595,2026-08-05T05:08:59.399662+00:00
5558596,21125054.0,2802184,"ESCARDA FERNANDEZ, AITOR",38,38,100,amarilla,False,https://www.rffm.es/acta-partido/5558596,2026-08-05T05:08:59.459403+00:00
5558596,21125256.0,25981708,"DIAZ RINCÓN, FERNANDO",5,5,100,amarilla,False,https://www.rffm.es/acta-partido/5558596,2026-08-05T05:08:59.459403+00:00
5558594,21125314.0,2802335,"DURAN MARTINEZ, IVAN",16,16,100,amarilla,False,https://www.rffm.es/acta-partido/5558594,2026-08-05T05:08:59.613533+00:00
5558594,21125054.0,2802184,"ESCARDA FERNANDEZ, AITOR",7,7,100,amarilla,False,https://www.rffm.es/acta-partido/5558594,2026-08-05T05:08:59.613533+00:00
5558594,21125054.0,25978793,"SUAREZ LOPEZ, JAVIER",11,11,100,amarilla,False,https://www.rffm.es/acta-partido/5558594,2026-08-05T05:08:59.613533+00:00
5558594,21125054.0,26458943,"RODRÍGUEZ FOLGUERA, VICTOR ",39,39,100,amarilla,False,https://www.rffm.es/acta-partido/5558594,2026-08-05T05:08:59.613533+00:00
