match_id,team_id,player_id,player_name_raw,minute,minute_raw,goal_type_raw,source_url,scraped_at
5322794,14107227.0,23257794,"GARDE HERCE, DIEGO",9,9,100,https://www.rffm.es/acta-partido/5322794,2026-08-05T02:06:37.015388+00:00
5322794,14107227.0,16845722,"EL MESRY, AYOUB",12,12,100,https://www.rffm.es/acta-partido/5322794,2026-08-05T02:06:37.015388+00:00
5322794,14107227.0,20238905,"PEREZ GONZALEZ, ALVARO",28,28,100,https://www.rffm.es/acta-partido/5322794,2026-08-05T02:06:37.015388+00:00
5322794,14107188.0,23369218,"POZAS REGIDOR, ÁLVARO",5,5,100,https://www.rffm.es/acta-partido/5322794,2026-08-05T02:06:37.015388+00:00
5322794,14107188.0,20234946,"DEL HOYO MATEUS, ARTURO JAVIER",16,16,100,https://www.rffm.es/acta-partido/5322794,2026-08-05T02:06:37.015388+00:00
5322794,14107188.0,23257836,"CHARRIS SANCHO, NICOLÁS",20,20,100,https://www.rffm.es/acta-partido/5322794,2026-08-05T02:06:37.015388+00:00
5322794,14107188.0,23338959,"LÓPEZ MONTAS, JEYDEN",30,30,100,https://www.rffm.es/acta-partido/5322794,2026-08-05T02:06:37.015388+00:00
5295207,15293951.0,21642943,"ÍÑIGUEZ CARVAJAL, MATEO",5,5,100,https://www.rffm.es/acta-partido/5295207,2026-08-05T02:07:09.296157+00:00
5295207,15293951.0,21642943,"ÍÑIGUEZ CARVAJAL, MATEO",17,17,100,https://www.rffm.es/acta-partido/5295207,2026-08-05T02:07:09.296157+00:00
5295207,15293951.0,21642943,"ÍÑIGUEZ CARVAJAL, MATEO",22,22,100,https://www.rffm.es/acta-partido/5295207,2026-08-05T02:07:09.296157+00:00
5295207,15293951.0,22159761,"VOICU GOMEZ, LUCA",29,29,100,https://www.rffm.es/acta-partido/5295207,2026-08-05T02:07:09.296157+00:00
5295232,13552467.0,23298427,"CANOVAS ESPADA, DIEGO",24,24,101,https://www.rffm.es/acta-partido/5295232,2026-08-05T02:07:13.626466+00:00
5295232,13552467.0,22521967,"UREÑA ROLDAN, ALEJANDRO",27,27,100,https://www.rffm.es/acta-partido/5295232,2026-08-05T02:07:13.626466+00:00
5295232,12467526.0,22727880,"PEQUEÑO VILLAR, ALVARO",7,7,100,https://www.rffm.es/acta-partido/5295232,2026-08-05T02:07:13.626466+00:00
5295232,12467526.0,22727880,"PEQUEÑO VILLAR, ALVARO",14,14,100,https://www.rffm.es/acta-partido/5295232,2026-08-05T02:07:13.626466+00:00
5295232,12467526.0,20183521,"GRANDAS CANO, PABLO",19,19,100,https://www.rffm.es/acta-partido/5295232,2026-08-05T02:07:13.626466+00:00
5295232,12467526.0,22727880,"PEQUEÑO VILLAR, ALVARO",21,21,100,https://www.rffm.es/acta-partido/5295232,2026-08-05T02:07:13.626466+00:00
5295232,12467526.0,23158778,"ALAMO PIZARRO, ABRAHAM",23,23,100,https://www.rffm.es/acta-partido/5295232,2026-08-05T02:07:13.626466+00:00
5295233,11897713.0,20384075,"GUERRERO JIMENEZ, HUGO",25,25,100,https://www.rffm.es/acta-partido/5295233,2026-08-05T02:07:13.632140+00:00
5295233,21409829.0,23681916,"SALCEDO PULIDO, MATEO",1,1,100,https://www.rffm.es/acta-partido/5295233,2026-08-05T02:07:13.632140+00:00
5295233,21409829.0,22660373,"MARCOS DE SANTOS, CAYETANO",4,4,100,https://www.rffm.es/acta-partido/5295233,2026-08-05T02:07:13.632140+00:00
5296687,10656708.0,23283091,"DÍAZ ROBLES, ABEL",23,23,100,https://www.rffm.es/acta-partido/5296687,2026-08-05T02:07:15.200105+00:00
5296687,15293951.0,21642943,"ÍÑIGUEZ CARVAJAL, MATEO",1,1,100,https://www.rffm.es/acta-partido/5296687,2026-08-05T02:07:15.200105+00:00
5296687,15293951.0,22070964,"GONZÁLEZ GARCÍA, MÁXIMO",12,12,100,https://www.rffm.es/acta-partido/5296687,2026-08-05T02:07:15.200105+00:00
5295254,12737159.0,23285672,"DURLAN, TUDOR ALEXANDRU",25,25,100,https://www.rffm.es/acta-partido/5295254,2026-08-05T02:07:18.493209+00:00
5295254,11818046.0,20850173,"CAMACHO GARCES, ELIAN",7,7,100,https://www.rffm.es/acta-partido/5295254,2026-08-05T02:07:18.493209+00:00
5295254,11818046.0,23099188,"NEGRUTIU GIRNITA, AYAN NOLAN",17,17,100,https://www.rffm.es/acta-partido/5295254,2026-08-05T02:07:18.493209+00:00
5295254,11818046.0,22770374,"OBJIO MATEOS, ELOY",18,18,100,https://www.rffm.es/acta-partido/5295254,2026-08-05T02:07:18.493209+00:00
5296678,10333048.0,20796539,"ANDRADE XAVIER, ALEJANDRO",1,1,100,https://www.rffm.es/acta-partido/5296678,2026-08-05T02:07:33.675328+00:00
5296678,10333048.0,20796539,"ANDRADE XAVIER, ALEJANDRO",2,2,100,https://www.rffm.es/acta-partido/5296678,2026-08-05T02:07:33.675328+00:00
5296678,10333048.0,20796539,"ANDRADE XAVIER, ALEJANDRO",10,10,100,https://www.rffm.es/acta-partido/5296678,2026-08-05T02:07:33.675328+00:00
5296678,10333048.0,20796539,"ANDRADE XAVIER, ALEJANDRO",16,16,100,https://www.rffm.es/acta-partido/5296678,2026-08-05T02:07:33.675328+00:00
5296678,10333048.0,20796539,"ANDRADE XAVIER, ALEJANDRO",22,22,100,https://www.rffm.es/acta-partido/5296678,2026-08-05T02:07:33.675328+00:00
5296678,10333048.0,22952282,"NAJUTE GALAN, DANIEL SAM",22,22,100,https://www.rffm.es/acta-partido/5296678,2026-08-05T02:07:33.675328+00:00
5296678,10333048.0,20796539,"ANDRADE XAVIER, ALEJANDRO",30,30,100,https://www.rffm.es/acta-partido/5296678,2026-08-05T02:07:33.675328+00:00
5295290,21416890.0,22742978,"RAMÍREZ GARCÍA, FERNANDO",14,14,101,https://www.rffm.es/acta-partido/5295290,2026-08-05T02:07:33.685644+00:00
5295290,10667395.0,23128658,"HUEROS BERMEJO, IVAN",1,1,100,https://www.rffm.es/acta-partido/5295290,2026-08-05T02:07:33.685644+00:00
5295290,10667395.0,20811971,"LADERA GARCIA, LUCA",5,5,100,https://www.rffm.es/acta-partido/5295290,2026-08-05T02:07:33.685644+00:00
5295290,10667395.0,20812003,"FARGALLO BERNARDO, AARON",17,17,100,https://www.rffm.es/acta-partido/5295290,2026-08-05T02:07:33.685644+00:00
5295290,10667395.0,20811971,"LADERA GARCIA, LUCA",25,25,100,https://www.rffm.es/acta-partido/5295290,2026-08-05T02:07:33.685644+00:00
5295290,10667395.0,23128658,"HUEROS BERMEJO, IVAN",26,26,100,https://www.rffm.es/acta-partido/5295290,2026-08-05T02:07:33.685644+00:00
5295290,10667395.0,23128751,"CUBERO ANTON, THIAGO",27,27,100,https://www.rffm.es/acta-partido/5295290,2026-08-05T02:07:33.685644+00:00
5295292,10339298.0,20854033,"ALMONTE LOPEZ, LIAM",1,1,100,https://www.rffm.es/acta-partido/5295292,2026-08-05T02:07:34.019570+00:00
5295292,10339298.0,20854033,"ALMONTE LOPEZ, LIAM",4,4,100,https://www.rffm.es/acta-partido/5295292,2026-08-05T02:07:34.019570+00:00
5295292,10339298.0,20854033,"ALMONTE LOPEZ, LIAM",7,7,100,https://www.rffm.es/acta-partido/5295292,2026-08-05T02:07:34.019570+00:00
5295292,10339298.0,20854033,"ALMONTE LOPEZ, LIAM",8,8,100,https://www.rffm.es/acta-partido/5295292,2026-08-05T02:07:34.019570+00:00
5295292,10339298.0,20854033,"ALMONTE LOPEZ, LIAM",9,9,100,https://www.rffm.es/acta-partido/5295292,2026-08-05T02:07:34.019570+00:00
5295292,10339298.0,23145994,"SANCHEZ DIAZ, PEDRO",16,16,100,https://www.rffm.es/acta-partido/5295292,2026-08-05T02:07:34.019570+00:00
5295292,10339298.0,20854033,"ALMONTE LOPEZ, LIAM",17,17,100,https://www.rffm.es/acta-partido/5295292,2026-08-05T02:07:34.019570+00:00
5295292,10339298.0,20854033,"ALMONTE LOPEZ, LIAM",18,18,100,https://www.rffm.es/acta-partido/5295292,2026-08-05T02:07:34.019570+00:00
5295292,10339298.0,23145994,"SANCHEZ DIAZ, PEDRO",21,21,100,https://www.rffm.es/acta-partido/5295292,2026-08-05T02:07:34.019570+00:00
5295292,10339298.0,20854033,"ALMONTE LOPEZ, LIAM",22,22,100,https://www.rffm.es/acta-partido/5295292,2026-08-05T02:07:34.019570+00:00
5295292,10339298.0,20854033,"ALMONTE LOPEZ, LIAM",25,25,100,https://www.rffm.es/acta-partido/5295292,2026-08-05T02:07:34.019570+00:00
5295292,10339298.0,20854033,"ALMONTE LOPEZ, LIAM",25,25,100,https://www.rffm.es/acta-partido/5295292,2026-08-05T02:07:34.019570+00:00
5295294,10339297.0,23151781,"SANCHEZ ALONSO, RAUL",12,12,100,https://www.rffm.es/acta-partido/5295294,2026-08-05T02:07:34.304466+00:00
5295294,10339297.0,20854487,"JIMENEZ MAYA, KELIAN",14,14,100,https://www.rffm.es/acta-partido/5295294,2026-08-05T02:07:34.304466+00:00
5295294,10339297.0,23151781,"SANCHEZ ALONSO, RAUL",16,16,100,https://www.rffm.es/acta-partido/5295294,2026-08-05T02:07:34.304466+00:00
5295294,10339297.0,20854487,"JIMENEZ MAYA, KELIAN",25,25,100,https://www.rffm.es/acta-partido/5295294,2026-08-05T02:07:34.304466+00:00
5295294,13612211.0,22923887,"AVILÉS AGUILAR, JAVIER",8,8,100,https://www.rffm.es/acta-partido/5295294,2026-08-05T02:07:34.304466+00:00
5295294,13612211.0,22923887,"AVILÉS AGUILAR, JAVIER",20,20,100,https://www.rffm.es/acta-partido/5295294,2026-08-05T02:07:34.304466+00:00
5295293,10339299.0,23152484,"DRETCANU, ALEHANDRO ANDREI",4,4,100,https://www.rffm.es/acta-partido/5295293,2026-08-05T02:07:34.314961+00:00
5295293,10339299.0,23151992,"RODRIGUEZ TORIBIO, MARTIN",9,9,100,https://www.rffm.es/acta-partido/5295293,2026-08-05T02:07:34.314961+00:00
5295293,10339299.0,23152484,"DRETCANU, ALEHANDRO ANDREI",17,17,100,https://www.rffm.es/acta-partido/5295293,2026-08-05T02:07:34.314961+00:00
5295293,10339299.0,23152484,"DRETCANU, ALEHANDRO ANDREI",25,25,100,https://www.rffm.es/acta-partido/5295293,2026-08-05T02:07:34.314961+00:00
5295293,10654942.0,20829676,"MARTIN IGLESIAS, OLIVER",12,12,100,https://www.rffm.es/acta-partido/5295293,2026-08-05T02:07:34.314961+00:00
5295293,10654942.0,23243617,"CAMPOS GOYTIA, SANTIAGO",14,14,100,https://www.rffm.es/acta-partido/5295293,2026-08-05T02:07:34.314961+00:00
5295293,10654942.0,20829676,"MARTIN IGLESIAS, OLIVER",26,26,100,https://www.rffm.es/acta-partido/5295293,2026-08-05T02:07:34.314961+00:00
5295293,10654942.0,23243585,"CASTAÑO GARCIA, JAVIER",28,28,100,https://www.rffm.es/acta-partido/5295293,2026-08-05T02:07:34.314961+00:00
5295293,10654942.0,20829676,"MARTIN IGLESIAS, OLIVER",29,29,100,https://www.rffm.es/acta-partido/5295293,2026-08-05T02:07:34.314961+00:00
5295293,10654942.0,20829676,"MARTIN IGLESIAS, OLIVER",30,30,100,https://www.rffm.es/acta-partido/5295293,2026-08-05T02:07:34.314961+00:00
5297927,10667395.0,23128658,"HUEROS BERMEJO, IVAN",3,3,100,https://www.rffm.es/acta-partido/5297927,2026-08-05T02:07:34.682559+00:00
5297927,10667395.0,23128614,"FARO FIGUEROA, JAVIER",5,5,100,https://www.rffm.es/acta-partido/5297927,2026-08-05T02:07:34.682559+00:00
5297927,10667395.0,23128614,"FARO FIGUEROA, JAVIER",15,15,100,https://www.rffm.es/acta-partido/5297927,2026-08-05T02:07:34.682559+00:00
5297927,10667395.0,23128614,"FARO FIGUEROA, JAVIER",22,22,100,https://www.rffm.es/acta-partido/5297927,2026-08-05T02:07:34.682559+00:00
5297927,10667395.0,23128658,"HUEROS BERMEJO, IVAN",28,28,100,https://www.rffm.es/acta-partido/5297927,2026-08-05T02:07:34.682559+00:00
5297927,23334299.0,20811952,"OSPINA RUBIO, HUGO",10,10,100,https://www.rffm.es/acta-partido/5297927,2026-08-05T02:07:34.682559+00:00
5297920,23334299.0,20811952,"OSPINA RUBIO, HUGO",1,1,100,https://www.rffm.es/acta-partido/5297920,2026-08-05T02:07:35.227532+00:00
5297920,23334299.0,21089167,"SANTIAGO DE LAS HERAS, ENZO",7,7,100,https://www.rffm.es/acta-partido/5297920,2026-08-05T02:07:35.227532+00:00
5297920,23334299.0,20811952,"OSPINA RUBIO, HUGO",11,11,100,https://www.rffm.es/acta-partido/5297920,2026-08-05T02:07:35.227532+00:00
5297920,23334299.0,23128504,"SERRANO MERINO, MARTIN",18,18,100,https://www.rffm.es/acta-partido/5297920,2026-08-05T02:07:35.227532+00:00
5297920,23334299.0,23128504,"SERRANO MERINO, MARTIN",20,20,100,https://www.rffm.es/acta-partido/5297920,2026-08-05T02:07:35.227532+00:00
5297920,23334299.0,20811952,"OSPINA RUBIO, HUGO",25,25,100,https://www.rffm.es/acta-partido/5297920,2026-08-05T02:07:35.227532+00:00
5297920,21434895.0,22751039,"COI JIMÉNEZ, MANUEL",14,14,100,https://www.rffm.es/acta-partido/5297920,2026-08-05T02:07:35.227532+00:00
5297920,21434895.0,22751039,"COI JIMÉNEZ, MANUEL",27,27,100,https://www.rffm.es/acta-partido/5297920,2026-08-05T02:07:35.227532+00:00
5296671,22377071.0,23002799,"MOLINET IERMIERI, FABIO ANDRES",7,7,100,https://www.rffm.es/acta-partido/5296671,2026-08-05T02:07:35.228671+00:00
5296671,21416890.0,22743412,"SALINAS SÁNCHEZ, IRAI",3,3,100,https://www.rffm.es/acta-partido/5296671,2026-08-05T02:07:35.228671+00:00
5296671,21416890.0,22743671,"LOSADA SÁNCHEZ, SAMUEL",13,13,100,https://www.rffm.es/acta-partido/5296671,2026-08-05T02:07:35.228671+00:00
5296671,21416890.0,22743671,"LOSADA SÁNCHEZ, SAMUEL",28,28,100,https://www.rffm.es/acta-partido/5296671,2026-08-05T02:07:35.228671+00:00
5295299,10333048.0,20801000,"ALCÁNTARA MAGRO, ELIAN ANEURYS",4,4,100,https://www.rffm.es/acta-partido/5295299,2026-08-05T02:07:35.336498+00:00
5295299,10333048.0,22807720,"AICART BRAVO, LEO",8,8,100,https://www.rffm.es/acta-partido/5295299,2026-08-05T02:07:35.336498+00:00
5295299,10333048.0,22807720,"AICART BRAVO, LEO",14,14,100,https://www.rffm.es/acta-partido/5295299,2026-08-05T02:07:35.336498+00:00
5295299,10333048.0,20796549,"OYOLA CARMONA, JUAN",15,15,100,https://www.rffm.es/acta-partido/5295299,2026-08-05T02:07:35.336498+00:00
5296658,11807182.0,23001331,"MIOTA GOMEZ, DAVID",1,1,100,https://www.rffm.es/acta-partido/5296658,2026-08-05T02:07:35.345701+00:00
5296658,11807182.0,23001331,"MIOTA GOMEZ, DAVID",7,7,100,https://www.rffm.es/acta-partido/5296658,2026-08-05T02:07:35.345701+00:00
5296658,11807182.0,20152063,"SANCHEZ FERNANDEZ, LIAM",17,17,100,https://www.rffm.es/acta-partido/5296658,2026-08-05T02:07:35.345701+00:00
5295302,10339297.0,23150739,"ATIENZA HERMOSA, JULIAN",8,8,100,https://www.rffm.es/acta-partido/5295302,2026-08-05T02:07:35.426727+00:00
5295302,10339297.0,20854487,"JIMENEZ MAYA, KELIAN",21,21,100,https://www.rffm.es/acta-partido/5295302,2026-08-05T02:07:35.426727+00:00
5295302,10339297.0,23151781,"SANCHEZ ALONSO, RAUL",25,25,100,https://www.rffm.es/acta-partido/5295302,2026-08-05T02:07:35.426727+00:00
5295302,10339297.0,23151781,"SANCHEZ ALONSO, RAUL",28,28,100,https://www.rffm.es/acta-partido/5295302,2026-08-05T02:07:35.426727+00:00
5295302,10339297.0,20854487,"JIMENEZ MAYA, KELIAN",29,29,100,https://www.rffm.es/acta-partido/5295302,2026-08-05T02:07:35.426727+00:00
5295300,10654942.0,23243617,"CAMPOS GOYTIA, SANTIAGO",7,7,100,https://www.rffm.es/acta-partido/5295300,2026-08-05T02:07:35.641052+00:00
5295300,10654942.0,20832003,"NAVARRO MINIRI, ISHAQ",9,9,100,https://www.rffm.es/acta-partido/5295300,2026-08-05T02:07:35.641052+00:00
5295300,10654942.0,23243585,"CASTAÑO GARCIA, JAVIER",12,12,100,https://www.rffm.es/acta-partido/5295300,2026-08-05T02:07:35.641052+00:00
5295300,10654942.0,20829676,"MARTIN IGLESIAS, OLIVER",18,18,100,https://www.rffm.es/acta-partido/5295300,2026-08-05T02:07:35.641052+00:00
5295300,10654942.0,20829676,"MARTIN IGLESIAS, OLIVER",19,19,100,https://www.rffm.es/acta-partido/5295300,2026-08-05T02:07:35.641052+00:00
5295300,10654942.0,20829676,"MARTIN IGLESIAS, OLIVER",22,22,100,https://www.rffm.es/acta-partido/5295300,2026-08-05T02:07:35.641052+00:00
5295300,10654942.0,20829676,"MARTIN IGLESIAS, OLIVER",23,23,100,https://www.rffm.es/acta-partido/5295300,2026-08-05T02:07:35.641052+00:00
5295300,10654942.0,20832003,"NAVARRO MINIRI, ISHAQ",25,25,100,https://www.rffm.es/acta-partido/5295300,2026-08-05T02:07:35.641052+00:00
5295300,10654942.0,23243617,"CAMPOS GOYTIA, SANTIAGO",30,30,100,https://www.rffm.es/acta-partido/5295300,2026-08-05T02:07:35.641052+00:00
5296664,11807182.0,23001331,"MIOTA GOMEZ, DAVID",15,15,100,https://www.rffm.es/acta-partido/5296664,2026-08-05T02:07:35.867864+00:00
5296664,11807182.0,20152063,"SANCHEZ FERNANDEZ, LIAM",18,18,100,https://www.rffm.es/acta-partido/5296664,2026-08-05T02:07:35.867864+00:00
5296664,11807182.0,23001331,"MIOTA GOMEZ, DAVID",20,20,100,https://www.rffm.es/acta-partido/5296664,2026-08-05T02:07:35.867864+00:00
5296664,11807182.0,20152063,"SANCHEZ FERNANDEZ, LIAM",27,27,100,https://www.rffm.es/acta-partido/5296664,2026-08-05T02:07:35.867864+00:00
5296664,11807182.0,20152063,"SANCHEZ FERNANDEZ, LIAM",29,29,100,https://www.rffm.es/acta-partido/5296664,2026-08-05T02:07:35.867864+00:00
5297921,11807182.0,23001331,"MIOTA GOMEZ, DAVID",7,7,100,https://www.rffm.es/acta-partido/5297921,2026-08-05T02:07:36.028631+00:00
5297921,11807182.0,23000999,"BARREJON RUIZ, NOAH",27,27,100,https://www.rffm.es/acta-partido/5297921,2026-08-05T02:07:36.028631+00:00
5295307,12233184.0,23248870,"MOÑIVAS LUCAS, NACHO",6,6,100,https://www.rffm.es/acta-partido/5295307,2026-08-05T02:07:36.100193+00:00
5295307,12233184.0,23271223,"CONCEPCION VARGAS, JOAQUIN REY",19,19,100,https://www.rffm.es/acta-partido/5295307,2026-08-05T02:07:36.100193+00:00
5295307,13612211.0,22923887,"AVILÉS AGUILAR, JAVIER",2,2,100,https://www.rffm.es/acta-partido/5295307,2026-08-05T02:07:36.100193+00:00
5295307,13612211.0,22923887,"AVILÉS AGUILAR, JAVIER",7,7,100,https://www.rffm.es/acta-partido/5295307,2026-08-05T02:07:36.100193+00:00
5295307,13612211.0,22923887,"AVILÉS AGUILAR, JAVIER",21,21,100,https://www.rffm.es/acta-partido/5295307,2026-08-05T02:07:36.100193+00:00
5295307,13612211.0,22923887,"AVILÉS AGUILAR, JAVIER",26,26,100,https://www.rffm.es/acta-partido/5295307,2026-08-05T02:07:36.100193+00:00
5295307,13612211.0,20829993,"TABOADA CORTEZ, SANTIAGO",28,28,100,https://www.rffm.es/acta-partido/5295307,2026-08-05T02:07:36.100193+00:00
5295308,10339299.0,23151952,"CAMPO ROMERO, DANIEL",7,7,100,https://www.rffm.es/acta-partido/5295308,2026-08-05T02:07:36.953086+00:00
5295308,10339299.0,23152484,"DRETCANU, ALEHANDRO ANDREI",12,12,100,https://www.rffm.es/acta-partido/5295308,2026-08-05T02:07:36.953086+00:00
5295308,10339299.0,23146151,"JIMENEZ GARCIA, THIAGO",17,17,100,https://www.rffm.es/acta-partido/5295308,2026-08-05T02:07:36.953086+00:00
5295308,10339299.0,23146151,"JIMENEZ GARCIA, THIAGO",18,18,100,https://www.rffm.es/acta-partido/5295308,2026-08-05T02:07:36.953086+00:00
5295308,10339299.0,23146151,"JIMENEZ GARCIA, THIAGO",19,19,100,https://www.rffm.es/acta-partido/5295308,2026-08-05T02:07:36.953086+00:00
5295308,10339299.0,23146151,"JIMENEZ GARCIA, THIAGO",20,20,100,https://www.rffm.es/acta-partido/5295308,2026-08-05T02:07:36.953086+00:00
5295308,10339299.0,23151608,"DUVAL EXPOSITO, GAEL",29,29,100,https://www.rffm.es/acta-partido/5295308,2026-08-05T02:07:36.953086+00:00
5295308,13550320.0,23282477,"PRIETO CACERES, THIAGO JOEL",23,23,100,https://www.rffm.es/acta-partido/5295308,2026-08-05T02:07:36.953086+00:00
5296679,10667395.0,20811971,"LADERA GARCIA, LUCA",4,4,100,https://www.rffm.es/acta-partido/5296679,2026-08-05T02:07:37.027715+00:00
5296679,10667395.0,20812003,"FARGALLO BERNARDO, AARON",8,8,100,https://www.rffm.es/acta-partido/5296679,2026-08-05T02:07:37.027715+00:00
5296679,10667395.0,23128658,"HUEROS BERMEJO, IVAN",20,20,100,https://www.rffm.es/acta-partido/5296679,2026-08-05T02:07:37.027715+00:00
5296679,22377071.0,23002799,"MOLINET IERMIERI, FABIO ANDRES",16,16,100,https://www.rffm.es/acta-partido/5296679,2026-08-05T02:07:37.027715+00:00
5295309,10339297.0,23151781,"SANCHEZ ALONSO, RAUL",2,2,100,https://www.rffm.es/acta-partido/5295309,2026-08-05T02:07:37.289456+00:00
5295309,10339297.0,23151781,"SANCHEZ ALONSO, RAUL",9,9,100,https://www.rffm.es/acta-partido/5295309,2026-08-05T02:07:37.289456+00:00
5295309,10339297.0,23151781,"SANCHEZ ALONSO, RAUL",13,13,100,https://www.rffm.es/acta-partido/5295309,2026-08-05T02:07:37.289456+00:00
5295309,10339297.0,20854487,"JIMENEZ MAYA, KELIAN",17,17,100,https://www.rffm.es/acta-partido/5295309,2026-08-05T02:07:37.289456+00:00
5295309,10339297.0,20854487,"JIMENEZ MAYA, KELIAN",18,18,100,https://www.rffm.es/acta-partido/5295309,2026-08-05T02:07:37.289456+00:00
5295309,10339297.0,20854487,"JIMENEZ MAYA, KELIAN",23,23,100,https://www.rffm.es/acta-partido/5295309,2026-08-05T02:07:37.289456+00:00
5295309,10339297.0,23151781,"SANCHEZ ALONSO, RAUL",24,24,100,https://www.rffm.es/acta-partido/5295309,2026-08-05T02:07:37.289456+00:00
5295309,10339297.0,20854487,"JIMENEZ MAYA, KELIAN",26,26,100,https://www.rffm.es/acta-partido/5295309,2026-08-05T02:07:37.289456+00:00
5295309,21434895.0,22751281,"MUSA GARCÍA, ISSAM TOMÁS",16,16,100,https://www.rffm.es/acta-partido/5295309,2026-08-05T02:07:37.289456+00:00
5295309,21434895.0,22751039,"COI JIMÉNEZ, MANUEL",19,19,100,https://www.rffm.es/acta-partido/5295309,2026-08-05T02:07:37.289456+00:00
5295306,10333048.0,20796539,"ANDRADE XAVIER, ALEJANDRO",1,1,100,https://www.rffm.es/acta-partido/5295306,2026-08-05T02:07:37.376480+00:00
5295306,10333048.0,20796549,"OYOLA CARMONA, JUAN",19,19,100,https://www.rffm.es/acta-partido/5295306,2026-08-05T02:07:37.376480+00:00
5295306,10333048.0,20796539,"ANDRADE XAVIER, ALEJANDRO",22,22,100,https://www.rffm.es/acta-partido/5295306,2026-08-05T02:07:37.376480+00:00
5295306,10333048.0,22807720,"AICART BRAVO, LEO",24,24,100,https://www.rffm.es/acta-partido/5295306,2026-08-05T02:07:37.376480+00:00
5295306,10333048.0,20796539,"ANDRADE XAVIER, ALEJANDRO",30,30,100,https://www.rffm.es/acta-partido/5295306,2026-08-05T02:07:37.376480+00:00
5296666,10339299.0,23152484,"DRETCANU, ALEHANDRO ANDREI",9,9,100,https://www.rffm.es/acta-partido/5296666,2026-08-05T02:07:38.777234+00:00
5296666,10339299.0,20854527,"PINO GONZALEZ, LUCAS DAVID",13,13,100,https://www.rffm.es/acta-partido/5296666,2026-08-05T02:07:38.777234+00:00
5296666,10339299.0,23152484,"DRETCANU, ALEHANDRO ANDREI",18,18,100,https://www.rffm.es/acta-partido/5296666,2026-08-05T02:07:38.777234+00:00
5296666,10339299.0,23152484,"DRETCANU, ALEHANDRO ANDREI",19,19,100,https://www.rffm.es/acta-partido/5296666,2026-08-05T02:07:38.777234+00:00
5296666,10339299.0,20854527,"PINO GONZALEZ, LUCAS DAVID",24,24,100,https://www.rffm.es/acta-partido/5296666,2026-08-05T02:07:38.777234+00:00
5296666,11807182.0,23000999,"BARREJON RUIZ, NOAH",25,25,100,https://www.rffm.es/acta-partido/5296666,2026-08-05T02:07:38.777234+00:00
5297922,23334299.0,21089167,"SANTIAGO DE LAS HERAS, ENZO",10,10,100,https://www.rffm.es/acta-partido/5297922,2026-08-05T02:07:38.781528+00:00
5297922,23334299.0,23128798,"CIRIA PACHECO, CARLOS",25,25,100,https://www.rffm.es/acta-partido/5297922,2026-08-05T02:07:38.781528+00:00
5297922,23334299.0,23128751,"CUBERO ANTON, THIAGO",29,29,100,https://www.rffm.es/acta-partido/5297922,2026-08-05T02:07:38.781528+00:00
5297922,10339297.0,23151781,"SANCHEZ ALONSO, RAUL",5,5,100,https://www.rffm.es/acta-partido/5297922,2026-08-05T02:07:38.781528+00:00
5297922,10339297.0,23151781,"SANCHEZ ALONSO, RAUL",8,8,100,https://www.rffm.es/acta-partido/5297922,2026-08-05T02:07:38.781528+00:00
5297922,10339297.0,23150739,"ATIENZA HERMOSA, JULIAN",16,16,100,https://www.rffm.es/acta-partido/5297922,2026-08-05T02:07:38.781528+00:00
5297922,10339297.0,20854487,"JIMENEZ MAYA, KELIAN",23,23,100,https://www.rffm.es/acta-partido/5297922,2026-08-05T02:07:38.781528+00:00
5297922,10339297.0,23151781,"SANCHEZ ALONSO, RAUL",29,29,100,https://www.rffm.es/acta-partido/5297922,2026-08-05T02:07:38.781528+00:00
5295320,21416890.0,22743412,"SALINAS SÁNCHEZ, IRAI",15,15,100,https://www.rffm.es/acta-partido/5295320,2026-08-05T02:07:38.790011+00:00
5295320,21416890.0,22743478,"LÓPEZ MURILLO, HUGO",26,26,100,https://www.rffm.es/acta-partido/5295320,2026-08-05T02:07:38.790011+00:00
5295320,13612211.0,22923887,"AVILÉS AGUILAR, JAVIER",1,1,100,https://www.rffm.es/acta-partido/5295320,2026-08-05T02:07:38.790011+00:00
5295320,13612211.0,22923887,"AVILÉS AGUILAR, JAVIER",3,3,100,https://www.rffm.es/acta-partido/5295320,2026-08-05T02:07:38.790011+00:00
5295320,13612211.0,20830011,"FERNÁNDEZ CRUZ, MARTÍN",4,4,100,https://www.rffm.es/acta-partido/5295320,2026-08-05T02:07:38.790011+00:00
5295320,13612211.0,23436625,"TEN SANCHEZ, ALEJANDRO",14,14,100,https://www.rffm.es/acta-partido/5295320,2026-08-05T02:07:38.790011+00:00
5295320,13612211.0,22923887,"AVILÉS AGUILAR, JAVIER",15,15,100,https://www.rffm.es/acta-partido/5295320,2026-08-05T02:07:38.790011+00:00
5295320,13612211.0,22923887,"AVILÉS AGUILAR, JAVIER",27,27,100,https://www.rffm.es/acta-partido/5295320,2026-08-05T02:07:38.790011+00:00
5295320,13612211.0,22923887,"AVILÉS AGUILAR, JAVIER",28,28,100,https://www.rffm.es/acta-partido/5295320,2026-08-05T02:07:38.790011+00:00
5295320,13612211.0,22923887,"AVILÉS AGUILAR, JAVIER",29,29,100,https://www.rffm.es/acta-partido/5295320,2026-08-05T02:07:38.790011+00:00
5295320,13612211.0,22923887,"AVILÉS AGUILAR, JAVIER",30,30,100,https://www.rffm.es/acta-partido/5295320,2026-08-05T02:07:38.790011+00:00
5295322,21434895.0,22789663,"LÓPEZ PÉREZ, MAXIMILIANO",1,1,100,https://www.rffm.es/acta-partido/5295322,2026-08-05T02:07:38.794807+00:00
5295322,21434895.0,22895757,"MÁRQUEZ YAGCHIREMA, MATEO",2,2,100,https://www.rffm.es/acta-partido/5295322,2026-08-05T02:07:38.794807+00:00
5295322,21434895.0,22895757,"MÁRQUEZ YAGCHIREMA, MATEO",6,6,100,https://www.rffm.es/acta-partido/5295322,2026-08-05T02:07:38.794807+00:00
5295322,21434895.0,22751281,"MUSA GARCÍA, ISSAM TOMÁS",8,8,100,https://www.rffm.es/acta-partido/5295322,2026-08-05T02:07:38.794807+00:00
5295322,21434895.0,22751281,"MUSA GARCÍA, ISSAM TOMÁS",15,15,100,https://www.rffm.es/acta-partido/5295322,2026-08-05T02:07:38.794807+00:00
5295322,21434895.0,22751281,"MUSA GARCÍA, ISSAM TOMÁS",18,18,100,https://www.rffm.es/acta-partido/5295322,2026-08-05T02:07:38.794807+00:00
5295322,21434895.0,22789663,"LÓPEZ PÉREZ, MAXIMILIANO",20,20,100,https://www.rffm.es/acta-partido/5295322,2026-08-05T02:07:38.794807+00:00
5295322,21434895.0,22789663,"LÓPEZ PÉREZ, MAXIMILIANO",22,22,100,https://www.rffm.es/acta-partido/5295322,2026-08-05T02:07:38.794807+00:00
5295321,10333048.0,20796539,"ANDRADE XAVIER, ALEJANDRO",21,21,100,https://www.rffm.es/acta-partido/5295321,2026-08-05T02:07:39.138240+00:00
5295321,13550320.0,22807720,"AICART BRAVO, LEO",14,14,100,https://www.rffm.es/acta-partido/5295321,2026-08-05T02:07:39.138240+00:00
5295321,13550320.0,23442624,"OJEDA CALDERON, ALEX ADRIAN",29,29,100,https://www.rffm.es/acta-partido/5295321,2026-08-05T02:07:39.138240+00:00
5296673,10339298.0,20854033,"ALMONTE LOPEZ, LIAM",13,13,100,https://www.rffm.es/acta-partido/5296673,2026-08-05T02:07:39.845946+00:00
5296673,10339298.0,20854518,"JIMENEZ PEÑA, VICTOR",15,15,100,https://www.rffm.es/acta-partido/5296673,2026-08-05T02:07:39.845946+00:00
5296673,10339298.0,23151691,"ANCELOTTI GALOCHA, LEONARDO",17,17,100,https://www.rffm.es/acta-partido/5296673,2026-08-05T02:07:39.845946+00:00
5296673,10339298.0,23151691,"ANCELOTTI GALOCHA, LEONARDO",29,29,100,https://www.rffm.es/acta-partido/5296673,2026-08-05T02:07:39.845946+00:00
5296673,10339298.0,20854033,"ALMONTE LOPEZ, LIAM",30,30,100,https://www.rffm.es/acta-partido/5296673,2026-08-05T02:07:39.845946+00:00
5296673,10339298.0,20854518,"JIMENEZ PEÑA, VICTOR",30,30,100,https://www.rffm.es/acta-partido/5296673,2026-08-05T02:07:39.845946+00:00
5295319,10667395.0,20811971,"LADERA GARCIA, LUCA",29,29,100,https://www.rffm.es/acta-partido/5295319,2026-08-05T02:07:39.913051+00:00
5295319,10654942.0,23243617,"CAMPOS GOYTIA, SANTIAGO",12,12,100,https://www.rffm.es/acta-partido/5295319,2026-08-05T02:07:39.913051+00:00
5295319,10654942.0,23417113,"GOMEZ RUIZ, BRUNO",20,20,100,https://www.rffm.es/acta-partido/5295319,2026-08-05T02:07:39.913051+00:00
5296680,10654942.0,23243617,"CAMPOS GOYTIA, SANTIAGO",5,5,100,https://www.rffm.es/acta-partido/5296680,2026-08-05T02:07:40.326390+00:00
5296680,10654942.0,20829676,"MARTIN IGLESIAS, OLIVER",10,10,100,https://www.rffm.es/acta-partido/5296680,2026-08-05T02:07:40.326390+00:00
5296680,10654942.0,23243617,"CAMPOS GOYTIA, SANTIAGO",14,14,100,https://www.rffm.es/acta-partido/5296680,2026-08-05T02:07:40.326390+00:00
5296680,10654942.0,23243617,"CAMPOS GOYTIA, SANTIAGO",25,25,100,https://www.rffm.es/acta-partido/5296680,2026-08-05T02:07:40.326390+00:00
5296680,10654942.0,23243617,"CAMPOS GOYTIA, SANTIAGO",27,27,100,https://www.rffm.es/acta-partido/5296680,2026-08-05T02:07:40.326390+00:00
5296680,10654942.0,23243617,"CAMPOS GOYTIA, SANTIAGO",28,28,100,https://www.rffm.es/acta-partido/5296680,2026-08-05T02:07:40.326390+00:00
5295331,10339297.0,23151781,"SANCHEZ ALONSO, RAUL",6,6,100,https://www.rffm.es/acta-partido/5295331,2026-08-05T02:07:40.330521+00:00
5295331,10339297.0,23151781,"SANCHEZ ALONSO, RAUL",23,23,100,https://www.rffm.es/acta-partido/5295331,2026-08-05T02:07:40.330521+00:00
5295331,10339297.0,23151530,"EL MOKADEM TACHAFINE, AMIR",27,27,100,https://www.rffm.es/acta-partido/5295331,2026-08-05T02:07:40.330521+00:00
5295331,10339299.0,23151952,"CAMPO ROMERO, DANIEL",4,4,100,https://www.rffm.es/acta-partido/5295331,2026-08-05T02:07:40.330521+00:00
5295331,10339299.0,23151608,"DUVAL EXPOSITO, GAEL",7,7,100,https://www.rffm.es/acta-partido/5295331,2026-08-05T02:07:40.330521+00:00
5295327,13612211.0,20829993,"TABOADA CORTEZ, SANTIAGO",24,24,100,https://www.rffm.es/acta-partido/5295327,2026-08-05T02:07:40.411657+00:00
5295327,13612211.0,23436625,"TEN SANCHEZ, ALEJANDRO",28,28,100,https://www.rffm.es/acta-partido/5295327,2026-08-05T02:07:40.411657+00:00
5295327,10667395.0,21089167,"SANTIAGO DE LAS HERAS, ENZO",8,8,100,https://www.rffm.es/acta-partido/5295327,2026-08-05T02:07:40.411657+00:00
5295327,10667395.0,21089167,"SANTIAGO DE LAS HERAS, ENZO",9,9,100,https://www.rffm.es/acta-partido/5295327,2026-08-05T02:07:40.411657+00:00
5295327,10667395.0,20812003,"FARGALLO BERNARDO, AARON",17,17,100,https://www.rffm.es/acta-partido/5295327,2026-08-05T02:07:40.411657+00:00
5295327,10667395.0,23128658,"HUEROS BERMEJO, IVAN",27,27,100,https://www.rffm.es/acta-partido/5295327,2026-08-05T02:07:40.411657+00:00
5295327,10667395.0,21089167,"SANTIAGO DE LAS HERAS, ENZO",28,28,100,https://www.rffm.es/acta-partido/5295327,2026-08-05T02:07:40.411657+00:00
5295327,10667395.0,20811971,"LADERA GARCIA, LUCA",29,29,100,https://www.rffm.es/acta-partido/5295327,2026-08-05T02:07:40.411657+00:00
5297929,10339298.0,20854033,"ALMONTE LOPEZ, LIAM",10,10,100,https://www.rffm.es/acta-partido/5297929,2026-08-05T02:07:40.416011+00:00
5297929,10339298.0,20854518,"JIMENEZ PEÑA, VICTOR",13,13,100,https://www.rffm.es/acta-partido/5297929,2026-08-05T02:07:40.416011+00:00
5297929,10339298.0,20854033,"ALMONTE LOPEZ, LIAM",14,14,100,https://www.rffm.es/acta-partido/5297929,2026-08-05T02:07:40.416011+00:00
5297929,10339298.0,20854033,"ALMONTE LOPEZ, LIAM",17,17,100,https://www.rffm.es/acta-partido/5297929,2026-08-05T02:07:40.416011+00:00
5297929,10339298.0,20854033,"ALMONTE LOPEZ, LIAM",25,25,100,https://www.rffm.es/acta-partido/5297929,2026-08-05T02:07:40.416011+00:00
5297929,10339298.0,20854518,"JIMENEZ PEÑA, VICTOR",29,29,100,https://www.rffm.es/acta-partido/5297929,2026-08-05T02:07:40.416011+00:00
5297929,23334299.0,21089167,"SANTIAGO DE LAS HERAS, ENZO",3,3,100,https://www.rffm.es/acta-partido/5297929,2026-08-05T02:07:40.416011+00:00
5297929,23334299.0,21089167,"SANTIAGO DE LAS HERAS, ENZO",20,20,100,https://www.rffm.es/acta-partido/5297929,2026-08-05T02:07:40.416011+00:00
5295329,10333048.0,20796539,"ANDRADE XAVIER, ALEJANDRO",14,14,100,https://www.rffm.es/acta-partido/5295329,2026-08-05T02:07:40.424140+00:00
5295329,10333048.0,20796539,"ANDRADE XAVIER, ALEJANDRO",15,15,100,https://www.rffm.es/acta-partido/5295329,2026-08-05T02:07:40.424140+00:00
5295329,10333048.0,20796539,"ANDRADE XAVIER, ALEJANDRO",17,17,100,https://www.rffm.es/acta-partido/5295329,2026-08-05T02:07:40.424140+00:00
5295329,10333048.0,22807720,"AICART BRAVO, LEO",24,24,100,https://www.rffm.es/acta-partido/5295329,2026-08-05T02:07:40.424140+00:00
5296660,11807182.0,23664686,"CRISTIA D, ALEXANDER ANDRES",4,4,100,https://www.rffm.es/acta-partido/5296660,2026-08-05T02:07:40.502686+00:00
5296660,11807182.0,23001331,"MIOTA GOMEZ, DAVID",6,6,100,https://www.rffm.es/acta-partido/5296660,2026-08-05T02:07:40.502686+00:00
5296660,11807182.0,23001331,"MIOTA GOMEZ, DAVID",9,9,100,https://www.rffm.es/acta-partido/5296660,2026-08-05T02:07:40.502686+00:00
5296660,11807182.0,23001124,"BAYO GALINDO, PABLO",13,13,100,https://www.rffm.es/acta-partido/5296660,2026-08-05T02:07:40.502686+00:00
5296660,11807182.0,23001331,"MIOTA GOMEZ, DAVID",15,15,100,https://www.rffm.es/acta-partido/5296660,2026-08-05T02:07:40.502686+00:00
5296660,11807182.0,23001331,"MIOTA GOMEZ, DAVID",17,17,100,https://www.rffm.es/acta-partido/5296660,2026-08-05T02:07:40.502686+00:00
5296660,11807182.0,23664686,"CRISTIA D, ALEXANDER ANDRES",18,18,100,https://www.rffm.es/acta-partido/5296660,2026-08-05T02:07:40.502686+00:00
5296660,11807182.0,23001124,"BAYO GALINDO, PABLO",19,19,100,https://www.rffm.es/acta-partido/5296660,2026-08-05T02:07:40.502686+00:00
5296667,10333048.0,22807720,"AICART BRAVO, LEO",16,16,100,https://www.rffm.es/acta-partido/5296667,2026-08-05T02:07:41.850981+00:00
5295334,10667395.0,21089167,"SANTIAGO DE LAS HERAS, ENZO",11,11,100,https://www.rffm.es/acta-partido/5295334,2026-08-05T02:07:41.854653+00:00
5295334,10667395.0,20811971,"LADERA GARCIA, LUCA",17,17,100,https://www.rffm.es/acta-partido/5295334,2026-08-05T02:07:41.854653+00:00
5295334,10667395.0,23128614,"FARO FIGUEROA, JAVIER",29,29,100,https://www.rffm.es/acta-partido/5295334,2026-08-05T02:07:41.854653+00:00
5295334,13550320.0,23420972,"FIGUEROA CANDO, ÁLVARO",1,1,100,https://www.rffm.es/acta-partido/5295334,2026-08-05T02:07:41.854653+00:00
5295334,13550320.0,23420972,"FIGUEROA CANDO, ÁLVARO",18,18,100,https://www.rffm.es/acta-partido/5295334,2026-08-05T02:07:41.854653+00:00
5295334,13550320.0,22952282,"NAJUTE GALAN, DANIEL SAM",21,21,100,https://www.rffm.es/acta-partido/5295334,2026-08-05T02:07:41.854653+00:00
5295334,13550320.0,22952282,"NAJUTE GALAN, DANIEL SAM",28,28,100,https://www.rffm.es/acta-partido/5295334,2026-08-05T02:07:41.854653+00:00
5295328,21416890.0,22743671,"LOSADA SÁNCHEZ, SAMUEL",5,5,100,https://www.rffm.es/acta-partido/5295328,2026-08-05T02:07:41.876780+00:00
5295328,21416890.0,23644703,"GOMEZ-AREVALILLO OREJUELA, IKER",6,6,100,https://www.rffm.es/acta-partido/5295328,2026-08-05T02:07:41.876780+00:00
5295328,21416890.0,22744439,"CORZO SERNA, DARÍO",28,28,100,https://www.rffm.es/acta-partido/5295328,2026-08-05T02:07:41.876780+00:00
5295332,10339298.0,20854518,"JIMENEZ PEÑA, VICTOR",7,7,100,https://www.rffm.es/acta-partido/5295332,2026-08-05T02:07:41.929629+00:00
5295332,10339298.0,20854518,"JIMENEZ PEÑA, VICTOR",10,10,100,https://www.rffm.es/acta-partido/5295332,2026-08-05T02:07:41.929629+00:00
5295332,10339298.0,20854518,"JIMENEZ PEÑA, VICTOR",11,11,100,https://www.rffm.es/acta-partido/5295332,2026-08-05T02:07:41.929629+00:00
5295332,10339298.0,20854033,"ALMONTE LOPEZ, LIAM",12,12,100,https://www.rffm.es/acta-partido/5295332,2026-08-05T02:07:41.929629+00:00
5295332,10339298.0,20854518,"JIMENEZ PEÑA, VICTOR",13,13,100,https://www.rffm.es/acta-partido/5295332,2026-08-05T02:07:41.929629+00:00
5295332,10339298.0,20854033,"ALMONTE LOPEZ, LIAM",16,16,100,https://www.rffm.es/acta-partido/5295332,2026-08-05T02:07:41.929629+00:00
5295332,10339298.0,20854518,"JIMENEZ PEÑA, VICTOR",16,16,100,https://www.rffm.es/acta-partido/5295332,2026-08-05T02:07:41.929629+00:00
5295332,10339298.0,20854518,"JIMENEZ PEÑA, VICTOR",20,20,100,https://www.rffm.es/acta-partido/5295332,2026-08-05T02:07:41.929629+00:00
5295332,10339298.0,20854033,"ALMONTE LOPEZ, LIAM",27,27,100,https://www.rffm.es/acta-partido/5295332,2026-08-05T02:07:41.929629+00:00
5295332,10339298.0,20854518,"JIMENEZ PEÑA, VICTOR",28,28,100,https://www.rffm.es/acta-partido/5295332,2026-08-05T02:07:41.929629+00:00
5295332,10654942.0,23243617,"CAMPOS GOYTIA, SANTIAGO",3,3,100,https://www.rffm.es/acta-partido/5295332,2026-08-05T02:07:41.929629+00:00
5295337,12233184.0,23243743,"FERNANDEZ-YAÑEZ RUIZ, DANIEL",1,1,100,https://www.rffm.es/acta-partido/5295337,2026-08-05T02:07:41.939175+00:00
5295337,10339297.0,23151781,"SANCHEZ ALONSO, RAUL",2,2,100,https://www.rffm.es/acta-partido/5295337,2026-08-05T02:07:41.939175+00:00
5295337,10339297.0,23151781,"SANCHEZ ALONSO, RAUL",2,2,100,https://www.rffm.es/acta-partido/5295337,2026-08-05T02:07:41.939175+00:00
5295337,10339297.0,20854487,"JIMENEZ MAYA, KELIAN",4,4,100,https://www.rffm.es/acta-partido/5295337,2026-08-05T02:07:41.939175+00:00
5295337,10339297.0,20854487,"JIMENEZ MAYA, KELIAN",5,5,100,https://www.rffm.es/acta-partido/5295337,2026-08-05T02:07:41.939175+00:00
5295337,10339297.0,20854487,"JIMENEZ MAYA, KELIAN",6,6,100,https://www.rffm.es/acta-partido/5295337,2026-08-05T02:07:41.939175+00:00
5295337,10339297.0,23151781,"SANCHEZ ALONSO, RAUL",7,7,100,https://www.rffm.es/acta-partido/5295337,2026-08-05T02:07:41.939175+00:00
5295337,10339297.0,23151781,"SANCHEZ ALONSO, RAUL",8,8,100,https://www.rffm.es/acta-partido/5295337,2026-08-05T02:07:41.939175+00:00
5295337,10339297.0,23151608,"DUVAL EXPOSITO, GAEL",8,8,100,https://www.rffm.es/acta-partido/5295337,2026-08-05T02:07:41.939175+00:00
5295337,10339297.0,20854487,"JIMENEZ MAYA, KELIAN",9,9,100,https://www.rffm.es/acta-partido/5295337,2026-08-05T02:07:41.939175+00:00
5295337,10339297.0,23151608,"DUVAL EXPOSITO, GAEL",10,10,100,https://www.rffm.es/acta-partido/5295337,2026-08-05T02:07:41.939175+00:00
5295337,10339297.0,23151608,"DUVAL EXPOSITO, GAEL",14,14,100,https://www.rffm.es/acta-partido/5295337,2026-08-05T02:07:41.939175+00:00
5295337,10339297.0,23151608,"DUVAL EXPOSITO, GAEL",15,15,100,https://www.rffm.es/acta-partido/5295337,2026-08-05T02:07:41.939175+00:00
5295337,10339297.0,20854487,"JIMENEZ MAYA, KELIAN",16,16,100,https://www.rffm.es/acta-partido/5295337,2026-08-05T02:07:41.939175+00:00
5295337,10339297.0,23150739,"ATIENZA HERMOSA, JULIAN",18,18,101,https://www.rffm.es/acta-partido/5295337,2026-08-05T02:07:41.939175+00:00
5295337,10339297.0,23151608,"DUVAL EXPOSITO, GAEL",26,26,100,https://www.rffm.es/acta-partido/5295337,2026-08-05T02:07:41.939175+00:00
5295337,10339297.0,20854487,"JIMENEZ MAYA, KELIAN",27,27,100,https://www.rffm.es/acta-partido/5295337,2026-08-05T02:07:41.939175+00:00
5295337,10339297.0,23151781,"SANCHEZ ALONSO, RAUL",27,27,100,https://www.rffm.es/acta-partido/5295337,2026-08-05T02:07:41.939175+00:00
5295337,10339297.0,23151781,"SANCHEZ ALONSO, RAUL",28,28,100,https://www.rffm.es/acta-partido/5295337,2026-08-05T02:07:41.939175+00:00
5295337,10339297.0,23151781,"SANCHEZ ALONSO, RAUL",29,29,100,https://www.rffm.es/acta-partido/5295337,2026-08-05T02:07:41.939175+00:00
5297923,23334299.0,20811952,"OSPINA RUBIO, HUGO",9,9,100,https://www.rffm.es/acta-partido/5297923,2026-08-05T02:07:42.269607+00:00
5297923,23334299.0,23128504,"SERRANO MERINO, MARTIN",18,18,100,https://www.rffm.es/acta-partido/5297923,2026-08-05T02:07:42.269607+00:00
5297923,10339299.0,23151992,"RODRIGUEZ TORIBIO, MARTIN",6,6,100,https://www.rffm.es/acta-partido/5297923,2026-08-05T02:07:42.269607+00:00
5297923,10339299.0,23152484,"DRETCANU, ALEHANDRO ANDREI",8,8,100,https://www.rffm.es/acta-partido/5297923,2026-08-05T02:07:42.269607+00:00
5297930,10654942.0,23243617,"CAMPOS GOYTIA, SANTIAGO",26,26,100,https://www.rffm.es/acta-partido/5297930,2026-08-05T02:07:43.294557+00:00
5297930,23334299.0,23670429,"OLAYA PINEDA, JAIME",16,16,100,https://www.rffm.es/acta-partido/5297930,2026-08-05T02:07:43.294557+00:00
5296661,11807182.0,20152063,"SANCHEZ FERNANDEZ, LIAM",14,14,100,https://www.rffm.es/acta-partido/5296661,2026-08-05T02:07:43.295649+00:00
5296661,11807182.0,23001331,"MIOTA GOMEZ, DAVID",18,18,100,https://www.rffm.es/acta-partido/5296661,2026-08-05T02:07:43.295649+00:00
5296661,11807182.0,23001331,"MIOTA GOMEZ, DAVID",27,27,100,https://www.rffm.es/acta-partido/5296661,2026-08-05T02:07:43.295649+00:00
5295345,10339299.0,23151608,"DUVAL EXPOSITO, GAEL",1,1,100,https://www.rffm.es/acta-partido/5295345,2026-08-05T02:07:43.855320+00:00
5295345,10339299.0,23151952,"CAMPO ROMERO, DANIEL",4,4,100,https://www.rffm.es/acta-partido/5295345,2026-08-05T02:07:43.855320+00:00
5295345,10339299.0,23152484,"DRETCANU, ALEHANDRO ANDREI",7,7,100,https://www.rffm.es/acta-partido/5295345,2026-08-05T02:07:43.855320+00:00
5295345,10339299.0,23151952,"CAMPO ROMERO, DANIEL",9,9,100,https://www.rffm.es/acta-partido/5295345,2026-08-05T02:07:43.855320+00:00
5295345,10339299.0,23151952,"CAMPO ROMERO, DANIEL",27,27,100,https://www.rffm.es/acta-partido/5295345,2026-08-05T02:07:43.855320+00:00
5295345,10339299.0,23151608,"DUVAL EXPOSITO, GAEL",29,29,100,https://www.rffm.es/acta-partido/5295345,2026-08-05T02:07:43.855320+00:00
5295345,12233184.0,23248850,"MOÑIVAS LUCAS, PABLO",15,15,100,https://www.rffm.es/acta-partido/5295345,2026-08-05T02:07:43.855320+00:00
5295345,12233184.0,23248850,"MOÑIVAS LUCAS, PABLO",17,17,100,https://www.rffm.es/acta-partido/5295345,2026-08-05T02:07:43.855320+00:00
5295342,21434895.0,22751039,"COI JIMÉNEZ, MANUEL",7,7,100,https://www.rffm.es/acta-partido/5295342,2026-08-05T02:07:43.861269+00:00
5295342,21434895.0,22751039,"COI JIMÉNEZ, MANUEL",25,25,102,https://www.rffm.es/acta-partido/5295342,2026-08-05T02:07:43.861269+00:00
5295342,10667395.0,20812003,"FARGALLO BERNARDO, AARON",14,14,100,https://www.rffm.es/acta-partido/5295342,2026-08-05T02:07:43.861269+00:00
5295342,10667395.0,20811971,"LADERA GARCIA, LUCA",20,20,100,https://www.rffm.es/acta-partido/5295342,2026-08-05T02:07:43.861269+00:00
5296681,13550320.0,23442624,"OJEDA CALDERON, ALEX ADRIAN",1,1,100,https://www.rffm.es/acta-partido/5296681,2026-08-05T02:07:43.868974+00:00
5296681,13550320.0,23442624,"OJEDA CALDERON, ALEX ADRIAN",28,28,100,https://www.rffm.es/acta-partido/5296681,2026-08-05T02:07:43.868974+00:00
5296681,13550320.0,22952282,"NAJUTE GALAN, DANIEL SAM",30,30,100,https://www.rffm.es/acta-partido/5296681,2026-08-05T02:07:43.868974+00:00
5295344,10339297.0,20854487,"JIMENEZ MAYA, KELIAN",5,5,100,https://www.rffm.es/acta-partido/5295344,2026-08-05T02:07:43.870675+00:00
5295344,10339297.0,23151781,"SANCHEZ ALONSO, RAUL",10,10,100,https://www.rffm.es/acta-partido/5295344,2026-08-05T02:07:43.870675+00:00
5295344,10339297.0,20854487,"JIMENEZ MAYA, KELIAN",20,20,100,https://www.rffm.es/acta-partido/5295344,2026-08-05T02:07:43.870675+00:00
5295344,10333048.0,20796549,"OYOLA CARMONA, JUAN",1,1,100,https://www.rffm.es/acta-partido/5295344,2026-08-05T02:07:43.870675+00:00
5295344,10333048.0,20796549,"OYOLA CARMONA, JUAN",16,16,100,https://www.rffm.es/acta-partido/5295344,2026-08-05T02:07:43.870675+00:00
5295340,13612211.0,20829993,"TABOADA CORTEZ, SANTIAGO",20,20,100,https://www.rffm.es/acta-partido/5295340,2026-08-05T02:07:43.915482+00:00
5295340,10339298.0,20854033,"ALMONTE LOPEZ, LIAM",8,8,100,https://www.rffm.es/acta-partido/5295340,2026-08-05T02:07:43.915482+00:00
5295340,10339298.0,20854518,"JIMENEZ PEÑA, VICTOR",12,12,100,https://www.rffm.es/acta-partido/5295340,2026-08-05T02:07:43.915482+00:00
5296676,22377071.0,23002799,"MOLINET IERMIERI, FABIO ANDRES",5,5,100,https://www.rffm.es/acta-partido/5296676,2026-08-05T02:07:46.997908+00:00
5296676,22377071.0,23002799,"MOLINET IERMIERI, FABIO ANDRES",16,16,100,https://www.rffm.es/acta-partido/5296676,2026-08-05T02:07:46.997908+00:00
5296676,22377071.0,23002799,"MOLINET IERMIERI, FABIO ANDRES",25,25,100,https://www.rffm.es/acta-partido/5296676,2026-08-05T02:07:46.997908+00:00
5296676,10339297.0,23151893,"LOOR FLORES, THIAGO",1,1,100,https://www.rffm.es/acta-partido/5296676,2026-08-05T02:07:46.997908+00:00
5296676,10339297.0,20854487,"JIMENEZ MAYA, KELIAN",2,2,100,https://www.rffm.es/acta-partido/5296676,2026-08-05T02:07:46.997908+00:00
5296676,10339297.0,20854487,"JIMENEZ MAYA, KELIAN",7,7,100,https://www.rffm.es/acta-partido/5296676,2026-08-05T02:07:46.997908+00:00
5296676,10339297.0,23150739,"ATIENZA HERMOSA, JULIAN",8,8,100,https://www.rffm.es/acta-partido/5296676,2026-08-05T02:07:46.997908+00:00
5296676,10339297.0,23151781,"SANCHEZ ALONSO, RAUL",9,9,100,https://www.rffm.es/acta-partido/5296676,2026-08-05T02:07:46.997908+00:00
5296676,10339297.0,20853172,"AGUILAR PARDO, JORGE NICOLAS",10,10,100,https://www.rffm.es/acta-partido/5296676,2026-08-05T02:07:46.997908+00:00
5296676,10339297.0,23151781,"SANCHEZ ALONSO, RAUL",17,17,100,https://www.rffm.es/acta-partido/5296676,2026-08-05T02:07:46.997908+00:00
5296676,10339297.0,20854487,"JIMENEZ MAYA, KELIAN",18,18,100,https://www.rffm.es/acta-partido/5296676,2026-08-05T02:07:46.997908+00:00
5296676,10339297.0,20853172,"AGUILAR PARDO, JORGE NICOLAS",20,20,100,https://www.rffm.es/acta-partido/5296676,2026-08-05T02:07:46.997908+00:00
5296676,10339297.0,23151473,"EL MOKADEM TACHAFINE, ADAM",30,30,100,https://www.rffm.es/acta-partido/5296676,2026-08-05T02:07:46.997908+00:00
5296676,10339297.0,23151530,"EL MOKADEM TACHAFINE, AMIR",30,30,100,https://www.rffm.es/acta-partido/5296676,2026-08-05T02:07:46.997908+00:00
5295365,21416890.0,22743412,"SALINAS SÁNCHEZ, IRAI",15,15,100,https://www.rffm.es/acta-partido/5295365,2026-08-05T02:07:47.004131+00:00
5295365,21416890.0,23644703,"GOMEZ-AREVALILLO OREJUELA, IKER",16,16,100,https://www.rffm.es/acta-partido/5295365,2026-08-05T02:07:47.004131+00:00
5295365,21416890.0,23644703,"GOMEZ-AREVALILLO OREJUELA, IKER",29,29,100,https://www.rffm.es/acta-partido/5295365,2026-08-05T02:07:47.004131+00:00
5295365,12233184.0,23271171,"RAMIREZ CANDELA, RAUL WALDEMAR",2,2,100,https://www.rffm.es/acta-partido/5295365,2026-08-05T02:07:47.004131+00:00
5295365,12233184.0,23248870,"MOÑIVAS LUCAS, NACHO",3,3,100,https://www.rffm.es/acta-partido/5295365,2026-08-05T02:07:47.004131+00:00
5295365,12233184.0,23271171,"RAMIREZ CANDELA, RAUL WALDEMAR",18,18,100,https://www.rffm.es/acta-partido/5295365,2026-08-05T02:07:47.004131+00:00
5295365,12233184.0,23243743,"FERNANDEZ-YAÑEZ RUIZ, DANIEL",21,21,100,https://www.rffm.es/acta-partido/5295365,2026-08-05T02:07:47.004131+00:00
5295361,10654942.0,23243617,"CAMPOS GOYTIA, SANTIAGO",1,1,100,https://www.rffm.es/acta-partido/5295361,2026-08-05T02:07:47.018063+00:00
5295361,10654942.0,23417113,"GOMEZ RUIZ, BRUNO",8,8,100,https://www.rffm.es/acta-partido/5295361,2026-08-05T02:07:47.018063+00:00
5295361,10654942.0,23417113,"GOMEZ RUIZ, BRUNO",15,15,100,https://www.rffm.es/acta-partido/5295361,2026-08-05T02:07:47.018063+00:00
5295361,21434895.0,22751039,"COI JIMÉNEZ, MANUEL",10,10,100,https://www.rffm.es/acta-partido/5295361,2026-08-05T02:07:47.018063+00:00
5295361,21434895.0,22751039,"COI JIMÉNEZ, MANUEL",14,14,100,https://www.rffm.es/acta-partido/5295361,2026-08-05T02:07:47.018063+00:00
5295361,21434895.0,22751039,"COI JIMÉNEZ, MANUEL",17,17,100,https://www.rffm.es/acta-partido/5295361,2026-08-05T02:07:47.018063+00:00
5296669,10339298.0,23151781,"SANCHEZ ALONSO, RAUL",11,11,100,https://www.rffm.es/acta-partido/5296669,2026-08-05T02:07:47.097296+00:00
5296669,10339298.0,23151781,"SANCHEZ ALONSO, RAUL",12,12,100,https://www.rffm.es/acta-partido/5296669,2026-08-05T02:07:47.097296+00:00
5296669,10339298.0,23145994,"SANCHEZ DIAZ, PEDRO",19,19,100,https://www.rffm.es/acta-partido/5296669,2026-08-05T02:07:47.097296+00:00
5296669,10339298.0,20854033,"ALMONTE LOPEZ, LIAM",25,25,100,https://www.rffm.es/acta-partido/5296669,2026-08-05T02:07:47.097296+00:00
5296669,10339298.0,23151884,"IGLESIAS QUINTERO, GABRIEL",27,27,100,https://www.rffm.es/acta-partido/5296669,2026-08-05T02:07:47.097296+00:00
5296669,10339298.0,23151781,"SANCHEZ ALONSO, RAUL",30,30,100,https://www.rffm.es/acta-partido/5296669,2026-08-05T02:07:47.097296+00:00
5296669,11807182.0,23001331,"MIOTA GOMEZ, DAVID",17,17,100,https://www.rffm.es/acta-partido/5296669,2026-08-05T02:07:47.097296+00:00
5296669,11807182.0,20152063,"SANCHEZ FERNANDEZ, LIAM",21,21,100,https://www.rffm.es/acta-partido/5296669,2026-08-05T02:07:47.097296+00:00
5297925,23334299.0,23128576,"PASTOR QUEZADA, DARIO JOSE",22,22,100,https://www.rffm.es/acta-partido/5297925,2026-08-05T02:07:47.584512+00:00
5297925,10333048.0,20801000,"ALCÁNTARA MAGRO, ELIAN ANEURYS",19,19,100,https://www.rffm.es/acta-partido/5297925,2026-08-05T02:07:47.584512+00:00
5297925,10333048.0,20796549,"OYOLA CARMONA, JUAN",21,21,100,https://www.rffm.es/acta-partido/5297925,2026-08-05T02:07:47.584512+00:00
5297925,10333048.0,20796549,"OYOLA CARMONA, JUAN",28,28,100,https://www.rffm.es/acta-partido/5297925,2026-08-05T02:07:47.584512+00:00
5295360,13612211.0,22923887,"AVILÉS AGUILAR, JAVIER",7,7,100,https://www.rffm.es/acta-partido/5295360,2026-08-05T02:07:47.626296+00:00
5295360,13612211.0,22923887,"AVILÉS AGUILAR, JAVIER",24,24,100,https://www.rffm.es/acta-partido/5295360,2026-08-05T02:07:47.626296+00:00
5295360,13550320.0,22952282,"NAJUTE GALAN, DANIEL SAM",1,1,100,https://www.rffm.es/acta-partido/5295360,2026-08-05T02:07:47.626296+00:00
5295360,13550320.0,23442624,"OJEDA CALDERON, ALEX ADRIAN",3,3,100,https://www.rffm.es/acta-partido/5295360,2026-08-05T02:07:47.626296+00:00
5295360,13550320.0,22952282,"NAJUTE GALAN, DANIEL SAM",25,25,100,https://www.rffm.es/acta-partido/5295360,2026-08-05T02:07:47.626296+00:00
5295364,10667395.0,20811971,"LADERA GARCIA, LUCA",9,9,100,https://www.rffm.es/acta-partido/5295364,2026-08-05T02:07:47.726570+00:00
5295364,10667395.0,20811971,"LADERA GARCIA, LUCA",30,30,100,https://www.rffm.es/acta-partido/5295364,2026-08-05T02:07:47.726570+00:00
5295364,10339299.0,23152484,"DRETCANU, ALEHANDRO ANDREI",11,11,100,https://www.rffm.es/acta-partido/5295364,2026-08-05T02:07:47.726570+00:00
5295364,10339299.0,23152484,"DRETCANU, ALEHANDRO ANDREI",16,16,100,https://www.rffm.es/acta-partido/5295364,2026-08-05T02:07:47.726570+00:00
5295364,10339299.0,23152484,"DRETCANU, ALEHANDRO ANDREI",17,17,100,https://www.rffm.es/acta-partido/5295364,2026-08-05T02:07:47.726570+00:00
5297926,23334299.0,23346424,"CARRELERO CABALLERO, LUCAS",16,16,100,https://www.rffm.es/acta-partido/5297926,2026-08-05T02:07:47.995463+00:00
5297926,23334299.0,23133653,"GONZALEZ BLANCO, LAURA",27,27,100,https://www.rffm.es/acta-partido/5297926,2026-08-05T02:07:47.995463+00:00
5297926,23334299.0,23133653,"GONZALEZ BLANCO, LAURA",29,29,100,https://www.rffm.es/acta-partido/5297926,2026-08-05T02:07:47.995463+00:00
5297926,13550320.0,23420972,"FIGUEROA CANDO, ÁLVARO",24,24,100,https://www.rffm.es/acta-partido/5297926,2026-08-05T02:07:47.995463+00:00
5296663,11807182.0,23664686,"CRISTIA D, ALEXANDER ANDRES",22,22,100,https://www.rffm.es/acta-partido/5296663,2026-08-05T02:07:48.025604+00:00
5296663,10654942.0,23280936,"RAMOS VERA, JOSHUA THIAGO",11,11,100,https://www.rffm.es/acta-partido/5296663,2026-08-05T02:07:48.025604+00:00
5295372,10667395.0,23128751,"CUBERO ANTON, THIAGO",3,3,100,https://www.rffm.es/acta-partido/5295372,2026-08-05T02:07:48.030246+00:00
5295372,10667395.0,23128751,"CUBERO ANTON, THIAGO",4,4,100,https://www.rffm.es/acta-partido/5295372,2026-08-05T02:07:48.030246+00:00
5295372,10667395.0,23128751,"CUBERO ANTON, THIAGO",6,6,100,https://www.rffm.es/acta-partido/5295372,2026-08-05T02:07:48.030246+00:00
5295372,10667395.0,20812003,"FARGALLO BERNARDO, AARON",9,9,100,https://www.rffm.es/acta-partido/5295372,2026-08-05T02:07:48.030246+00:00
5295372,10667395.0,20812003,"FARGALLO BERNARDO, AARON",13,13,100,https://www.rffm.es/acta-partido/5295372,2026-08-05T02:07:48.030246+00:00
5295372,10667395.0,23128614,"FARO FIGUEROA, JAVIER",16,16,100,https://www.rffm.es/acta-partido/5295372,2026-08-05T02:07:48.030246+00:00
5295372,10667395.0,23128751,"CUBERO ANTON, THIAGO",17,17,100,https://www.rffm.es/acta-partido/5295372,2026-08-05T02:07:48.030246+00:00
5295372,10667395.0,23128751,"CUBERO ANTON, THIAGO",18,18,100,https://www.rffm.es/acta-partido/5295372,2026-08-05T02:07:48.030246+00:00
5295373,10333048.0,20796549,"OYOLA CARMONA, JUAN",3,3,100,https://www.rffm.es/acta-partido/5295373,2026-08-05T02:07:48.277191+00:00
5295373,10333048.0,22807720,"AICART BRAVO, LEO",7,7,100,https://www.rffm.es/acta-partido/5295373,2026-08-05T02:07:48.277191+00:00
5295373,10333048.0,20796539,"ANDRADE XAVIER, ALEJANDRO",22,22,100,https://www.rffm.es/acta-partido/5295373,2026-08-05T02:07:48.277191+00:00
5295373,10333048.0,20796539,"ANDRADE XAVIER, ALEJANDRO",23,23,100,https://www.rffm.es/acta-partido/5295373,2026-08-05T02:07:48.277191+00:00
5295383,11362487.0,23175095,"MORENO ZAPATA, ADRIAN",10,10,100,https://www.rffm.es/acta-partido/5295383,2026-08-05T02:08:18.819810+00:00
5295383,11362487.0,20832653,"RHOUNI GARROTE, NAIM",12,12,100,https://www.rffm.es/acta-partido/5295383,2026-08-05T02:08:18.819810+00:00
5295383,11362487.0,20832653,"RHOUNI GARROTE, NAIM",15,15,100,https://www.rffm.es/acta-partido/5295383,2026-08-05T02:08:18.819810+00:00
5295383,11362487.0,21233433,"MORENO JIMENEZ, MARCOS",20,20,100,https://www.rffm.es/acta-partido/5295383,2026-08-05T02:08:18.819810+00:00
5295383,11362487.0,21129578,"CARRASCO REGER, MOISES",27,27,100,https://www.rffm.es/acta-partido/5295383,2026-08-05T02:08:18.819810+00:00
5295383,11362487.0,23174995,"SALAZAR RODRIGUEZ, BRUNO",29,29,100,https://www.rffm.es/acta-partido/5295383,2026-08-05T02:08:18.819810+00:00
5295382,10408479.0,20814428,"MATEOS CRIADO, LUCA",8,8,100,https://www.rffm.es/acta-partido/5295382,2026-08-05T02:08:18.915184+00:00
5295382,10408479.0,23306912,"GALLEGO HONORES, SERGIO",13,13,100,https://www.rffm.es/acta-partido/5295382,2026-08-05T02:08:18.915184+00:00
5295382,10408479.0,23306912,"GALLEGO HONORES, SERGIO",18,18,100,https://www.rffm.es/acta-partido/5295382,2026-08-05T02:08:18.915184+00:00
5295382,10408479.0,16868468,"CARRASCO MARIN, VICTORIA",19,19,100,https://www.rffm.es/acta-partido/5295382,2026-08-05T02:08:18.915184+00:00
5295382,10408479.0,20814428,"MATEOS CRIADO, LUCA",30,30,100,https://www.rffm.es/acta-partido/5295382,2026-08-05T02:08:18.915184+00:00
5295384,10337409.0,21825977,"GABRIEL BIRLA, LUCAS",4,4,100,https://www.rffm.es/acta-partido/5295384,2026-08-05T02:08:18.916737+00:00
5295384,10337409.0,20814495,"BARRERO VAZQUEZ, PEDRO",5,5,100,https://www.rffm.es/acta-partido/5295384,2026-08-05T02:08:18.916737+00:00
5295384,10337409.0,21825977,"GABRIEL BIRLA, LUCAS",6,6,100,https://www.rffm.es/acta-partido/5295384,2026-08-05T02:08:18.916737+00:00
5295384,10337409.0,22501763,"GALLEGO GÁLVEZ, IKER",8,8,100,https://www.rffm.es/acta-partido/5295384,2026-08-05T02:08:18.916737+00:00
5295384,10337409.0,21881390,"ARAY HERNANDEZ, XAVI",12,12,100,https://www.rffm.es/acta-partido/5295384,2026-08-05T02:08:18.916737+00:00
5295384,10337409.0,23244985,"MANZANO FERNANDEZ, FRANCISCO",14,14,100,https://www.rffm.es/acta-partido/5295384,2026-08-05T02:08:18.916737+00:00
5295384,10337409.0,22049245,"YAMPARA FERNANDEZ, JOEL AARON",17,17,100,https://www.rffm.es/acta-partido/5295384,2026-08-05T02:08:18.916737+00:00
5295384,10337409.0,19932106,"MESEGUER JIMENEZ, ALEJANDRO",18,18,100,https://www.rffm.es/acta-partido/5295384,2026-08-05T02:08:18.916737+00:00
5295384,10337409.0,20814495,"BARRERO VAZQUEZ, PEDRO",20,20,100,https://www.rffm.es/acta-partido/5295384,2026-08-05T02:08:18.916737+00:00
5295384,10337409.0,19932106,"MESEGUER JIMENEZ, ALEJANDRO",21,21,100,https://www.rffm.es/acta-partido/5295384,2026-08-05T02:08:18.916737+00:00
5295384,10337409.0,21825977,"GABRIEL BIRLA, LUCAS",22,22,100,https://www.rffm.es/acta-partido/5295384,2026-08-05T02:08:18.916737+00:00
5295384,10337409.0,19932106,"MESEGUER JIMENEZ, ALEJANDRO",23,23,100,https://www.rffm.es/acta-partido/5295384,2026-08-05T02:08:18.916737+00:00
5295384,10337409.0,22501763,"GALLEGO GÁLVEZ, IKER",26,26,100,https://www.rffm.es/acta-partido/5295384,2026-08-05T02:08:18.916737+00:00
5295384,10337409.0,20335148,"RODRIGUEZ RENIEBLAS, ALEJANDRO",27,27,100,https://www.rffm.es/acta-partido/5295384,2026-08-05T02:08:18.916737+00:00
5295385,22934637.0,23242264,"BUZICA, COSMIN ANDREI",1,1,100,https://www.rffm.es/acta-partido/5295385,2026-08-05T02:08:18.967408+00:00
5295385,22934637.0,23240381,"ARANDA ROMERO, SERGIO",7,7,100,https://www.rffm.es/acta-partido/5295385,2026-08-05T02:08:18.967408+00:00
5295385,22934637.0,23243041,"LOPEZ PUEBLA, LUCA",10,10,100,https://www.rffm.es/acta-partido/5295385,2026-08-05T02:08:18.967408+00:00
5295385,22934637.0,23243041,"LOPEZ PUEBLA, LUCA",12,12,100,https://www.rffm.es/acta-partido/5295385,2026-08-05T02:08:18.967408+00:00
5295385,21430710.0,23175603,"MARTIN LACRUZ, ADRIAN",14,14,100,https://www.rffm.es/acta-partido/5295385,2026-08-05T02:08:18.967408+00:00
5295385,21430710.0,23176283,"MENDOZA BOUGAMIR, ENZO",17,17,100,https://www.rffm.es/acta-partido/5295385,2026-08-05T02:08:18.967408+00:00
5295385,21430710.0,23176283,"MENDOZA BOUGAMIR, ENZO",21,21,100,https://www.rffm.es/acta-partido/5295385,2026-08-05T02:08:18.967408+00:00
5295386,13727718.0,22707954,"MORA CUEVAS, EMANUEL",1,1,100,https://www.rffm.es/acta-partido/5295386,2026-08-05T02:08:19.098584+00:00
5295386,13727718.0,22707954,"MORA CUEVAS, EMANUEL",4,4,100,https://www.rffm.es/acta-partido/5295386,2026-08-05T02:08:19.098584+00:00
5295386,13727718.0,22707954,"MORA CUEVAS, EMANUEL",16,16,100,https://www.rffm.es/acta-partido/5295386,2026-08-05T02:08:19.098584+00:00
5295386,13727718.0,23243049,"REGRAG, MOHAMED SALMAN",25,25,100,https://www.rffm.es/acta-partido/5295386,2026-08-05T02:08:19.098584+00:00
5295386,13727718.0,23243049,"REGRAG, MOHAMED SALMAN",26,26,100,https://www.rffm.es/acta-partido/5295386,2026-08-05T02:08:19.098584+00:00
5295392,21430710.0,23175603,"MARTIN LACRUZ, ADRIAN",16,16,100,https://www.rffm.es/acta-partido/5295392,2026-08-05T02:08:19.768451+00:00
5295392,10337409.0,20335148,"RODRIGUEZ RENIEBLAS, ALEJANDRO",1,1,100,https://www.rffm.es/acta-partido/5295392,2026-08-05T02:08:19.768451+00:00
5295392,10337409.0,21825977,"GABRIEL BIRLA, LUCAS",4,4,100,https://www.rffm.es/acta-partido/5295392,2026-08-05T02:08:19.768451+00:00
5295392,10337409.0,22501763,"GALLEGO GÁLVEZ, IKER",11,11,100,https://www.rffm.es/acta-partido/5295392,2026-08-05T02:08:19.768451+00:00
5295392,10337409.0,22539716,"RUIZ TORRES, LUCIANO GAEL",14,14,100,https://www.rffm.es/acta-partido/5295392,2026-08-05T02:08:19.768451+00:00
5295392,10337409.0,21881390,"ARAY HERNANDEZ, XAVI",19,19,100,https://www.rffm.es/acta-partido/5295392,2026-08-05T02:08:19.768451+00:00
5295392,10337409.0,20335148,"RODRIGUEZ RENIEBLAS, ALEJANDRO",28,28,100,https://www.rffm.es/acta-partido/5295392,2026-08-05T02:08:19.768451+00:00
5295390,22092088.0,23217168,"MARIN MAYORGAS, IAN ROMAN",22,22,100,https://www.rffm.es/acta-partido/5295390,2026-08-05T02:08:20.004545+00:00
5295390,10408479.0,16868468,"CARRASCO MARIN, VICTORIA",7,7,100,https://www.rffm.es/acta-partido/5295390,2026-08-05T02:08:20.004545+00:00
5295390,10408479.0,23306840,"PANDURO TORRES, DARIEL ISAEL",11,11,100,https://www.rffm.es/acta-partido/5295390,2026-08-05T02:08:20.004545+00:00
5295394,13727718.0,22893649,"BOUZEKRI GARCIA, NAIM",2,2,100,https://www.rffm.es/acta-partido/5295394,2026-08-05T02:08:20.013373+00:00
5295394,13727718.0,22893649,"BOUZEKRI GARCIA, NAIM",3,3,100,https://www.rffm.es/acta-partido/5295394,2026-08-05T02:08:20.013373+00:00
5295394,13727718.0,23243049,"REGRAG, MOHAMED SALMAN",26,26,100,https://www.rffm.es/acta-partido/5295394,2026-08-05T02:08:20.013373+00:00
5295394,13727718.0,20806184,"MOREIRA ROJAS, ALEXANDER",28,28,100,https://www.rffm.es/acta-partido/5295394,2026-08-05T02:08:20.013373+00:00
5295394,13727718.0,20690644,"KHATIB EL FARGANI, OUDAY",30,30,100,https://www.rffm.es/acta-partido/5295394,2026-08-05T02:08:20.013373+00:00
5295389,16497070.0,23334499,"CONCEPCION SILVA, JUAN ANDRES",11,11,100,https://www.rffm.es/acta-partido/5295389,2026-08-05T02:08:20.609462+00:00
5295389,10358763.0,23316475,"DIAZ BRITOS, PABLO ASIER",11,11,100,https://www.rffm.es/acta-partido/5295389,2026-08-05T02:08:20.609462+00:00
5295389,10358763.0,23316475,"DIAZ BRITOS, PABLO ASIER",22,22,100,https://www.rffm.es/acta-partido/5295389,2026-08-05T02:08:20.609462+00:00
5295389,10358763.0,20852944,"DELGADO MAMANI, MARTIN ASSIER",25,25,100,https://www.rffm.es/acta-partido/5295389,2026-08-05T02:08:20.609462+00:00
5295389,10358763.0,23316475,"DIAZ BRITOS, PABLO ASIER",29,29,100,https://www.rffm.es/acta-partido/5295389,2026-08-05T02:08:20.609462+00:00
5295389,10358763.0,20852944,"DELGADO MAMANI, MARTIN ASSIER",30,30,100,https://www.rffm.es/acta-partido/5295389,2026-08-05T02:08:20.609462+00:00
5295393,22934637.0,23240381,"ARANDA ROMERO, SERGIO",1,1,100,https://www.rffm.es/acta-partido/5295393,2026-08-05T02:08:20.728545+00:00
5295393,22934637.0,23240381,"ARANDA ROMERO, SERGIO",5,5,100,https://www.rffm.es/acta-partido/5295393,2026-08-05T02:08:20.728545+00:00
5295393,22934637.0,23268982,"MUÑOZ ARAOZ, DILAN PEDRO",20,20,100,https://www.rffm.es/acta-partido/5295393,2026-08-05T02:08:20.728545+00:00
5295393,22934637.0,23240381,"ARANDA ROMERO, SERGIO",23,23,100,https://www.rffm.es/acta-partido/5295393,2026-08-05T02:08:20.728545+00:00
5295418,21430710.0,23176283,"MENDOZA BOUGAMIR, ENZO",1,1,100,https://www.rffm.es/acta-partido/5295418,2026-08-05T02:08:25.259063+00:00
5295418,21430710.0,23176283,"MENDOZA BOUGAMIR, ENZO",2,2,100,https://www.rffm.es/acta-partido/5295418,2026-08-05T02:08:25.259063+00:00
5295418,21430710.0,23176283,"MENDOZA BOUGAMIR, ENZO",3,3,100,https://www.rffm.es/acta-partido/5295418,2026-08-05T02:08:25.259063+00:00
5295418,21430710.0,23176283,"MENDOZA BOUGAMIR, ENZO",7,7,100,https://www.rffm.es/acta-partido/5295418,2026-08-05T02:08:25.259063+00:00
5295418,21430710.0,23175603,"MARTIN LACRUZ, ADRIAN",18,18,100,https://www.rffm.es/acta-partido/5295418,2026-08-05T02:08:25.259063+00:00
5295418,21430710.0,23176785,"DE LUIS BRAZUELO, HUGO",25,25,100,https://www.rffm.es/acta-partido/5295418,2026-08-05T02:08:25.259063+00:00
5295418,21430710.0,23176785,"DE LUIS BRAZUELO, HUGO",26,26,100,https://www.rffm.es/acta-partido/5295418,2026-08-05T02:08:25.259063+00:00
5295418,12443974.0,23361184,"HIDALGO GONZALEZ, SERGIO",13,13,100,https://www.rffm.es/acta-partido/5295418,2026-08-05T02:08:25.259063+00:00
5295418,12443974.0,23361184,"HIDALGO GONZALEZ, SERGIO",17,17,100,https://www.rffm.es/acta-partido/5295418,2026-08-05T02:08:25.259063+00:00
5296872,22092088.0,23217104,"HERNANDEZ VIOQUE, SAMUEL",3,3,100,https://www.rffm.es/acta-partido/5296872,2026-08-05T02:08:25.266163+00:00
5296872,22092088.0,23263984,"ALONSO VALDEZ, ENZO",5,5,100,https://www.rffm.es/acta-partido/5296872,2026-08-05T02:08:25.266163+00:00
5296872,22092088.0,22261381,"CONTRERAS FERNANDEZ, BRUNO",6,6,100,https://www.rffm.es/acta-partido/5296872,2026-08-05T02:08:25.266163+00:00
5296872,22092088.0,22261381,"CONTRERAS FERNANDEZ, BRUNO",9,9,100,https://www.rffm.es/acta-partido/5296872,2026-08-05T02:08:25.266163+00:00
5296872,22092088.0,23263984,"ALONSO VALDEZ, ENZO",16,16,100,https://www.rffm.es/acta-partido/5296872,2026-08-05T02:08:25.266163+00:00
5296872,22092088.0,23217104,"HERNANDEZ VIOQUE, SAMUEL",17,17,100,https://www.rffm.es/acta-partido/5296872,2026-08-05T02:08:25.266163+00:00
5296872,22092088.0,23217104,"HERNANDEZ VIOQUE, SAMUEL",18,18,100,https://www.rffm.es/acta-partido/5296872,2026-08-05T02:08:25.266163+00:00
5296872,12145575.0,23333218,"PRIVADO SECO, IZAN",27,27,100,https://www.rffm.es/acta-partido/5296872,2026-08-05T02:08:25.266163+00:00
5295422,22934637.0,23240381,"ARANDA ROMERO, SERGIO",9,9,100,https://www.rffm.es/acta-partido/5295422,2026-08-05T02:08:25.267135+00:00
5295422,10337409.0,22079667,"GOMEZ SANZ, LUCAS",3,3,100,https://www.rffm.es/acta-partido/5295422,2026-08-05T02:08:25.267135+00:00
5295422,10337409.0,21881390,"ARAY HERNANDEZ, XAVI",14,14,100,https://www.rffm.es/acta-partido/5295422,2026-08-05T02:08:25.267135+00:00
5295422,10337409.0,23244985,"MANZANO FERNANDEZ, FRANCISCO",15,15,100,https://www.rffm.es/acta-partido/5295422,2026-08-05T02:08:25.267135+00:00
5295422,10337409.0,20335148,"RODRIGUEZ RENIEBLAS, ALEJANDRO",17,17,100,https://www.rffm.es/acta-partido/5295422,2026-08-05T02:08:25.267135+00:00
5295422,10337409.0,21825977,"GABRIEL BIRLA, LUCAS",18,18,100,https://www.rffm.es/acta-partido/5295422,2026-08-05T02:08:25.267135+00:00
5295422,10337409.0,22501763,"GALLEGO GÁLVEZ, IKER",21,21,100,https://www.rffm.es/acta-partido/5295422,2026-08-05T02:08:25.267135+00:00
5295422,10337409.0,23244985,"MANZANO FERNANDEZ, FRANCISCO",25,25,100,https://www.rffm.es/acta-partido/5295422,2026-08-05T02:08:25.267135+00:00
5295422,10337409.0,23244985,"MANZANO FERNANDEZ, FRANCISCO",27,27,100,https://www.rffm.es/acta-partido/5295422,2026-08-05T02:08:25.267135+00:00
5295417,10337423.0,22799009,"MARTINEZ CALLEJON, EMILIO",8,8,100,https://www.rffm.es/acta-partido/5295417,2026-08-05T02:08:25.374248+00:00
5295417,16497070.0,23247535,"MONTES MUÑOZ, ANTONIO",6,6,100,https://www.rffm.es/acta-partido/5295417,2026-08-05T02:08:25.374248+00:00
5295417,16497070.0,23247535,"MONTES MUÑOZ, ANTONIO",13,13,100,https://www.rffm.es/acta-partido/5295417,2026-08-05T02:08:25.374248+00:00
5295419,22592100.0,23306758,"DALAOUI EL FILALI, AMIR",8,8,101,https://www.rffm.es/acta-partido/5295419,2026-08-05T02:08:25.444220+00:00
5295419,22592100.0,23304321,"BUITRAGO TORRES, EMILIANO",27,27,100,https://www.rffm.es/acta-partido/5295419,2026-08-05T02:08:25.444220+00:00
5295419,10358763.0,20852914,"PLIEGO DEL RIO, SAMUEL",2,2,100,https://www.rffm.es/acta-partido/5295419,2026-08-05T02:08:25.444220+00:00
5295419,10358763.0,20852914,"PLIEGO DEL RIO, SAMUEL",13,13,101,https://www.rffm.es/acta-partido/5295419,2026-08-05T02:08:25.444220+00:00
5295420,10408479.0,16868468,"CARRASCO MARIN, VICTORIA",22,22,100,https://www.rffm.es/acta-partido/5295420,2026-08-05T02:08:25.451321+00:00
5295421,11362487.0,20832715,"ALMANTE LIEBANA, AXEL",1,1,102,https://www.rffm.es/acta-partido/5295421,2026-08-05T02:08:25.454480+00:00
5295433,12443974.0,23361214,"MATIAS GUTIERREZ, THIAGO",1,1,100,https://www.rffm.es/acta-partido/5295433,2026-08-05T02:08:28.675792+00:00
5295433,12443974.0,23361214,"MATIAS GUTIERREZ, THIAGO",3,3,100,https://www.rffm.es/acta-partido/5295433,2026-08-05T02:08:28.675792+00:00
5295433,12443974.0,23361214,"MATIAS GUTIERREZ, THIAGO",6,6,100,https://www.rffm.es/acta-partido/5295433,2026-08-05T02:08:28.675792+00:00
5295433,12443974.0,23361184,"HIDALGO GONZALEZ, SERGIO",14,14,100,https://www.rffm.es/acta-partido/5295433,2026-08-05T02:08:28.675792+00:00
5295433,12443974.0,23361214,"MATIAS GUTIERREZ, THIAGO",18,18,100,https://www.rffm.es/acta-partido/5295433,2026-08-05T02:08:28.675792+00:00
5295433,12443974.0,23361214,"MATIAS GUTIERREZ, THIAGO",24,24,100,https://www.rffm.es/acta-partido/5295433,2026-08-05T02:08:28.675792+00:00
5295435,22934637.0,23268982,"MUÑOZ ARAOZ, DILAN PEDRO",5,5,100,https://www.rffm.es/acta-partido/5295435,2026-08-05T02:08:28.786791+00:00
5295435,10408479.0,23306912,"GALLEGO HONORES, SERGIO",10,10,100,https://www.rffm.es/acta-partido/5295435,2026-08-05T02:08:28.786791+00:00
5296588,21430199.0,23281365,"CASQUERO RIVERA, ROMEO",4,4,100,https://www.rffm.es/acta-partido/5296588,2026-08-05T02:09:26.379206+00:00
5296588,21430199.0,23100293,"LUNA CREGO, ASIER",5,5,100,https://www.rffm.es/acta-partido/5296588,2026-08-05T02:09:26.379206+00:00
5296588,21430199.0,23281365,"CASQUERO RIVERA, ROMEO",8,8,100,https://www.rffm.es/acta-partido/5296588,2026-08-05T02:09:26.379206+00:00
5296588,21430199.0,23436738,"CEREZO GARCIA, SERGIO",9,9,100,https://www.rffm.es/acta-partido/5296588,2026-08-05T02:09:26.379206+00:00
5296588,21430199.0,23100293,"LUNA CREGO, ASIER",13,13,100,https://www.rffm.es/acta-partido/5296588,2026-08-05T02:09:26.379206+00:00
5296588,21430199.0,23117649,"MENESES MENDIETA, CRISTIAN",24,24,100,https://www.rffm.es/acta-partido/5296588,2026-08-05T02:09:26.379206+00:00
5296591,13397895.0,20729634,"MILLAN GARCIA, LUCA",3,3,100,https://www.rffm.es/acta-partido/5296591,2026-08-05T02:09:26.792129+00:00
5296591,13397895.0,21077313,"ANTON, SAUL MIHAI",9,9,100,https://www.rffm.es/acta-partido/5296591,2026-08-05T02:09:26.792129+00:00
5296591,13397895.0,20729634,"MILLAN GARCIA, LUCA",11,11,100,https://www.rffm.es/acta-partido/5296591,2026-08-05T02:09:26.792129+00:00
5296591,13397895.0,21077313,"ANTON, SAUL MIHAI",16,16,100,https://www.rffm.es/acta-partido/5296591,2026-08-05T02:09:26.792129+00:00
5296591,13397895.0,21077313,"ANTON, SAUL MIHAI",21,21,100,https://www.rffm.es/acta-partido/5296591,2026-08-05T02:09:26.792129+00:00
5296591,13397895.0,21077313,"ANTON, SAUL MIHAI",23,23,100,https://www.rffm.es/acta-partido/5296591,2026-08-05T02:09:26.792129+00:00
5296591,10405212.0,21292227,"OMORHIENRHIEN CEPAS, OSAZE MATIAS",2,2,100,https://www.rffm.es/acta-partido/5296591,2026-08-05T02:09:26.792129+00:00
5296591,10405212.0,22476327,"FERNANDEZ MORLANES, GABRIEL",10,10,102,https://www.rffm.es/acta-partido/5296591,2026-08-05T02:09:26.792129+00:00
5296591,10405212.0,21292227,"OMORHIENRHIEN CEPAS, OSAZE MATIAS",12,12,100,https://www.rffm.es/acta-partido/5296591,2026-08-05T02:09:26.792129+00:00
5296591,10405212.0,21292227,"OMORHIENRHIEN CEPAS, OSAZE MATIAS",14,14,100,https://www.rffm.es/acta-partido/5296591,2026-08-05T02:09:26.792129+00:00
5296591,10405212.0,21292227,"OMORHIENRHIEN CEPAS, OSAZE MATIAS",28,28,100,https://www.rffm.es/acta-partido/5296591,2026-08-05T02:09:26.792129+00:00
5296591,10405212.0,21292227,"OMORHIENRHIEN CEPAS, OSAZE MATIAS",29,29,100,https://www.rffm.es/acta-partido/5296591,2026-08-05T02:09:26.792129+00:00
5296590,23029508.0,23244504,"OVEJERO SAN EMETERIO, MARIO",16,16,100,https://www.rffm.es/acta-partido/5296590,2026-08-05T02:09:27.293485+00:00
5296590,10652016.0,20776733,"HASEGAN SÁNCHEZ, DAVID IOAN",2,2,100,https://www.rffm.es/acta-partido/5296590,2026-08-05T02:09:27.293485+00:00
5296590,10652016.0,23244591,"LEAL RODRIGUEZ, ABRAHAM",10,10,100,https://www.rffm.es/acta-partido/5296590,2026-08-05T02:09:27.293485+00:00
5296590,10652016.0,20798338,"MERINO LOPEZ, ALEJANDRO",13,13,100,https://www.rffm.es/acta-partido/5296590,2026-08-05T02:09:27.293485+00:00
5296590,10652016.0,23244549,"PRADO ORTEGA, ISAAC",18,18,100,https://www.rffm.es/acta-partido/5296590,2026-08-05T02:09:27.293485+00:00
5296590,10652016.0,23244591,"LEAL RODRIGUEZ, ABRAHAM",24,24,100,https://www.rffm.es/acta-partido/5296590,2026-08-05T02:09:27.293485+00:00
5296589,10656364.0,22225854,"BARRIGÜETE HERNANDEZ, JULEN",13,13,100,https://www.rffm.es/acta-partido/5296589,2026-08-05T02:09:27.612080+00:00
5296589,10656364.0,22463426,"GOMEZ GOMEZ, ALEX",17,17,100,https://www.rffm.es/acta-partido/5296589,2026-08-05T02:09:27.612080+00:00
5296589,10656364.0,22463426,"GOMEZ GOMEZ, ALEX",23,23,100,https://www.rffm.es/acta-partido/5296589,2026-08-05T02:09:27.612080+00:00
5296589,11417785.0,21972552,"ARIAS ALFEREZ, MATEO",14,14,100,https://www.rffm.es/acta-partido/5296589,2026-08-05T02:09:27.612080+00:00
5296589,11417785.0,21972552,"ARIAS ALFEREZ, MATEO",16,16,100,https://www.rffm.es/acta-partido/5296589,2026-08-05T02:09:27.612080+00:00
5296589,11417785.0,21972552,"ARIAS ALFEREZ, MATEO",16,16,100,https://www.rffm.es/acta-partido/5296589,2026-08-05T02:09:27.612080+00:00
5296589,11417785.0,19747899,"VIANA MOREIRA, MARTIN",28,28,102,https://www.rffm.es/acta-partido/5296589,2026-08-05T02:09:27.612080+00:00
5296604,11417785.0,21972552,"ARIAS ALFEREZ, MATEO",2,2,100,https://www.rffm.es/acta-partido/5296604,2026-08-05T02:09:28.904156+00:00
5296604,11417785.0,19747899,"VIANA MOREIRA, MARTIN",16,16,100,https://www.rffm.es/acta-partido/5296604,2026-08-05T02:09:28.904156+00:00
5296604,11417785.0,21972596,"GOMEZ RODRÍGUEZ, MANUEL",24,24,100,https://www.rffm.es/acta-partido/5296604,2026-08-05T02:09:28.904156+00:00
5296604,11417785.0,15739065,"VASCO AGUDO, JOEL",26,26,100,https://www.rffm.es/acta-partido/5296604,2026-08-05T02:09:28.904156+00:00
5296604,10652016.0,19537723,"FERNANDEZ BLANCO, LEO",22,22,100,https://www.rffm.es/acta-partido/5296604,2026-08-05T02:09:28.904156+00:00
5296605,21430199.0,23107530,"ABAD CONEJO, YAGO",7,7,100,https://www.rffm.es/acta-partido/5296605,2026-08-05T02:09:29.393499+00:00
5296605,10405212.0,21292227,"OMORHIENRHIEN CEPAS, OSAZE MATIAS",12,12,100,https://www.rffm.es/acta-partido/5296605,2026-08-05T02:09:29.393499+00:00
5296613,10656364.0,22225854,"BARRIGÜETE HERNANDEZ, JULEN",21,21,100,https://www.rffm.es/acta-partido/5296613,2026-08-05T02:09:30.104144+00:00
5296613,10652016.0,23244591,"LEAL RODRIGUEZ, ABRAHAM",18,18,100,https://www.rffm.es/acta-partido/5296613,2026-08-05T02:09:30.104144+00:00
5296613,10652016.0,23246206,"MORA ALCALDE, ABEL",29,29,100,https://www.rffm.es/acta-partido/5296613,2026-08-05T02:09:30.104144+00:00
5296614,10405212.0,23329134,"JUMBO CONTRERAS, AXEL DANIEL",1,1,100,https://www.rffm.es/acta-partido/5296614,2026-08-05T02:09:31.019066+00:00
5296614,10405212.0,21292227,"OMORHIENRHIEN CEPAS, OSAZE MATIAS",5,5,100,https://www.rffm.es/acta-partido/5296614,2026-08-05T02:09:31.019066+00:00
5296614,10405212.0,23329134,"JUMBO CONTRERAS, AXEL DANIEL",8,8,100,https://www.rffm.es/acta-partido/5296614,2026-08-05T02:09:31.019066+00:00
5296614,10405212.0,20028730,"ABUIN MENENDEZ, PABLO",12,12,100,https://www.rffm.es/acta-partido/5296614,2026-08-05T02:09:31.019066+00:00
5296614,10405212.0,21292227,"OMORHIENRHIEN CEPAS, OSAZE MATIAS",14,14,100,https://www.rffm.es/acta-partido/5296614,2026-08-05T02:09:31.019066+00:00
5296614,10405212.0,21292227,"OMORHIENRHIEN CEPAS, OSAZE MATIAS",17,17,100,https://www.rffm.es/acta-partido/5296614,2026-08-05T02:09:31.019066+00:00
5296614,10405212.0,21292227,"OMORHIENRHIEN CEPAS, OSAZE MATIAS",18,18,100,https://www.rffm.es/acta-partido/5296614,2026-08-05T02:09:31.019066+00:00
5296614,10405212.0,21292227,"OMORHIENRHIEN CEPAS, OSAZE MATIAS",20,20,100,https://www.rffm.es/acta-partido/5296614,2026-08-05T02:09:31.019066+00:00
5296614,10405212.0,23329134,"JUMBO CONTRERAS, AXEL DANIEL",21,21,100,https://www.rffm.es/acta-partido/5296614,2026-08-05T02:09:31.019066+00:00
5296614,10405212.0,21292227,"OMORHIENRHIEN CEPAS, OSAZE MATIAS",22,22,100,https://www.rffm.es/acta-partido/5296614,2026-08-05T02:09:31.019066+00:00
5296614,10405212.0,20028730,"ABUIN MENENDEZ, PABLO",28,28,100,https://www.rffm.es/acta-partido/5296614,2026-08-05T02:09:31.019066+00:00
5325677,12467526.0,22727880,,11,11,100,https://www.rffm.es/acta-partido/5325677,2026-08-05T02:10:09.900487+00:00
5325677,12467526.0,23158778,,16,16,100,https://www.rffm.es/acta-partido/5325677,2026-08-05T02:10:09.900487+00:00
5325677,12467526.0,23221170,,20,20,100,https://www.rffm.es/acta-partido/5325677,2026-08-05T02:10:09.900487+00:00
5325677,15293951.0,22070964,,1,1,100,https://www.rffm.es/acta-partido/5325677,2026-08-05T02:10:09.900487+00:00
5325677,15293951.0,21642943,,6,6,100,https://www.rffm.es/acta-partido/5325677,2026-08-05T02:10:09.900487+00:00
5325675,15293951.0,22070964,,12,12,100,https://www.rffm.es/acta-partido/5325675,2026-08-05T02:10:10.023565+00:00
5325675,15293951.0,21642943,,21,21,100,https://www.rffm.es/acta-partido/5325675,2026-08-05T02:10:10.023565+00:00
5325675,11897713.0,20292306,,6,6,100,https://www.rffm.es/acta-partido/5325675,2026-08-05T02:10:10.023565+00:00
5325675,11897713.0,20292306,,8,8,100,https://www.rffm.es/acta-partido/5325675,2026-08-05T02:10:10.023565+00:00
5325675,11897713.0,20292306,,17,17,100,https://www.rffm.es/acta-partido/5325675,2026-08-05T02:10:10.023565+00:00
5325676,13562239.0,19281564,,4,4,100,https://www.rffm.es/acta-partido/5325676,2026-08-05T02:10:10.127950+00:00
5325676,13562239.0,21594271,,12,12,100,https://www.rffm.es/acta-partido/5325676,2026-08-05T02:10:10.127950+00:00
5325676,13562239.0,21594271,,14,14,100,https://www.rffm.es/acta-partido/5325676,2026-08-05T02:10:10.127950+00:00
5325676,13562239.0,21597940,,26,26,100,https://www.rffm.es/acta-partido/5325676,2026-08-05T02:10:10.127950+00:00
5325735,13571511.0,23332008,,1,1,100,https://www.rffm.es/acta-partido/5325735,2026-08-05T02:10:27.769489+00:00
5325735,13571511.0,23332008,,1,1,100,https://www.rffm.es/acta-partido/5325735,2026-08-05T02:10:27.769489+00:00
5325735,13571511.0,23345646,,2,2,100,https://www.rffm.es/acta-partido/5325735,2026-08-05T02:10:27.769489+00:00
5325735,13571511.0,23539066,,16,16,100,https://www.rffm.es/acta-partido/5325735,2026-08-05T02:10:27.769489+00:00
5325735,13571511.0,23539066,,21,21,100,https://www.rffm.es/acta-partido/5325735,2026-08-05T02:10:27.769489+00:00
5325735,13571511.0,23332008,,22,22,100,https://www.rffm.es/acta-partido/5325735,2026-08-05T02:10:27.769489+00:00
5325735,13571511.0,23332008,,26,26,100,https://www.rffm.es/acta-partido/5325735,2026-08-05T02:10:27.769489+00:00
5325735,13413109.0,23233659,,27,27,100,https://www.rffm.es/acta-partido/5325735,2026-08-05T02:10:27.769489+00:00
5325734,12521879.0,20839265,,4,4,100,https://www.rffm.es/acta-partido/5325734,2026-08-05T02:10:28.963700+00:00
5325734,12521879.0,20852754,,27,27,100,https://www.rffm.es/acta-partido/5325734,2026-08-05T02:10:28.963700+00:00
5325734,10333361.0,20843332,,1,1,100,https://www.rffm.es/acta-partido/5325734,2026-08-05T02:10:28.963700+00:00
5325734,10333361.0,21889972,,2,2,101,https://www.rffm.es/acta-partido/5325734,2026-08-05T02:10:28.963700+00:00
5325734,10333361.0,21890182,,8,8,100,https://www.rffm.es/acta-partido/5325734,2026-08-05T02:10:28.963700+00:00
5325734,10333361.0,21890182,,22,22,100,https://www.rffm.es/acta-partido/5325734,2026-08-05T02:10:28.963700+00:00
