season,season_id,category,competition,competition_id,group,group_id,group_label_raw,subgroup_label,source_url,scraped_at
2022-2023,18,BENJAMIN,PRIMERA DIVISION AUTONOMICA BENJAMIN F7,15528495,Grupo 1,15623000,Grupo 1,,https://www.rffm.es/api/groups?competicion=15528495,2026-08-03T20:07:29.047535+00:00
2022-2023,18,BENJAMIN,PRIMERA DIVISION AUTONOMICA BENJAMIN F7,15528495,Grupo 2,15623150,Grupo 2,,https://www.rffm.es/api/groups?competicion=15528495,2026-08-03T20:07:34.714897+00:00
2022-2023,18,BENJAMIN,PRIMERA DIVISION AUTONOMICA BENJAMIN F7,15528495,Grupo 3,15623169,Grupo 3,,https://www.rffm.es/api/groups?competicion=15528495,2026-08-03T20:07:38.278299+00:00
2022-2023,18,BENJAMIN,PRIMERA DIVISION AUTONOMICA BENJAMIN F7,15528495,Grupo 4,15623170,Grupo 4,,https://www.rffm.es/api/groups?competicion=15528495,2026-08-03T20:07:41.879293+00:00
2022-2023,18,BENJAMIN,PRIMERA DIVISION AUTONOMICA BENJAMIN F7,15528495,Grupo 5,15623187,Grupo 5,,https://www.rffm.es/api/groups?competicion=15528495,2026-08-03T20:07:45.704805+00:00
2022-2023,18,BENJAMIN,PRIMERA DIVISION AUTONOMICA BENJAMIN F7,15528495,Grupo 6,15623204,Grupo 6,,https://www.rffm.es/api/groups?competicion=15528495,2026-08-03T20:07:49.980469+00:00
2022-2023,18,BENJAMIN,PRIMERA DIVISION AUTONOMICA BENJAMIN F7,15528495,Grupo 7,15623228,Grupo 7,,https://www.rffm.es/api/groups?competicion=15528495,2026-08-03T20:07:53.594631+00:00
2022-2023,18,BENJAMIN,PRIMERA DIVISION AUTONOMICA BENJAMIN F7,15528495,Grupo 8,15623239,Grupo 8,,https://www.rffm.es/api/groups?competicion=15528495,2026-08-03T20:07:56.948494+00:00
2022-2023,18,BENJAMIN,PRIMERA DIVISION AUTONOMICA BENJAMIN F7 - TORNEO DE CAMPEONES,17125890,"CUARTOS, SEMIFINALES Y FINAL",17125892,"CUARTOS, SEMIFINALES Y FINAL",,https://www.rffm.es/api/groups?competicion=17125890,2026-08-03T20:08:00.086444+00:00
2022-2023,18,BENJAMIN,PREFERENTE BENJAMIN F7,15293071,Grupo 1,15767590,Grupo 1,,https://www.rffm.es/api/groups?competicion=15293071,2026-08-03T20:08:02.918964+00:00
2022-2023,18,BENJAMIN,PREFERENTE BENJAMIN F7,15293071,Grupo 2,15767889,Grupo 2,,https://www.rffm.es/api/groups?competicion=15293071,2026-08-03T20:08:06.215691+00:00
2022-2023,18,BENJAMIN,PREFERENTE BENJAMIN F7,15293071,Grupo 3,15767974,Grupo 3,,https://www.rffm.es/api/groups?competicion=15293071,2026-08-03T20:08:10.761963+00:00
2022-2023,18,BENJAMIN,PREFERENTE BENJAMIN F7,15293071,Grupo 4,15768112,Grupo 4,,https://www.rffm.es/api/groups?competicion=15293071,2026-08-03T20:08:14.835059+00:00
2022-2023,18,BENJAMIN,PREFERENTE BENJAMIN F7,15293071,Grupo 5,15768264,Grupo 5,,https://www.rffm.es/api/groups?competicion=15293071,2026-08-03T20:08:18.571489+00:00
2022-2023,18,BENJAMIN,PREFERENTE BENJAMIN F7,15293071,Grupo 6,15768309,Grupo 6,,https://www.rffm.es/api/groups?competicion=15293071,2026-08-03T20:08:21.708401+00:00
2022-2023,18,BENJAMIN,PREFERENTE BENJAMIN F7,15293071,Grupo 7,15768357,Grupo 7,,https://www.rffm.es/api/groups?competicion=15293071,2026-08-03T20:08:25.115395+00:00
2022-2023,18,BENJAMIN,PREFERENTE BENJAMIN F7,15293071,Grupo 8,15768393,Grupo 8,,https://www.rffm.es/api/groups?competicion=15293071,2026-08-03T20:08:28.310159+00:00
2022-2023,18,BENJAMIN,PREFERENTE BENJAMIN F7,15293071,Grupo 9,15768417,Grupo 9,,https://www.rffm.es/api/groups?competicion=15293071,2026-08-03T20:08:31.231338+00:00
2022-2023,18,BENJAMIN,PREFERENTE BENJAMIN F7,15293071,Grupo 10,15768480,Grupo 10,,https://www.rffm.es/api/groups?competicion=15293071,2026-08-03T20:08:34.830075+00:00
2022-2023,18,BENJAMIN,PREFERENTE BENJAMIN F7,15293071,Grupo 11,15768489,Grupo 11,,https://www.rffm.es/api/groups?competicion=15293071,2026-08-03T20:08:40.308994+00:00
2022-2023,18,BENJAMIN,PREFERENTE BENJAMIN F7,15293071,Grupo 12,15768514,Grupo 12,,https://www.rffm.es/api/groups?competicion=15293071,2026-08-03T20:08:44.921277+00:00
2022-2023,18,BENJAMIN,PREFERENTE BENJAMIN F7,15293071,Grupo 13,15768568,Grupo 13,,https://www.rffm.es/api/groups?competicion=15293071,2026-08-03T20:08:48.938993+00:00
2022-2023,18,BENJAMIN,PREFERENTE BENJAMIN F7,15293071,Grupo 14,15768571,Grupo 14,,https://www.rffm.es/api/groups?competicion=15293071,2026-08-03T20:08:52.735390+00:00
2022-2023,18,BENJAMIN,PREFERENTE BENJAMIN F7,15293071,Grupo 15,15768596,Grupo 15,,https://www.rffm.es/api/groups?competicion=15293071,2026-08-03T20:08:55.813471+00:00
2022-2023,18,BENJAMIN,PREFERENTE BENJAMIN F7,15293071,Grupo 16,15768619,Grupo 16,,https://www.rffm.es/api/groups?competicion=15293071,2026-08-03T20:08:59.555168+00:00
2022-2023,18,BENJAMIN,PREFERENTE BENJAMIN F7 - TORNEO DE CAMPEONES,17126056,"OCTAVOS, CUARTOS, SEMIFINALES Y FINAL",17126057,"OCTAVOS, CUARTOS, SEMIFINALES Y FINAL",,https://www.rffm.es/api/groups?competicion=17126056,2026-08-03T20:09:03.164383+00:00
2022-2023,18,BENJAMIN,PRIMERA BENJAMIN F7,15293072,Grupo 1,15293073,Grupo 1,,https://www.rffm.es/api/groups?competicion=15293072,2026-08-03T20:09:05.620124+00:00
2022-2023,18,BENJAMIN,PRIMERA BENJAMIN F7,15293072,Grupo 2,15293074,Grupo 2,,https://www.rffm.es/api/groups?competicion=15293072,2026-08-03T20:09:08.884774+00:00
2022-2023,18,BENJAMIN,PRIMERA BENJAMIN F7,15293072,Grupo 3,15293075,Grupo 3,,https://www.rffm.es/api/groups?competicion=15293072,2026-08-03T20:09:11.843127+00:00
2022-2023,18,BENJAMIN,PRIMERA BENJAMIN F7,15293072,Grupo 4,15293076,Grupo 4,,https://www.rffm.es/api/groups?competicion=15293072,2026-08-03T20:09:15.065081+00:00
2022-2023,18,BENJAMIN,PRIMERA BENJAMIN F7,15293072,Grupo 5,15293077,Grupo 5,,https://www.rffm.es/api/groups?competicion=15293072,2026-08-03T20:09:18.106483+00:00
2022-2023,18,BENJAMIN,PRIMERA BENJAMIN F7,15293072,Grupo 6,15947112,Grupo 6,,https://www.rffm.es/api/groups?competicion=15293072,2026-08-03T20:09:21.027378+00:00
2022-2023,18,BENJAMIN,PRIMERA BENJAMIN F7,15293072,Grupo 7,15293078,Grupo 7,,https://www.rffm.es/api/groups?competicion=15293072,2026-08-03T20:09:23.621480+00:00
2022-2023,18,BENJAMIN,PRIMERA BENJAMIN F7,15293072,Grupo 8,15947184,Grupo 8,,https://www.rffm.es/api/groups?competicion=15293072,2026-08-03T20:09:26.155728+00:00
2022-2023,18,BENJAMIN,PRIMERA BENJAMIN F7,15293072,Grupo 9,15947204,Grupo 9,,https://www.rffm.es/api/groups?competicion=15293072,2026-08-03T20:09:28.898680+00:00
2022-2023,18,BENJAMIN,PRIMERA BENJAMIN F7,15293072,Grupo 10,15947260,Grupo 10,,https://www.rffm.es/api/groups?competicion=15293072,2026-08-03T20:09:31.932414+00:00
2022-2023,18,BENJAMIN,PRIMERA BENJAMIN F7,15293072,Grupo 11,15949233,Grupo 11,,https://www.rffm.es/api/groups?competicion=15293072,2026-08-03T20:09:34.781725+00:00
2022-2023,18,BENJAMIN,PRIMERA BENJAMIN F7,15293072,Grupo 12,15949579,Grupo 12,,https://www.rffm.es/api/groups?competicion=15293072,2026-08-03T20:09:37.776350+00:00
2022-2023,18,BENJAMIN,PRIMERA BENJAMIN F7,15293072,Grupo 13,15950168,Grupo 13,,https://www.rffm.es/api/groups?competicion=15293072,2026-08-03T20:09:40.485496+00:00
2022-2023,18,BENJAMIN,PRIMERA BENJAMIN F7,15293072,Grupo 14,15950355,Grupo 14,,https://www.rffm.es/api/groups?competicion=15293072,2026-08-03T20:09:43.154008+00:00
2022-2023,18,BENJAMIN,PRIMERA BENJAMIN F7,15293072,Grupo 15,15950534,Grupo 15,,https://www.rffm.es/api/groups?competicion=15293072,2026-08-03T20:09:46.727327+00:00
2022-2023,18,BENJAMIN,PRIMERA BENJAMIN F7,15293072,Grupo 16,15950723,Grupo 16,,https://www.rffm.es/api/groups?competicion=15293072,2026-08-03T20:09:49.401375+00:00
2022-2023,18,BENJAMIN,PRIMERA BENJAMIN F7,15293072,Grupo 17,15950978,Grupo 17,,https://www.rffm.es/api/groups?competicion=15293072,2026-08-03T20:09:52.169505+00:00
2022-2023,18,BENJAMIN,PRIMERA BENJAMIN F7,15293072,Grupo 18,15951085,Grupo 18,,https://www.rffm.es/api/groups?competicion=15293072,2026-08-03T20:09:56.628709+00:00
2022-2023,18,BENJAMIN,PRIMERA BENJAMIN F7,15293072,Grupo 19,15951229,Grupo 19,,https://www.rffm.es/api/groups?competicion=15293072,2026-08-03T20:09:59.283523+00:00
2022-2023,18,BENJAMIN,PRIMERA BENJAMIN F7,15293072,Grupo 20,15951329,Grupo 20,,https://www.rffm.es/api/groups?competicion=15293072,2026-08-03T20:10:03.349927+00:00
2022-2023,18,BENJAMIN,PRIMERA BENJAMIN F7,15293072,Grupo 21,15951848,Grupo 21,,https://www.rffm.es/api/groups?competicion=15293072,2026-08-03T20:10:06.419061+00:00
2022-2023,18,BENJAMIN,PRIMERA BENJAMIN F7,15293072,Grupo 22,15952163,Grupo 22,,https://www.rffm.es/api/groups?competicion=15293072,2026-08-03T20:10:09.233350+00:00
2022-2023,18,BENJAMIN,PRIMERA BENJAMIN F7,15293072,Grupo 23,15952315,Grupo 23,,https://www.rffm.es/api/groups?competicion=15293072,2026-08-03T20:10:13.312782+00:00
2022-2023,18,BENJAMIN,PRIMERA BENJAMIN F7,15293072,Grupo 24,15952436,Grupo 24,,https://www.rffm.es/api/groups?competicion=15293072,2026-08-03T20:10:16.186330+00:00
2022-2023,18,BENJAMIN,PRIMERA BENJAMIN F7,15293072,Grupo 25,15952709,Grupo 25,,https://www.rffm.es/api/groups?competicion=15293072,2026-08-03T20:10:18.748760+00:00
2022-2023,18,BENJAMIN,PRIMERA BENJAMIN F7,15293072,Grupo 26,15952766,Grupo 26,,https://www.rffm.es/api/groups?competicion=15293072,2026-08-03T20:10:21.674890+00:00
2022-2023,18,BENJAMIN,PRIMERA BENJAMIN F7,15293072,Grupo 27,15952970,Grupo 27,,https://www.rffm.es/api/groups?competicion=15293072,2026-08-03T20:10:25.731043+00:00
2022-2023,18,BENJAMIN,PRIMERA BENJAMIN F7,15293072,Grupo 28,15953317,Grupo 28,,https://www.rffm.es/api/groups?competicion=15293072,2026-08-03T20:10:28.411780+00:00
2022-2023,18,BENJAMIN,PRIMERA BENJAMIN F7,15293072,Grupo 29,15953398,Grupo 29,,https://www.rffm.es/api/groups?competicion=15293072,2026-08-03T20:10:31.108059+00:00
2022-2023,18,BENJAMIN,PRIMERA BENJAMIN F7,15293072,Grupo 30,15953442,Grupo 30,,https://www.rffm.es/api/groups?competicion=15293072,2026-08-03T20:10:34.322632+00:00
2022-2023,18,BENJAMIN,PRIMERA BENJAMIN F7,15293072,Grupo 31,15953515,Grupo 31,,https://www.rffm.es/api/groups?competicion=15293072,2026-08-03T20:10:38.191686+00:00
2022-2023,18,BENJAMIN,PRIMERA BENJAMIN F7,15293072,Grupo 32,15953555,Grupo 32,,https://www.rffm.es/api/groups?competicion=15293072,2026-08-03T20:10:42.204700+00:00
2022-2023,18,BENJAMIN,PRIMERA BENJAMIN F7,15293072,Grupo 33,15953595,Grupo 33,,https://www.rffm.es/api/groups?competicion=15293072,2026-08-03T20:10:47.039238+00:00
2022-2023,18,BENJAMIN,PRIMERA BENJAMIN F7,15293072,Grupo 34,15953646,Grupo 34,,https://www.rffm.es/api/groups?competicion=15293072,2026-08-03T20:10:49.784889+00:00
2022-2023,18,BENJAMIN,PRIMERA BENJAMIN F7,15293072,Grupo 35,15953664,Grupo 35,,https://www.rffm.es/api/groups?competicion=15293072,2026-08-03T20:10:52.685254+00:00
2022-2023,18,BENJAMIN,PRIMERA BENJAMIN F7,15293072,Grupo 36,15953904,Grupo 36,,https://www.rffm.es/api/groups?competicion=15293072,2026-08-03T20:10:55.945976+00:00
2022-2023,18,BENJAMIN,PRIMERA BENJAMIN F7,15293072,Grupo 37,15953914,Grupo 37,,https://www.rffm.es/api/groups?competicion=15293072,2026-08-03T20:10:58.446437+00:00
2022-2023,18,BENJAMIN,PRIMERA BENJAMIN F7,15293072,Grupo 38,15953930,Grupo 38,,https://www.rffm.es/api/groups?competicion=15293072,2026-08-03T20:11:01.603232+00:00
2022-2023,18,BENJAMIN,PRIMERA BENJAMIN F7,15293072,Grupo 39,15954392,Grupo 39,,https://www.rffm.es/api/groups?competicion=15293072,2026-08-03T20:11:04.696919+00:00
2022-2023,18,BENJAMIN,PRIMERA BENJAMIN F7,15293072,Grupo 40,15954408,Grupo 40,,https://www.rffm.es/api/groups?competicion=15293072,2026-08-03T20:11:08.611093+00:00
2022-2023,18,BENJAMIN,PRIMERA BENJAMIN F7,15293072,Grupo 41,15954458,Grupo 41,,https://www.rffm.es/api/groups?competicion=15293072,2026-08-03T20:11:12.006458+00:00
2022-2023,18,BENJAMIN,PRIMERA BENJAMIN F7,15293072,Grupo 42,15954493,Grupo 42,,https://www.rffm.es/api/groups?competicion=15293072,2026-08-03T20:11:15.035573+00:00
2022-2023,18,BENJAMIN,PRIMERA BENJAMIN F7,15293072,Grupo 43,15954517,Grupo 43,,https://www.rffm.es/api/groups?competicion=15293072,2026-08-03T20:11:17.717074+00:00
2022-2023,18,BENJAMIN,PRIMERA BENJAMIN F7,15293072,Grupo 44,15995517,Grupo 44,,https://www.rffm.es/api/groups?competicion=15293072,2026-08-03T20:11:20.765051+00:00
2022-2023,18,BENJAMIN,PRIMERA BENJAMIN F7,15293072,Grupo 45,15995584,Grupo 45,,https://www.rffm.es/api/groups?competicion=15293072,2026-08-03T20:11:25.110028+00:00
2022-2023,18,BENJAMIN,PRIMERA BENJAMIN F7,15293072,Grupo 46,15995604,Grupo 46,,https://www.rffm.es/api/groups?competicion=15293072,2026-08-03T20:11:28.260384+00:00
2022-2023,18,BENJAMIN,PRIMERA BENJAMIN F7,15293072,Grupo 47,15995624,Grupo 47,,https://www.rffm.es/api/groups?competicion=15293072,2026-08-03T20:11:30.790106+00:00
2022-2023,18,BENJAMIN,PRIMERA BENJAMIN F7,15293072,Grupo 48,15995632,Grupo 48,,https://www.rffm.es/api/groups?competicion=15293072,2026-08-03T20:11:33.783226+00:00
2022-2023,18,BENJAMIN,PRIMERA BENJAMIN F7,15293072,Grupo 49,15995648,Grupo 49,,https://www.rffm.es/api/groups?competicion=15293072,2026-08-03T20:11:36.611413+00:00
2022-2023,18,BENJAMIN,PRIMERA BENJAMIN F7,15293072,Grupo 50,15995688,Grupo 50,,https://www.rffm.es/api/groups?competicion=15293072,2026-08-03T20:11:40.387782+00:00
2022-2023,18,BENJAMIN,PRIMERA BENJAMIN F7,15293072,Grupo 51,15995691,Grupo 51,,https://www.rffm.es/api/groups?competicion=15293072,2026-08-03T20:11:42.959652+00:00
2022-2023,18,BENJAMIN,PRIMERA BENJAMIN F7,15293072,Grupo 52,15995707,Grupo 52,,https://www.rffm.es/api/groups?competicion=15293072,2026-08-03T20:11:46.081475+00:00
2022-2023,18,BENJAMIN,PRIMERA BENJAMIN F7,15293072,Grupo 53,15995732,Grupo 53,,https://www.rffm.es/api/groups?competicion=15293072,2026-08-03T20:11:50.249372+00:00
2022-2023,18,BENJAMIN,PRIMERA BENJAMIN F7,15293072,Grupo 54,15995750,Grupo 54,,https://www.rffm.es/api/groups?competicion=15293072,2026-08-03T20:11:53.100142+00:00
2022-2023,18,BENJAMIN,PRIMERA BENJAMIN F7,15293072,Grupo 55,15995779,Grupo 55,,https://www.rffm.es/api/groups?competicion=15293072,2026-08-03T20:11:55.746531+00:00
2022-2023,18,BENJAMIN,PRIMERA BENJAMIN F7,15293072,Grupo 56,15995820,Grupo 56,,https://www.rffm.es/api/groups?competicion=15293072,2026-08-03T20:11:58.359866+00:00
2022-2023,18,BENJAMIN,PRIMERA BENJAMIN F7,15293072,Grupo 57,15995851,Grupo 57,,https://www.rffm.es/api/groups?competicion=15293072,2026-08-03T20:12:02.639185+00:00
2022-2023,18,BENJAMIN,PRIMERA BENJAMIN F7,15293072,Grupo 58,15995872,Grupo 58,,https://www.rffm.es/api/groups?competicion=15293072,2026-08-03T20:12:05.963308+00:00
2022-2023,18,BENJAMIN,PRIMERA BENJAMIN F7,15293072,Grupo 59,15995876,Grupo 59,,https://www.rffm.es/api/groups?competicion=15293072,2026-08-03T20:12:08.769505+00:00
2022-2023,18,BENJAMIN,PRIMERA BENJAMIN F7,15293072,Grupo 60,15995896,Grupo 60,,https://www.rffm.es/api/groups?competicion=15293072,2026-08-03T20:12:11.587644+00:00
2022-2023,18,BENJAMIN,PRIMERA BENJAMIN F7,15293072,Grupo 61,15995897,Grupo 61,,https://www.rffm.es/api/groups?competicion=15293072,2026-08-03T20:12:14.589057+00:00
2022-2023,18,BENJAMIN,PRIMERA BENJAMIN F7,15293072,Grupo 62,15995903,Grupo 62,,https://www.rffm.es/api/groups?competicion=15293072,2026-08-03T20:12:17.540480+00:00
2022-2023,18,BENJAMIN,PRIMERA BENJAMIN F7 - TORNEO DE CAMPEONES,17123250,OCTAVOS/CUARTOS/SEMIS/FINAL,17123285,OCTAVOS/CUARTOS/SEMIS/FINAL,,https://www.rffm.es/api/groups?competicion=17123250,2026-08-03T20:12:20.536354+00:00
2022-2023,18,PREBENJAMIN,PREFERENTE PREBENJAMIN,15293079,GRUPO 1,16544378,GRUPO 1,,https://www.rffm.es/api/groups?competicion=15293079,2026-08-03T20:12:23.581511+00:00
2022-2023,18,PREBENJAMIN,PREFERENTE PREBENJAMIN,15293079,GRUPO 2,16544528,GRUPO 2,,https://www.rffm.es/api/groups?competicion=15293079,2026-08-03T20:12:26.344464+00:00
2022-2023,18,PREBENJAMIN,PREFERENTE PREBENJAMIN,15293079,GRUPO 3,16544787,GRUPO 3,,https://www.rffm.es/api/groups?competicion=15293079,2026-08-03T20:12:31.578439+00:00
2022-2023,18,PREBENJAMIN,PREFERENTE PREBENJAMIN,15293079,GRUPO 4,16544919,GRUPO 4,,https://www.rffm.es/api/groups?competicion=15293079,2026-08-03T20:12:35.980141+00:00
2022-2023,18,PREBENJAMIN,PREFERENTE PREBENJAMIN,15293079,GRUPO 5,16544990,GRUPO 5,,https://www.rffm.es/api/groups?competicion=15293079,2026-08-03T20:12:38.339791+00:00
2022-2023,18,PREBENJAMIN,PREFERENTE PREBENJAMIN,15293079,GRUPO 6,16545052,GRUPO 6,,https://www.rffm.es/api/groups?competicion=15293079,2026-08-03T20:12:40.748101+00:00
2022-2023,18,PREBENJAMIN,PREFERENTE PREBENJAMIN,15293079,GRUPO 7,16545072,GRUPO 7,,https://www.rffm.es/api/groups?competicion=15293079,2026-08-03T20:12:43.527964+00:00
2022-2023,18,PREBENJAMIN,PREFERENTE PREBENJAMIN,15293079,GRUPO 8,16545102,GRUPO 8,,https://www.rffm.es/api/groups?competicion=15293079,2026-08-03T20:12:48.102408+00:00
2022-2023,18,PREBENJAMIN,PREFERENTE PREBENJAMIN,15293079,GRUPO 9,16545160,GRUPO 9,,https://www.rffm.es/api/groups?competicion=15293079,2026-08-03T20:12:51.246146+00:00
2022-2023,18,PREBENJAMIN,PREFERENTE PREBENJAMIN,15293079,GRUPO 10,16545195,GRUPO 10,,https://www.rffm.es/api/groups?competicion=15293079,2026-08-03T20:12:54.949789+00:00
2022-2023,18,PREBENJAMIN,PREFERENTE PREBENJAMIN - TORNEO DE CAMPEONES,17123246,CUARTOS SEMIFINALES Y FINAL,17123538,CUARTOS SEMIFINALES Y FINAL,,https://www.rffm.es/api/groups?competicion=17123246,2026-08-03T20:12:57.295200+00:00
2022-2023,18,PREBENJAMIN,PREFERENTE PREBENJAMIN 2ª FASE INICIO 3-4 MARZO,16951249,GRUPO 1 SUBGRUPO A,16951250,GRUPO 1 SUBGRUPO A,,https://www.rffm.es/api/groups?competicion=16951249,2026-08-03T20:12:59.308919+00:00
2022-2023,18,PREBENJAMIN,PREFERENTE PREBENJAMIN 2ª FASE INICIO 3-4 MARZO,16951249,GRUPO 1 SUBGRUPO B,16951263,GRUPO 1 SUBGRUPO B,,https://www.rffm.es/api/groups?competicion=16951249,2026-08-03T20:13:01.913389+00:00
2022-2023,18,PREBENJAMIN,PREFERENTE PREBENJAMIN 2ª FASE INICIO 3-4 MARZO,16951249,GRUPO 4 SUBGRUPO A,16951253,GRUPO 4 SUBGRUPO A,,https://www.rffm.es/api/groups?competicion=16951249,2026-08-03T20:13:04.631698+00:00
2022-2023,18,PREBENJAMIN,PREFERENTE PREBENJAMIN 2ª FASE INICIO 3-4 MARZO,16951249,GRUPO 4 SUBGRUPO B,16951264,GRUPO 4 SUBGRUPO B,,https://www.rffm.es/api/groups?competicion=16951249,2026-08-03T20:13:06.829186+00:00
2022-2023,18,PREBENJAMIN,PREFERENTE PREBENJAMIN 2ª FASE INICIO 3-4 MARZO,16951249,GRUPO 5 SUBGRUPO A,16951254,GRUPO 5 SUBGRUPO A,,https://www.rffm.es/api/groups?competicion=16951249,2026-08-03T20:13:09.386745+00:00
2022-2023,18,PREBENJAMIN,PREFERENTE PREBENJAMIN 2ª FASE INICIO 3-4 MARZO,16951249,GRUPO 5 SUBGRUPO B,16951266,GRUPO 5 SUBGRUPO B,,https://www.rffm.es/api/groups?competicion=16951249,2026-08-03T20:13:11.544010+00:00
2022-2023,18,PREBENJAMIN,PREFERENTE PREBENJAMIN 2ª FASE INICIO 3-4 MARZO,16951249,GRUPO 8 SUBGRUPO A,16951257,GRUPO 8 SUBGRUPO A,,https://www.rffm.es/api/groups?competicion=16951249,2026-08-03T20:13:14.397963+00:00
2022-2023,18,PREBENJAMIN,PREFERENTE PREBENJAMIN 2ª FASE INICIO 3-4 MARZO,16951249,GRUPO 8 SUBGRUPO B,16951270,GRUPO 8 SUBGRUPO B,,https://www.rffm.es/api/groups?competicion=16951249,2026-08-03T20:13:17.043951+00:00
2022-2023,18,PREBENJAMIN,PREFERENTE PREBENJAMIN 2ª FASE INICIO 3-4 MARZO,16951249,GRUPO 10 SUBGRUPO A,16951259,GRUPO 10 SUBGRUPO A,,https://www.rffm.es/api/groups?competicion=16951249,2026-08-03T20:13:19.675817+00:00
2022-2023,18,PREBENJAMIN,PREFERENTE PREBENJAMIN 2ª FASE INICIO 3-4 MARZO,16951249,GRUPO 10 SUBGRUPO B,16951279,GRUPO 10 SUBGRUPO B,,https://www.rffm.es/api/groups?competicion=16951249,2026-08-03T20:13:21.906836+00:00
2022-2023,18,PREBENJAMIN,PREFERENTE PREBENJAMIN 2ª FASE INICIO 31 MARZO -1 ABRIL,17035957,GRUPO 2 SUBGRUPO A,17035959,GRUPO 2 SUBGRUPO A,,https://www.rffm.es/api/groups?competicion=17035957,2026-08-03T20:13:24.830393+00:00
2022-2023,18,PREBENJAMIN,PREFERENTE PREBENJAMIN 2ª FASE INICIO 31 MARZO -1 ABRIL,17035957,GRUPO 2 SUBGRUPO B,17035987,GRUPO 2 SUBGRUPO B,,https://www.rffm.es/api/groups?competicion=17035957,2026-08-03T20:13:27.494646+00:00
2022-2023,18,PREBENJAMIN,PREFERENTE PREBENJAMIN 2ª FASE INICIO 31 MARZO -1 ABRIL,17035957,GRUPO 3 SUBGRUPO A,17035960,GRUPO 3 SUBGRUPO A,,https://www.rffm.es/api/groups?competicion=17035957,2026-08-03T20:13:29.670376+00:00
2022-2023,18,PREBENJAMIN,PREFERENTE PREBENJAMIN 2ª FASE INICIO 31 MARZO -1 ABRIL,17035957,GRUPO 3 SUBGRUPO B,17036003,GRUPO 3 SUBGRUPO B,,https://www.rffm.es/api/groups?competicion=17035957,2026-08-03T20:13:32.649892+00:00
2022-2023,18,PREBENJAMIN,PREFERENTE PREBENJAMIN 2ª FASE INICIO 31 MARZO -1 ABRIL,17035957,GRUPO 6 SUBGRUPO A,17035963,GRUPO 6 SUBGRUPO A,,https://www.rffm.es/api/groups?competicion=17035957,2026-08-03T20:13:35.104975+00:00
2022-2023,18,PREBENJAMIN,PREFERENTE PREBENJAMIN 2ª FASE INICIO 31 MARZO -1 ABRIL,17035957,GRUPO 6 SUBGRUPO B,17036018,GRUPO 6 SUBGRUPO B,,https://www.rffm.es/api/groups?competicion=17035957,2026-08-03T20:13:37.468146+00:00
2022-2023,18,PREBENJAMIN,PREFERENTE PREBENJAMIN 2ª FASE INICIO 31 MARZO -1 ABRIL,17035957,GRUPO 7 SUBGRUPO A,17035964,GRUPO 7 SUBGRUPO A,,https://www.rffm.es/api/groups?competicion=17035957,2026-08-03T20:13:39.653542+00:00
2022-2023,18,PREBENJAMIN,PREFERENTE PREBENJAMIN 2ª FASE INICIO 31 MARZO -1 ABRIL,17035957,GRUPO 7 SUBGRUPO B,17036027,GRUPO 7 SUBGRUPO B,,https://www.rffm.es/api/groups?competicion=17035957,2026-08-03T20:13:42.447670+00:00
2022-2023,18,PREBENJAMIN,PREFERENTE PREBENJAMIN 2ª FASE INICIO 31 MARZO -1 ABRIL,17035957,GRUPO 9 SUBGRUPO A,17035966,GRUPO 9 SUBGRUPO A,,https://www.rffm.es/api/groups?competicion=17035957,2026-08-03T20:13:44.646965+00:00
2022-2023,18,PREBENJAMIN,PREFERENTE PREBENJAMIN 2ª FASE INICIO 31 MARZO -1 ABRIL,17035957,GRUPO 9 SUBGRUPO B,17036042,GRUPO 9 SUBGRUPO B,,https://www.rffm.es/api/groups?competicion=17035957,2026-08-03T20:13:47.754779+00:00
2022-2023,18,PREBENJAMIN,1ª PREBENJAMIN - 2ª FASE - INICIO - 3 Y 4 MARZO,16948677,GRUPO 1 SUBGRUPO A,16948678,GRUPO 1 SUBGRUPO A,,https://www.rffm.es/api/groups?competicion=16948677,2026-08-03T20:13:50.343815+00:00
2022-2023,18,PREBENJAMIN,1ª PREBENJAMIN - 2ª FASE - INICIO - 3 Y 4 MARZO,16948677,GRUPO 1 SUBGRUPO B,16948735,GRUPO 1 SUBGRUPO B,,https://www.rffm.es/api/groups?competicion=16948677,2026-08-03T20:13:52.840415+00:00
2022-2023,18,PREBENJAMIN,1ª PREBENJAMIN - 2ª FASE - INICIO - 3 Y 4 MARZO,16948677,GRUPO 2 SUBGRUPO A,16948679,GRUPO 2 SUBGRUPO A,,https://www.rffm.es/api/groups?competicion=16948677,2026-08-03T20:13:55.688927+00:00
2022-2023,18,PREBENJAMIN,1ª PREBENJAMIN - 2ª FASE - INICIO - 3 Y 4 MARZO,16948677,GRUPO 2 SUBGRUPO B,16948736,GRUPO 2 SUBGRUPO B,,https://www.rffm.es/api/groups?competicion=16948677,2026-08-03T20:13:58.389512+00:00
2022-2023,18,PREBENJAMIN,1ª PREBENJAMIN - 2ª FASE - INICIO - 3 Y 4 MARZO,16948677,GRUPO 4 SUBGRUPO A,16948681,GRUPO 4 SUBGRUPO A,,https://www.rffm.es/api/groups?competicion=16948677,2026-08-03T20:14:00.796445+00:00
2022-2023,18,PREBENJAMIN,1ª PREBENJAMIN - 2ª FASE - INICIO - 3 Y 4 MARZO,16948677,GRUPO 4 SUBGRUPO B,16948748,GRUPO 4 SUBGRUPO B,,https://www.rffm.es/api/groups?competicion=16948677,2026-08-03T20:14:03.214512+00:00
2022-2023,18,PREBENJAMIN,1ª PREBENJAMIN - 2ª FASE - INICIO - 3 Y 4 MARZO,16948677,GRUPO 6 SUBGRUPO A,16948683,GRUPO 6 SUBGRUPO A,,https://www.rffm.es/api/groups?competicion=16948677,2026-08-03T20:14:05.612305+00:00
2022-2023,18,PREBENJAMIN,1ª PREBENJAMIN - 2ª FASE - INICIO - 3 Y 4 MARZO,16948677,GRUPO 6 SUBGRUPO B,16948749,GRUPO 6 SUBGRUPO B,,https://www.rffm.es/api/groups?competicion=16948677,2026-08-03T20:14:08.148720+00:00
2022-2023,18,PREBENJAMIN,1ª PREBENJAMIN - 2ª FASE - INICIO - 3 Y 4 MARZO,16948677,GRUPO 7 SUBGRUPO A,16948684,GRUPO 7 SUBGRUPO A,,https://www.rffm.es/api/groups?competicion=16948677,2026-08-03T20:14:10.425096+00:00
2022-2023,18,PREBENJAMIN,1ª PREBENJAMIN - 2ª FASE - INICIO - 3 Y 4 MARZO,16948677,GRUPO 7 SUBGRUPO B,16948751,GRUPO 7 SUBGRUPO B,,https://www.rffm.es/api/groups?competicion=16948677,2026-08-03T20:14:13.840074+00:00
2022-2023,18,PREBENJAMIN,1ª PREBENJAMIN - 2ª FASE - INICIO - 3 Y 4 MARZO,16948677,GRUPO 8 SUBGRUPO A,16948685,GRUPO 8 SUBGRUPO A,,https://www.rffm.es/api/groups?competicion=16948677,2026-08-03T20:14:15.979213+00:00
2022-2023,18,PREBENJAMIN,1ª PREBENJAMIN - 2ª FASE - INICIO - 3 Y 4 MARZO,16948677,GRUPO 8 SUBGRUPO B,16948752,GRUPO 8 SUBGRUPO B,,https://www.rffm.es/api/groups?competicion=16948677,2026-08-03T20:14:19.139572+00:00
2022-2023,18,PREBENJAMIN,1ª PREBENJAMIN - 2ª FASE - INICIO - 3 Y 4 MARZO,16948677,GRUPO 9 SUBGRUPO A,16948686,GRUPO 9 SUBGRUPO A,,https://www.rffm.es/api/groups?competicion=16948677,2026-08-03T20:14:21.179362+00:00
2022-2023,18,PREBENJAMIN,1ª PREBENJAMIN - 2ª FASE - INICIO - 3 Y 4 MARZO,16948677,GRUPO 9 SUBGRUPO B,16948754,GRUPO 9 SUBGRUPO B,,https://www.rffm.es/api/groups?competicion=16948677,2026-08-03T20:14:24.228711+00:00
2022-2023,18,PREBENJAMIN,1ª PREBENJAMIN - 2ª FASE - INICIO - 3 Y 4 MARZO,16948677,GRUPO 10 SUBGRUPO A,16948687,GRUPO 10 SUBGRUPO A,,https://www.rffm.es/api/groups?competicion=16948677,2026-08-03T20:14:26.609700+00:00
2022-2023,18,PREBENJAMIN,1ª PREBENJAMIN - 2ª FASE - INICIO - 3 Y 4 MARZO,16948677,GRUPO 10 SUBGRUPO B,16948766,GRUPO 10 SUBGRUPO B,,https://www.rffm.es/api/groups?competicion=16948677,2026-08-03T20:14:29.099476+00:00
2022-2023,18,PREBENJAMIN,1ª PREBENJAMIN - 2ª FASE - INICIO - 3 Y 4 MARZO,16948677,GRUPO 12 SUBGRUPO A,16948689,GRUPO 12 SUBGRUPO A,,https://www.rffm.es/api/groups?competicion=16948677,2026-08-03T20:14:31.488349+00:00
2022-2023,18,PREBENJAMIN,1ª PREBENJAMIN - 2ª FASE - INICIO - 3 Y 4 MARZO,16948677,GRUPO 12 SUBGRUPO B,16948767,GRUPO 12 SUBGRUPO B,,https://www.rffm.es/api/groups?competicion=16948677,2026-08-03T20:14:33.652404+00:00
2022-2023,18,PREBENJAMIN,1ª PREBENJAMIN - 2ª FASE - INICIO - 3 Y 4 MARZO,16948677,GRUPO 13 SUBGRUPO A,16948690,GRUPO 13 SUBGRUPO A,,https://www.rffm.es/api/groups?competicion=16948677,2026-08-03T20:14:36.209078+00:00
2022-2023,18,PREBENJAMIN,1ª PREBENJAMIN - 2ª FASE - INICIO - 3 Y 4 MARZO,16948677,GRUPO 13 SUBGRUPO B,16948770,GRUPO 13 SUBGRUPO B,,https://www.rffm.es/api/groups?competicion=16948677,2026-08-03T20:14:38.544702+00:00
2022-2023,18,PREBENJAMIN,1ª PREBENJAMIN - 2ª FASE - INICIO - 3 Y 4 MARZO,16948677,GRUPO 14 SUBGRUPO A,16948691,GRUPO 14 SUBGRUPO A,,https://www.rffm.es/api/groups?competicion=16948677,2026-08-03T20:14:40.906160+00:00
2022-2023,18,PREBENJAMIN,1ª PREBENJAMIN - 2ª FASE - INICIO - 3 Y 4 MARZO,16948677,GRUPO 14 SUBGRUPO B,16948775,GRUPO 14 SUBGRUPO B,,https://www.rffm.es/api/groups?competicion=16948677,2026-08-03T20:14:43.029681+00:00
2022-2023,18,PREBENJAMIN,1ª PREBENJAMIN - 2ª FASE - INICIO - 3 Y 4 MARZO,16948677,GRUPO 15 SUBGRUPO A,16948692,GRUPO 15 SUBGRUPO A,,https://www.rffm.es/api/groups?competicion=16948677,2026-08-03T20:14:45.301342+00:00
2022-2023,18,PREBENJAMIN,1ª PREBENJAMIN - 2ª FASE - INICIO - 3 Y 4 MARZO,16948677,GRUPO 15 SUBGRUPO B,16948777,GRUPO 15 SUBGRUPO B,,https://www.rffm.es/api/groups?competicion=16948677,2026-08-03T20:14:47.504524+00:00
2022-2023,18,PREBENJAMIN,1ª PREBENJAMIN - 2ª FASE - INICIO - 3 Y 4 MARZO,16948677,GRUPO 16 SUBGRUPO A,16948693,GRUPO 16 SUBGRUPO A,,https://www.rffm.es/api/groups?competicion=16948677,2026-08-03T20:14:50.475499+00:00
2022-2023,18,PREBENJAMIN,1ª PREBENJAMIN - 2ª FASE - INICIO - 3 Y 4 MARZO,16948677,GRUPO 16 SUBGRUPO B,16948778,GRUPO 16 SUBGRUPO B,,https://www.rffm.es/api/groups?competicion=16948677,2026-08-03T20:14:52.689054+00:00
2022-2023,18,PREBENJAMIN,1ª PREBENJAMIN - 2ª FASE - INICIO - 3 Y 4 MARZO,16948677,GRUPO 17 SUBGRUPO A,16948694,GRUPO 17 SUBGRUPO A,,https://www.rffm.es/api/groups?competicion=16948677,2026-08-03T20:14:55.299478+00:00
2022-2023,18,PREBENJAMIN,1ª PREBENJAMIN - 2ª FASE - INICIO - 3 Y 4 MARZO,16948677,GRUPO 17 SUBGRUPO B,16948787,GRUPO 17 SUBGRUPO B,,https://www.rffm.es/api/groups?competicion=16948677,2026-08-03T20:14:57.660280+00:00
2022-2023,18,PREBENJAMIN,1ª PREBENJAMIN - 2ª FASE - INICIO - 3 Y 4 MARZO,16948677,GRUPO 18 SUBGRUPO A,16948695,GRUPO 18 SUBGRUPO A,,https://www.rffm.es/api/groups?competicion=16948677,2026-08-03T20:15:00.579208+00:00
2022-2023,18,PREBENJAMIN,1ª PREBENJAMIN - 2ª FASE - INICIO - 3 Y 4 MARZO,16948677,GRUPO 18 SUBGRUPO B,16948788,GRUPO 18 SUBGRUPO B,,https://www.rffm.es/api/groups?competicion=16948677,2026-08-03T20:15:03.756183+00:00
2022-2023,18,PREBENJAMIN,1ª PREBENJAMIN - 2ª FASE - INICIO - 3 Y 4 MARZO,16948677,GRUPO 19 SUBGRUPO A,16948696,GRUPO 19 SUBGRUPO A,,https://www.rffm.es/api/groups?competicion=16948677,2026-08-03T20:15:06.454768+00:00
2022-2023,18,PREBENJAMIN,1ª PREBENJAMIN - 2ª FASE - INICIO - 3 Y 4 MARZO,16948677,GRUPO 19 SUBGRUPO B,16948790,GRUPO 19 SUBGRUPO B,,https://www.rffm.es/api/groups?competicion=16948677,2026-08-03T20:15:08.804077+00:00
2022-2023,18,PREBENJAMIN,1ª PREBENJAMIN - 2ª FASE - INICIO - 3 Y 4 MARZO,16948677,GRUPO 20 SUBGRUPO A,16948697,GRUPO 20 SUBGRUPO A,,https://www.rffm.es/api/groups?competicion=16948677,2026-08-03T20:15:10.962274+00:00
2022-2023,18,PREBENJAMIN,1ª PREBENJAMIN - 2ª FASE - INICIO - 3 Y 4 MARZO,16948677,GRUPO 20 SUBGRUPO B,16948866,GRUPO 20 SUBGRUPO B,,https://www.rffm.es/api/groups?competicion=16948677,2026-08-03T20:15:13.641777+00:00
2022-2023,18,PREBENJAMIN,1ª PREBENJAMIN - 2ª FASE - INICIO - 3 Y 4 MARZO,16948677,GRUPO 21 SUBGRUPO A,16948698,GRUPO 21 SUBGRUPO A,,https://www.rffm.es/api/groups?competicion=16948677,2026-08-03T20:15:15.910302+00:00
2022-2023,18,PREBENJAMIN,1ª PREBENJAMIN - 2ª FASE - INICIO - 3 Y 4 MARZO,16948677,GRUPO 21 SUBGRUPO B,16950479,GRUPO 21 SUBGRUPO B,,https://www.rffm.es/api/groups?competicion=16948677,2026-08-03T20:15:18.888968+00:00
2022-2023,18,PREBENJAMIN,1ª PREBENJAMIN - 2ª FASE - INICIO - 3 Y 4 MARZO,16948677,GRUPO 22 SUBGRUPO A,16948699,GRUPO 22 SUBGRUPO A,,https://www.rffm.es/api/groups?competicion=16948677,2026-08-03T20:15:21.649072+00:00
2022-2023,18,PREBENJAMIN,1ª PREBENJAMIN - 2ª FASE - INICIO - 3 Y 4 MARZO,16948677,GRUPO 22 SUBGRUPO B,16950483,GRUPO 22 SUBGRUPO B,,https://www.rffm.es/api/groups?competicion=16948677,2026-08-03T20:15:23.884677+00:00
2022-2023,18,PREBENJAMIN,1ª PREBENJAMIN - 2ª FASE - INICIO - 3 Y 4 MARZO,16948677,GRUPO 23 SUBGRUPO B,16950484,GRUPO 23 SUBGRUPO B,,https://www.rffm.es/api/groups?competicion=16948677,2026-08-03T20:15:26.310271+00:00
2022-2023,18,PREBENJAMIN,1ª PREBENJAMIN - 2ª FASE - INICIO - 3 Y 4 MARZO,16948677,GRUPO 23 SUBGRUPO A,16948700,GRUPO 23 SUBGRUPO A,,https://www.rffm.es/api/groups?competicion=16948677,2026-08-03T20:15:28.769439+00:00
2022-2023,18,PREBENJAMIN,1ª PREBENJAMIN - 2ª FASE - INICIO - 3 Y 4 MARZO,16948677,GRUPO 24 SUBGRUPO A,16948701,GRUPO 24 SUBGRUPO A,,https://www.rffm.es/api/groups?competicion=16948677,2026-08-03T20:15:31.252715+00:00
2022-2023,18,PREBENJAMIN,1ª PREBENJAMIN - 2ª FASE - INICIO - 3 Y 4 MARZO,16948677,GRUPO 24 SUBGRUPO B,16950488,GRUPO 24 SUBGRUPO B,,https://www.rffm.es/api/groups?competicion=16948677,2026-08-03T20:15:33.952829+00:00
2022-2023,18,PREBENJAMIN,1ª PREBENJAMIN - 2ª FASE - INICIO - 3 Y 4 MARZO,16948677,GRUPO 25 SUBGRUPO A,16948702,GRUPO 25 SUBGRUPO A,,https://www.rffm.es/api/groups?competicion=16948677,2026-08-03T20:15:36.239182+00:00
2022-2023,18,PREBENJAMIN,1ª PREBENJAMIN - 2ª FASE - INICIO - 3 Y 4 MARZO,16948677,GRUPO 25 SUBGRUPO B,16950489,GRUPO 25 SUBGRUPO B,,https://www.rffm.es/api/groups?competicion=16948677,2026-08-03T20:15:39.095590+00:00
2022-2023,18,PREBENJAMIN,1ª PREBENJAMIN - 2ª FASE - INICIO - 3 Y 4 MARZO,16948677,GRUPO 26 SUBGRUPO A,16948703,GRUPO 26 SUBGRUPO A,,https://www.rffm.es/api/groups?competicion=16948677,2026-08-03T20:15:42.511218+00:00
2022-2023,18,PREBENJAMIN,1ª PREBENJAMIN - 2ª FASE - INICIO - 3 Y 4 MARZO,16948677,GRUPO 26 SUBGRUPO B,16950490,GRUPO 26 SUBGRUPO B,,https://www.rffm.es/api/groups?competicion=16948677,2026-08-03T20:15:45.547205+00:00
2022-2023,18,PREBENJAMIN,1ª PREBENJAMIN - 2ª FASE - INICIO - 3 Y 4 MARZO,16948677,GRUPO 27 SUBGRUPO A,16948704,GRUPO 27 SUBGRUPO A,,https://www.rffm.es/api/groups?competicion=16948677,2026-08-03T20:15:48.476279+00:00
2022-2023,18,PREBENJAMIN,1ª PREBENJAMIN - 2ª FASE - INICIO - 3 Y 4 MARZO,16948677,GRUPO 27 SUBGRUPO B,16950491,GRUPO 27 SUBGRUPO B,,https://www.rffm.es/api/groups?competicion=16948677,2026-08-03T20:15:50.819972+00:00
2022-2023,18,PREBENJAMIN,1ª PREBENJAMIN - 2ª FASE - INICIO - 3 Y 4 MARZO,16948677,GRUPO 28 SUBGRUPO A,16948705,GRUPO 28 SUBGRUPO A,,https://www.rffm.es/api/groups?competicion=16948677,2026-08-03T20:15:53.695093+00:00
2022-2023,18,PREBENJAMIN,1ª PREBENJAMIN - 2ª FASE - INICIO - 3 Y 4 MARZO,16948677,GRUPO 28 SUBGRUPO B,16950492,GRUPO 28 SUBGRUPO B,,https://www.rffm.es/api/groups?competicion=16948677,2026-08-03T20:15:55.903633+00:00
2022-2023,18,PREBENJAMIN,1ª PREBENJAMIN - 2ª FASE - INICIO - 3 Y 4 MARZO,16948677,GRUPO 29 SUBGRUPO A,16948706,GRUPO 29 SUBGRUPO A,,https://www.rffm.es/api/groups?competicion=16948677,2026-08-03T20:15:58.622690+00:00
2022-2023,18,PREBENJAMIN,1ª PREBENJAMIN - 2ª FASE - INICIO - 3 Y 4 MARZO,16948677,GRUPO 29 SUBGRUPO B,16950493,GRUPO 29 SUBGRUPO B,,https://www.rffm.es/api/groups?competicion=16948677,2026-08-03T20:16:01.356812+00:00
2022-2023,18,PREBENJAMIN,1ª PREBENJAMIN - 2ª FASE - INICIO - 3 Y 4 MARZO,16948677,GRUPO 30 SUBGRUPO A,16948707,GRUPO 30 SUBGRUPO A,,https://www.rffm.es/api/groups?competicion=16948677,2026-08-03T20:16:04.751030+00:00
2022-2023,18,PREBENJAMIN,1ª PREBENJAMIN - 2ª FASE - INICIO - 3 Y 4 MARZO,16948677,GRUPO 30 SUBGRUPO B,16950499,GRUPO 30 SUBGRUPO B,,https://www.rffm.es/api/groups?competicion=16948677,2026-08-03T20:16:07.056317+00:00
2022-2023,18,PREBENJAMIN,1ª PREBENJAMIN - 2ª FASE - INICIO - 3 Y 4 MARZO,16948677,GRUPO 31 SUBGRUPO A,16948708,GRUPO 31 SUBGRUPO A,,https://www.rffm.es/api/groups?competicion=16948677,2026-08-03T20:16:09.259628+00:00
2022-2023,18,PREBENJAMIN,1ª PREBENJAMIN - 2ª FASE - INICIO - 3 Y 4 MARZO,16948677,GRUPO 31 SUBGRUPO B,16950507,GRUPO 31 SUBGRUPO B,,https://www.rffm.es/api/groups?competicion=16948677,2026-08-03T20:16:11.618755+00:00
2022-2023,18,PREBENJAMIN,1ª PREBENJAMIN - 2ª FASE - INICIO - 3 Y 4 MARZO,16948677,GRUPO 32 SUBGRUPO A,16948709,GRUPO 32 SUBGRUPO A,,https://www.rffm.es/api/groups?competicion=16948677,2026-08-03T20:16:14.357284+00:00
2022-2023,18,PREBENJAMIN,1ª PREBENJAMIN - 2ª FASE - INICIO - 3 Y 4 MARZO,16948677,GRUPO 32 SUBGRUPO B,16950515,GRUPO 32 SUBGRUPO B,,https://www.rffm.es/api/groups?competicion=16948677,2026-08-03T20:16:16.819981+00:00
2022-2023,18,PREBENJAMIN,1ª PREBENJAMIN - 2ª FASE - INICIO - 3 Y 4 MARZO,16948677,GRUPO 33 SUBGRUPO A,16948710,GRUPO 33 SUBGRUPO A,,https://www.rffm.es/api/groups?competicion=16948677,2026-08-03T20:16:19.139005+00:00
2022-2023,18,PREBENJAMIN,1ª PREBENJAMIN - 2ª FASE - INICIO - 3 Y 4 MARZO,16948677,GRUPO 33 SUBGRUPO B,16950518,GRUPO 33 SUBGRUPO B,,https://www.rffm.es/api/groups?competicion=16948677,2026-08-03T20:16:22.516582+00:00
2022-2023,18,PREBENJAMIN,1ª PREBENJAMIN - 2ª FASE - INICIO - 3 Y 4 MARZO,16948677,GRUPO 34 SUBGRUPO A,16948713,GRUPO 34 SUBGRUPO A,,https://www.rffm.es/api/groups?competicion=16948677,2026-08-03T20:16:24.890276+00:00
2022-2023,18,PREBENJAMIN,1ª PREBENJAMIN - 2ª FASE - INICIO - 3 Y 4 MARZO,16948677,GRUPO 34 SUBGRUPO B,16950540,GRUPO 34 SUBGRUPO B,,https://www.rffm.es/api/groups?competicion=16948677,2026-08-03T20:16:27.824316+00:00
2022-2023,18,PREBENJAMIN,1ª PREBENJAMIN - 2ª FASE - INICIO - 3 Y 4 MARZO,16948677,GRUPO 35 SUBGRUPO A,16948714,GRUPO 35 SUBGRUPO A,,https://www.rffm.es/api/groups?competicion=16948677,2026-08-03T20:16:30.155667+00:00
2022-2023,18,PREBENJAMIN,1ª PREBENJAMIN - 2ª FASE - INICIO - 3 Y 4 MARZO,16948677,GRUPO 35 SUBGRUPO B,16950543,GRUPO 35 SUBGRUPO B,,https://www.rffm.es/api/groups?competicion=16948677,2026-08-03T20:16:32.577613+00:00
2022-2023,18,PREBENJAMIN,1ª PREBENJAMIN - 2ª FASE - INICIO - 3 Y 4 MARZO,16948677,GRUPO 36 SUBGRUPO A,16948717,GRUPO 36 SUBGRUPO A,,https://www.rffm.es/api/groups?competicion=16948677,2026-08-03T20:16:34.820991+00:00
2022-2023,18,PREBENJAMIN,1ª PREBENJAMIN - 2ª FASE - INICIO - 3 Y 4 MARZO,16948677,GRUPO 36 SUBGRUPO B,16950545,GRUPO 36 SUBGRUPO B,,https://www.rffm.es/api/groups?competicion=16948677,2026-08-03T20:16:36.990437+00:00
2022-2023,18,PREBENJAMIN,1ª PREBENJAMIN - 2ª FASE - INICIO - 3 Y 4 MARZO,16948677,GRUPO 38 SUBGRUPO A,16948720,GRUPO 38 SUBGRUPO A,,https://www.rffm.es/api/groups?competicion=16948677,2026-08-03T20:16:39.853454+00:00
2022-2023,18,PREBENJAMIN,1ª PREBENJAMIN - 2ª FASE - INICIO - 3 Y 4 MARZO,16948677,GRUPO 38 SUBGRUPO B,16950546,GRUPO 38 SUBGRUPO B,,https://www.rffm.es/api/groups?competicion=16948677,2026-08-03T20:16:42.076518+00:00
2022-2023,18,PREBENJAMIN,1ª PREBENJAMIN - 2ª FASE - INICIO - 3 Y 4 MARZO,16948677,GRUPO 39 SUBGRUPO A,16948723,GRUPO 39 SUBGRUPO A,,https://www.rffm.es/api/groups?competicion=16948677,2026-08-03T20:16:44.352143+00:00
2022-2023,18,PREBENJAMIN,1ª PREBENJAMIN - 2ª FASE - INICIO - 3 Y 4 MARZO,16948677,GRUPO 39 SUBGRUPO B,16950554,GRUPO 39 SUBGRUPO B,,https://www.rffm.es/api/groups?competicion=16948677,2026-08-03T20:16:46.844235+00:00
2022-2023,18,PREBENJAMIN,1ª PREBENJAMIN - 2ª FASE - INICIO - 3 Y 4 MARZO,16948677,GRUPO 40 SUBGRUPO A,16948725,GRUPO 40 SUBGRUPO A,,https://www.rffm.es/api/groups?competicion=16948677,2026-08-03T20:16:49.428202+00:00
2022-2023,18,PREBENJAMIN,1ª PREBENJAMIN - 2ª FASE - INICIO - 3 Y 4 MARZO,16948677,GRUPO 40 SUBGRUPO B,16950563,GRUPO 40 SUBGRUPO B,,https://www.rffm.es/api/groups?competicion=16948677,2026-08-03T20:16:51.985606+00:00
2022-2023,18,PREBENJAMIN,1ª PREBENJAMIN - 2ª FASE - INICIO - 3 Y 4 MARZO,16948677,GRUPO 41 SUBGRUPO A,16948726,GRUPO 41 SUBGRUPO A,,https://www.rffm.es/api/groups?competicion=16948677,2026-08-03T20:16:54.091065+00:00
2022-2023,18,PREBENJAMIN,1ª PREBENJAMIN - 2ª FASE - INICIO - 3 Y 4 MARZO,16948677,GRUPO 41 SUBGRUPO B,16950566,GRUPO 41 SUBGRUPO B,,https://www.rffm.es/api/groups?competicion=16948677,2026-08-03T20:16:57.130983+00:00
2022-2023,18,PREBENJAMIN,1ª PREBENJAMIN - 2ª FASE - INICIO - 3 Y 4 MARZO,16948677,GRUPO 43 SUBGRUPO A,16948724,GRUPO 43 SUBGRUPO A,,https://www.rffm.es/api/groups?competicion=16948677,2026-08-03T20:16:59.884301+00:00
2022-2023,18,PREBENJAMIN,1ª PREBENJAMIN - 2ª FASE - INICIO - 3 Y 4 MARZO,16948677,GRUPO 43 SUBGRUPO B,16950575,GRUPO 43 SUBGRUPO B,,https://www.rffm.es/api/groups?competicion=16948677,2026-08-03T20:17:01.996321+00:00
2022-2023,18,PREBENJAMIN,1ª PREBENJAMIN - 2ª FASE - INICIO - 3 Y 4 MARZO,16948677,GRUPO 45 SUBGRUPO A,16948721,GRUPO 45 SUBGRUPO A,,https://www.rffm.es/api/groups?competicion=16948677,2026-08-03T20:17:05.636314+00:00
2022-2023,18,PREBENJAMIN,1ª PREBENJAMIN - 2ª FASE - INICIO - 3 Y 4 MARZO,16948677,GRUPO 45 SUBGRUPO B,16950584,GRUPO 45 SUBGRUPO B,,https://www.rffm.es/api/groups?competicion=16948677,2026-08-03T20:17:08.647596+00:00
2022-2023,18,PREBENJAMIN,1ª PREBENJAMIN - 2ª FASE - INICIO - 3 Y 4 MARZO,16948677,GRUPO 46 SUBGRUPO A,16948718,GRUPO 46 SUBGRUPO A,,https://www.rffm.es/api/groups?competicion=16948677,2026-08-03T20:17:10.766301+00:00
2022-2023,18,PREBENJAMIN,1ª PREBENJAMIN - 2ª FASE - INICIO - 3 Y 4 MARZO,16948677,GRUPO 46 SUBGRUPO B,16950591,GRUPO 46 SUBGRUPO B,,https://www.rffm.es/api/groups?competicion=16948677,2026-08-03T20:17:13.432585+00:00
2022-2023,18,PREBENJAMIN,1ª PREBENJAMIN - 2ª FASE - INICIO - 3 Y 4 MARZO,16948677,GRUPO 47 SUBGRUPO A,16948732,GRUPO 47 SUBGRUPO A,,https://www.rffm.es/api/groups?competicion=16948677,2026-08-03T20:17:15.907256+00:00
2022-2023,18,PREBENJAMIN,1ª PREBENJAMIN - 2ª FASE - INICIO - 3 Y 4 MARZO,16948677,GRUPO 47 SUBGRUPO B,16950600,GRUPO 47 SUBGRUPO B,,https://www.rffm.es/api/groups?competicion=16948677,2026-08-03T20:17:18.963168+00:00
2022-2023,18,PREBENJAMIN,1ª PREBENJAMIN - 2ª FASE - INICIO - 3 Y 4 MARZO,16948677,GRUPO 48 SUBGRUPO A,16948716,GRUPO 48 SUBGRUPO A,,https://www.rffm.es/api/groups?competicion=16948677,2026-08-03T20:17:21.116350+00:00
2022-2023,18,PREBENJAMIN,1ª PREBENJAMIN - 2ª FASE - INICIO - 3 Y 4 MARZO,16948677,GRUPO 48 SUBGRUPO B,16950601,GRUPO 48 SUBGRUPO B,,https://www.rffm.es/api/groups?competicion=16948677,2026-08-03T20:17:23.522182+00:00
2022-2023,18,PREBENJAMIN,1ª PREBENJAMIN - 2ª FASE - INICIO - 3 Y 4 MARZO,16948677,GRUPO 49 SUBGRUPO A,16948715,GRUPO 49 SUBGRUPO A,,https://www.rffm.es/api/groups?competicion=16948677,2026-08-03T20:17:26.087504+00:00
2022-2023,18,PREBENJAMIN,1ª PREBENJAMIN - 2ª FASE - INICIO - 3 Y 4 MARZO,16948677,GRUPO 49 SUBGRUPO B,16950602,GRUPO 49 SUBGRUPO B,,https://www.rffm.es/api/groups?competicion=16948677,2026-08-03T20:17:28.282790+00:00
2022-2023,18,PREBENJAMIN,1ª PREBENJAMIN - 2ª FASE - INICIO - 3 Y 4 MARZO,16948677,GRUPO 52 SUBGRUPO A,16948728,GRUPO 52 SUBGRUPO A,,https://www.rffm.es/api/groups?competicion=16948677,2026-08-03T20:17:31.104096+00:00
2022-2023,18,PREBENJAMIN,1ª PREBENJAMIN - 2ª FASE - INICIO - 3 Y 4 MARZO,16948677,GRUPO 52 SUBGRUPO B,16950605,GRUPO 52 SUBGRUPO B,,https://www.rffm.es/api/groups?competicion=16948677,2026-08-03T20:17:33.603727+00:00
2022-2023,18,PREBENJAMIN,1ª PREBENJAMIN - 2ª FASE - INICIO - 3 Y 4 MARZO,16948677,GRUPO 55 SUBGRUPO A,16948731,GRUPO 55 SUBGRUPO A,,https://www.rffm.es/api/groups?competicion=16948677,2026-08-03T20:17:37.069092+00:00
2022-2023,18,PREBENJAMIN,1ª PREBENJAMIN - 2ª FASE - INICIO - 3 Y 4 MARZO,16948677,GRUPO 55 SUBGRUPO B,16950606,GRUPO 55 SUBGRUPO B,,https://www.rffm.es/api/groups?competicion=16948677,2026-08-03T20:17:40.798033+00:00
2022-2023,18,PREBENJAMIN,1ª PREBENJAMIN - 2ª FASE - INICIO 10-11-17-18 FEBRERO,16907698,GRUPO 3 SUBGRUPO A ,16907701,GRUPO 3 SUBGRUPO A ,,https://www.rffm.es/api/groups?competicion=16907698,2026-08-03T20:17:43.627992+00:00
2022-2023,18,PREBENJAMIN,1ª PREBENJAMIN - 2ª FASE - INICIO 10-11-17-18 FEBRERO,16907698,GRUPO 3 SUBGRUPO B,16907760,GRUPO 3 SUBGRUPO B,,https://www.rffm.es/api/groups?competicion=16907698,2026-08-03T20:17:46.361516+00:00
2022-2023,18,PREBENJAMIN,1ª PREBENJAMIN - 2ª FASE - INICIO 10-11-17-18 FEBRERO,16907698,GRUPO 5 SUBGRUPO A,16907703,GRUPO 5 SUBGRUPO A,,https://www.rffm.es/api/groups?competicion=16907698,2026-08-03T20:17:49.025326+00:00
2022-2023,18,PREBENJAMIN,1ª PREBENJAMIN - 2ª FASE - INICIO 10-11-17-18 FEBRERO,16907698,GRUPO 5 SUBGRUPO B,16907779,GRUPO 5 SUBGRUPO B,,https://www.rffm.es/api/groups?competicion=16907698,2026-08-03T20:17:51.103477+00:00
2022-2023,18,PREBENJAMIN,1ª PREBENJAMIN - 2ª FASE - INICIO 10-11-17-18 FEBRERO,16907698,GRUPO 37 SUBGRUPO A,16907740,GRUPO 37 SUBGRUPO A,,https://www.rffm.es/api/groups?competicion=16907698,2026-08-03T20:17:53.405464+00:00
2022-2023,18,PREBENJAMIN,1ª PREBENJAMIN - 2ª FASE - INICIO 10-11-17-18 FEBRERO,16907698,GRUPO 37 SUBGRUPO B,16907800,GRUPO 37 SUBGRUPO B,,https://www.rffm.es/api/groups?competicion=16907698,2026-08-03T20:17:55.779097+00:00
2022-2023,18,PREBENJAMIN,1ª PREBENJAMIN - 2ª FASE - INICIO 10-11-17-18 FEBRERO,16907698,GRUPO 42 SUBGRUPO A,16907748,GRUPO 42 SUBGRUPO A,,https://www.rffm.es/api/groups?competicion=16907698,2026-08-03T20:17:58.753836+00:00
2022-2023,18,PREBENJAMIN,1ª PREBENJAMIN - 2ª FASE - INICIO 10-11-17-18 FEBRERO,16907698,GRUPO 42 SUBGRUPO B,16907801,GRUPO 42 SUBGRUPO B,,https://www.rffm.es/api/groups?competicion=16907698,2026-08-03T20:18:01.412427+00:00
2022-2023,18,PREBENJAMIN,1ª PREBENJAMIN - 2ª FASE - INICIO 10-11-17-18 FEBRERO,16907698,GRUPO 44 SUBGRUPO A,16907743,GRUPO 44 SUBGRUPO A,,https://www.rffm.es/api/groups?competicion=16907698,2026-08-03T20:18:05.699529+00:00
2022-2023,18,PREBENJAMIN,1ª PREBENJAMIN - 2ª FASE - INICIO 10-11-17-18 FEBRERO,16907698,GRUPO 44 SUBGRUPO B,16907809,GRUPO 44 SUBGRUPO B,,https://www.rffm.es/api/groups?competicion=16907698,2026-08-03T20:18:07.997776+00:00
2022-2023,18,PREBENJAMIN,1ª PREBENJAMIN - 2ª FASE - INICIO 10-11-17-18 FEBRERO,16907698,GRUPO 53 SUBGRUPO A,16907750,GRUPO 53 SUBGRUPO A,,https://www.rffm.es/api/groups?competicion=16907698,2026-08-03T20:18:10.873032+00:00
2022-2023,18,PREBENJAMIN,1ª PREBENJAMIN - 2ª FASE - INICIO 10-11-17-18 FEBRERO,16907698,GRUPO 53 SUBGRUPO B,16907812,GRUPO 53 SUBGRUPO B,,https://www.rffm.es/api/groups?competicion=16907698,2026-08-03T20:18:13.256572+00:00
2022-2023,18,PREBENJAMIN,1ª PREBENJAMIN - 2ª FASE - INICIO 10-11-17-18 FEBRERO,16907698,GRUPO 54 SUBGRUPO A,16907751,GRUPO 54 SUBGRUPO A,,https://www.rffm.es/api/groups?competicion=16907698,2026-08-03T20:18:15.801540+00:00
2022-2023,18,PREBENJAMIN,1ª PREBENJAMIN - 2ª FASE - INICIO 10-11-17-18 FEBRERO,16907698,GRUPO 54 SUBGRUPO B,16907813,GRUPO 54 SUBGRUPO B,,https://www.rffm.es/api/groups?competicion=16907698,2026-08-03T20:18:18.785331+00:00
2022-2023,18,PREBENJAMIN,1ª PREBENJAMIN 2º FASE GRUPO 11,16969301,GRUPO 11 SUBGRUPO A,16969312,GRUPO 11 SUBGRUPO A,,https://www.rffm.es/api/groups?competicion=16969301,2026-08-03T20:18:20.888948+00:00
2022-2023,18,PREBENJAMIN,1ª PREBENJAMIN 2º FASE GRUPO 11,16969301,GRUPO 11 SUBGRUPO B,16969369,GRUPO 11 SUBGRUPO B,,https://www.rffm.es/api/groups?competicion=16969301,2026-08-03T20:18:23.200152+00:00
2022-2023,18,PREBENJAMIN,PRIMERA PREBENJAMIN,15528536,Grupo 1,16166241,Grupo 1,,https://www.rffm.es/api/groups?competicion=15528536,2026-08-03T20:18:25.434969+00:00
2022-2023,18,PREBENJAMIN,PRIMERA PREBENJAMIN,15528536,Grupo 2,16166296,Grupo 2,,https://www.rffm.es/api/groups?competicion=15528536,2026-08-03T20:18:28.886867+00:00
2022-2023,18,PREBENJAMIN,PRIMERA PREBENJAMIN,15528536,Grupo 3,16166340,Grupo 3,,https://www.rffm.es/api/groups?competicion=15528536,2026-08-03T20:18:31.509031+00:00
2022-2023,18,PREBENJAMIN,PRIMERA PREBENJAMIN,15528536,Grupo 4,16166380,Grupo 4,,https://www.rffm.es/api/groups?competicion=15528536,2026-08-03T20:18:34.448610+00:00
2022-2023,18,PREBENJAMIN,PRIMERA PREBENJAMIN,15528536,Grupo 5,16166481,Grupo 5,,https://www.rffm.es/api/groups?competicion=15528536,2026-08-03T20:18:36.892098+00:00
2022-2023,18,PREBENJAMIN,PRIMERA PREBENJAMIN,15528536,Grupo 6,16166538,Grupo 6,,https://www.rffm.es/api/groups?competicion=15528536,2026-08-03T20:18:39.789128+00:00
2022-2023,18,PREBENJAMIN,PRIMERA PREBENJAMIN,15528536,Grupo 7,16166595,Grupo 7,,https://www.rffm.es/api/groups?competicion=15528536,2026-08-03T20:18:42.026156+00:00
2022-2023,18,PREBENJAMIN,PRIMERA PREBENJAMIN,15528536,Grupo 8,16166614,Grupo 8,,https://www.rffm.es/api/groups?competicion=15528536,2026-08-03T20:18:44.408375+00:00
2022-2023,18,PREBENJAMIN,PRIMERA PREBENJAMIN,15528536,Grupo 9,16166626,Grupo 9,,https://www.rffm.es/api/groups?competicion=15528536,2026-08-03T20:18:46.823130+00:00
2022-2023,18,PREBENJAMIN,PRIMERA PREBENJAMIN,15528536,Grupo 10,16166647,Grupo 10,,https://www.rffm.es/api/groups?competicion=15528536,2026-08-03T20:18:49.065383+00:00
2022-2023,18,PREBENJAMIN,PRIMERA PREBENJAMIN,15528536,Grupo 11,16166672,Grupo 11,,https://www.rffm.es/api/groups?competicion=15528536,2026-08-03T20:18:51.801350+00:00
2022-2023,18,PREBENJAMIN,PRIMERA PREBENJAMIN,15528536,Grupo 12,16166723,Grupo 12,,https://www.rffm.es/api/groups?competicion=15528536,2026-08-03T20:18:54.948538+00:00
2022-2023,18,PREBENJAMIN,PRIMERA PREBENJAMIN,15528536,Grupo 13,16166754,Grupo 13,,https://www.rffm.es/api/groups?competicion=15528536,2026-08-03T20:18:57.761077+00:00
2022-2023,18,PREBENJAMIN,PRIMERA PREBENJAMIN,15528536,Grupo 14,16166765,Grupo 14,,https://www.rffm.es/api/groups?competicion=15528536,2026-08-03T20:19:00.620850+00:00
2022-2023,18,PREBENJAMIN,PRIMERA PREBENJAMIN,15528536,Grupo 15,16166788,Grupo 15,,https://www.rffm.es/api/groups?competicion=15528536,2026-08-03T20:19:03.181953+00:00
2022-2023,18,PREBENJAMIN,PRIMERA PREBENJAMIN,15528536,Grupo 16,16166862,Grupo 16,,https://www.rffm.es/api/groups?competicion=15528536,2026-08-03T20:19:05.890128+00:00
2022-2023,18,PREBENJAMIN,PRIMERA PREBENJAMIN,15528536,Grupo 17,16166918,Grupo 17,,https://www.rffm.es/api/groups?competicion=15528536,2026-08-03T20:19:08.077419+00:00
2022-2023,18,PREBENJAMIN,PRIMERA PREBENJAMIN,15528536,Grupo 18,16167019,Grupo 18,,https://www.rffm.es/api/groups?competicion=15528536,2026-08-03T20:19:10.880170+00:00
2022-2023,18,PREBENJAMIN,PRIMERA PREBENJAMIN,15528536,Grupo 19,16167093,Grupo 19,,https://www.rffm.es/api/groups?competicion=15528536,2026-08-03T20:19:14.181396+00:00
2022-2023,18,PREBENJAMIN,PRIMERA PREBENJAMIN,15528536,Grupo 20,16167230,Grupo 20,,https://www.rffm.es/api/groups?competicion=15528536,2026-08-03T20:19:16.577614+00:00
2022-2023,18,PREBENJAMIN,PRIMERA PREBENJAMIN,15528536,Grupo 21,16167583,Grupo 21,,https://www.rffm.es/api/groups?competicion=15528536,2026-08-03T20:19:18.969214+00:00
2022-2023,18,PREBENJAMIN,PRIMERA PREBENJAMIN,15528536,Grupo 22,16564277,Grupo 22,,https://www.rffm.es/api/groups?competicion=15528536,2026-08-03T20:19:21.897962+00:00
2022-2023,18,PREBENJAMIN,PRIMERA PREBENJAMIN,15528536,Grupo 23,16564307,Grupo 23,,https://www.rffm.es/api/groups?competicion=15528536,2026-08-03T20:19:24.246625+00:00
2022-2023,18,PREBENJAMIN,PRIMERA PREBENJAMIN,15528536,Grupo 24,16564316,Grupo 24,,https://www.rffm.es/api/groups?competicion=15528536,2026-08-03T20:19:26.664597+00:00
2022-2023,18,PREBENJAMIN,PRIMERA PREBENJAMIN,15528536,Grupo 25,16564336,Grupo 25,,https://www.rffm.es/api/groups?competicion=15528536,2026-08-03T20:19:29.474831+00:00
2022-2023,18,PREBENJAMIN,PRIMERA PREBENJAMIN,15528536,Grupo 26,16564350,Grupo 26,,https://www.rffm.es/api/groups?competicion=15528536,2026-08-03T20:19:32.019471+00:00
2022-2023,18,PREBENJAMIN,PRIMERA PREBENJAMIN,15528536,Grupo 27,16564376,Grupo 27,,https://www.rffm.es/api/groups?competicion=15528536,2026-08-03T20:19:35.127396+00:00
2022-2023,18,PREBENJAMIN,PRIMERA PREBENJAMIN,15528536,Grupo 28,16564397,Grupo 28,,https://www.rffm.es/api/groups?competicion=15528536,2026-08-03T20:19:37.527297+00:00
2022-2023,18,PREBENJAMIN,PRIMERA PREBENJAMIN,15528536,Grupo 29,16564431,Grupo 29,,https://www.rffm.es/api/groups?competicion=15528536,2026-08-03T20:19:40.781097+00:00
2022-2023,18,PREBENJAMIN,PRIMERA PREBENJAMIN,15528536,Grupo 30,16564436,Grupo 30,,https://www.rffm.es/api/groups?competicion=15528536,2026-08-03T20:19:43.626727+00:00
2022-2023,18,PREBENJAMIN,PRIMERA PREBENJAMIN,15528536,Grupo 31,16564444,Grupo 31,,https://www.rffm.es/api/groups?competicion=15528536,2026-08-03T20:19:46.929769+00:00
2022-2023,18,PREBENJAMIN,PRIMERA PREBENJAMIN,15528536,Grupo 32,16564509,Grupo 32,,https://www.rffm.es/api/groups?competicion=15528536,2026-08-03T20:19:49.191141+00:00
2022-2023,18,PREBENJAMIN,PRIMERA PREBENJAMIN,15528536,Grupo 33,16564596,Grupo 33,,https://www.rffm.es/api/groups?competicion=15528536,2026-08-03T20:19:51.405474+00:00
2022-2023,18,PREBENJAMIN,PRIMERA PREBENJAMIN,15528536,Grupo 34,16564752,Grupo 34,,https://www.rffm.es/api/groups?competicion=15528536,2026-08-03T20:19:54.381354+00:00
2022-2023,18,PREBENJAMIN,PRIMERA PREBENJAMIN,15528536,Grupo 35,16564769,Grupo 35,,https://www.rffm.es/api/groups?competicion=15528536,2026-08-03T20:19:56.903639+00:00
2022-2023,18,PREBENJAMIN,PRIMERA PREBENJAMIN,15528536,Grupo 36 ,16564809,Grupo 36 ,,https://www.rffm.es/api/groups?competicion=15528536,2026-08-03T20:19:59.414459+00:00
2022-2023,18,PREBENJAMIN,PRIMERA PREBENJAMIN,15528536,Grupo 37,16564846,Grupo 37,,https://www.rffm.es/api/groups?competicion=15528536,2026-08-03T20:20:03.120972+00:00
2022-2023,18,PREBENJAMIN,PRIMERA PREBENJAMIN,15528536,Grupo 38,16564874,Grupo 38,,https://www.rffm.es/api/groups?competicion=15528536,2026-08-03T20:20:06.246152+00:00
2022-2023,18,PREBENJAMIN,PRIMERA PREBENJAMIN,15528536,Grupo 39,16564888,Grupo 39,,https://www.rffm.es/api/groups?competicion=15528536,2026-08-03T20:20:09.813152+00:00
2022-2023,18,PREBENJAMIN,PRIMERA PREBENJAMIN,15528536,Grupo 40,16564897,Grupo 40,,https://www.rffm.es/api/groups?competicion=15528536,2026-08-03T20:20:14.226790+00:00
2022-2023,18,PREBENJAMIN,PRIMERA PREBENJAMIN,15528536,Grupo 41,16564940,Grupo 41,,https://www.rffm.es/api/groups?competicion=15528536,2026-08-03T20:20:16.840488+00:00
2022-2023,18,PREBENJAMIN,PRIMERA PREBENJAMIN,15528536,grupo 42,16564960,grupo 42,,https://www.rffm.es/api/groups?competicion=15528536,2026-08-03T20:20:19.683518+00:00
2022-2023,18,PREBENJAMIN,PRIMERA PREBENJAMIN,15528536,Grupo 43,16564889,Grupo 43,,https://www.rffm.es/api/groups?competicion=15528536,2026-08-03T20:20:22.160045+00:00
2022-2023,18,PREBENJAMIN,PRIMERA PREBENJAMIN,15528536,Grupo 44,16564887,Grupo 44,,https://www.rffm.es/api/groups?competicion=15528536,2026-08-03T20:20:25.469676+00:00
2022-2023,18,PREBENJAMIN,PRIMERA PREBENJAMIN,15528536,Grupo 45,16564875,Grupo 45,,https://www.rffm.es/api/groups?competicion=15528536,2026-08-03T20:20:27.522332+00:00
2022-2023,18,PREBENJAMIN,PRIMERA PREBENJAMIN,15528536,Grupo 46,16564845,Grupo 46,,https://www.rffm.es/api/groups?competicion=15528536,2026-08-03T20:20:30.040440+00:00
2022-2023,18,PREBENJAMIN,PRIMERA PREBENJAMIN,15528536,Grupo 47,16590171,Grupo 47,,https://www.rffm.es/api/groups?competicion=15528536,2026-08-03T20:20:32.425174+00:00
2022-2023,18,PREBENJAMIN,PRIMERA PREBENJAMIN,15528536,Grupo 48,16564799,Grupo 48,,https://www.rffm.es/api/groups?competicion=15528536,2026-08-03T20:20:34.878520+00:00
2022-2023,18,PREBENJAMIN,PRIMERA PREBENJAMIN,15528536,Grupo 49,16564770,Grupo 49,,https://www.rffm.es/api/groups?competicion=15528536,2026-08-03T20:20:38.014150+00:00
2022-2023,18,PREBENJAMIN,PRIMERA PREBENJAMIN,15528536,Grupo 50,16564728,Grupo 50,,https://www.rffm.es/api/groups?competicion=15528536,2026-08-03T20:20:40.487446+00:00
2022-2023,18,PREBENJAMIN,PRIMERA PREBENJAMIN,15528536,Grupo 51,16564689,Grupo 51,,https://www.rffm.es/api/groups?competicion=15528536,2026-08-03T20:20:43.111982+00:00
2022-2023,18,PREBENJAMIN,PRIMERA PREBENJAMIN,15528536,Grupo 52,16583509,Grupo 52,,https://www.rffm.es/api/groups?competicion=15528536,2026-08-03T20:20:46.413861+00:00
2022-2023,18,PREBENJAMIN,PRIMERA PREBENJAMIN,15528536,Grupo 53,16584271,Grupo 53,,https://www.rffm.es/api/groups?competicion=15528536,2026-08-03T20:20:48.812564+00:00
2022-2023,18,PREBENJAMIN,PRIMERA PREBENJAMIN,15528536,Grupo 54,16586967,Grupo 54,,https://www.rffm.es/api/groups?competicion=15528536,2026-08-03T20:20:51.691525+00:00
2022-2023,18,PREBENJAMIN,PRIMERA PREBENJAMIN,15528536,Grupo 55,16588966,Grupo 55,,https://www.rffm.es/api/groups?competicion=15528536,2026-08-03T20:20:54.440717+00:00
2022-2023,18,PREBENJAMIN,PRIMERA PREBENJAMIN F7 - TORNEO DE CAMPEONES,17122938,"16º, Octavos, Cuartos, Semifinales y Final",17123097,"16º, Octavos, Cuartos, Semifinales y Final",,https://www.rffm.es/api/groups?competicion=17122938,2026-08-03T20:20:57.355290+00:00
2022-2023,18,BENJAMIN,BENJAMIN FEMENINO F7,15560672,Grupo 1,16115507,Grupo 1,,https://www.rffm.es/api/groups?competicion=15560672,2026-08-03T20:21:02.063940+00:00
2022-2023,18,BENJAMIN,BENJAMIN FEMENINO F7,15560672,Grupo 2,16115518,Grupo 2,,https://www.rffm.es/api/groups?competicion=15560672,2026-08-03T20:21:04.808642+00:00
2022-2023,18,BENJAMIN,PRIMERA BENJAMIN FEMENINO F7 - TORNEO DE CAMPEONES,17119590,FINAL,17119594,FINAL,,https://www.rffm.es/api/groups?competicion=17119590,2026-08-03T20:21:08.394987+00:00
2022-2023,18,BENJAMIN,TERCERA VUELTA BENJAMIN FEMENINO ,17084187,GRUPO 1,17084190,GRUPO 1,,https://www.rffm.es/api/groups?competicion=17084187,2026-08-03T20:21:10.959982+00:00
2022-2023,18,BENJAMIN,TERCERA VUELTA BENJAMIN FEMENINO ,17084187,GRUPO 2,17084191,GRUPO 2,,https://www.rffm.es/api/groups?competicion=17084187,2026-08-03T20:21:13.172473+00:00
2022-2023,18,BENJAMIN,Benjamin 1ª Fase - F.S.,19197244,Grupo 1,19165415,Grupo 1,,https://www.rffm.es/api/groups?competicion=19197244,2026-08-03T20:21:15.971892+00:00
2022-2023,18,BENJAMIN,Benjamin 1ª Fase - F.S.,19197244,Grupo 2,19165418,Grupo 2,,https://www.rffm.es/api/groups?competicion=19197244,2026-08-03T20:21:17.320475+00:00
2022-2023,18,BENJAMIN,Benjamin 1ª Fase - F.S.,19197244,Grupo 3,19165419,Grupo 3,,https://www.rffm.es/api/groups?competicion=19197244,2026-08-03T20:21:18.917115+00:00
2022-2023,18,BENJAMIN,Benjamin 1ª Fase - F.S.,19197244,Grupo 4,19165420,Grupo 4,,https://www.rffm.es/api/groups?competicion=19197244,2026-08-03T20:21:20.461084+00:00
2022-2023,18,BENJAMIN,Benjamin 1ª Fase - F.S.,19197244,Grupo 5,19165421,Grupo 5,,https://www.rffm.es/api/groups?competicion=19197244,2026-08-03T20:21:22.857340+00:00
2022-2023,18,BENJAMIN,Benjamin 1ª Fase - F.S.,19197244,Grupo 6,19165422,Grupo 6,,https://www.rffm.es/api/groups?competicion=19197244,2026-08-03T20:21:24.226574+00:00
2022-2023,18,BENJAMIN,Benjamin Segunda Fase - F.S.,19231180,Grupo A,19199351,Grupo A,,https://www.rffm.es/api/groups?competicion=19231180,2026-08-03T20:21:26.485001+00:00
2022-2023,18,BENJAMIN,Benjamin Segunda Fase - F.S.,19231180,Grupo B,19199352,Grupo B,,https://www.rffm.es/api/groups?competicion=19231180,2026-08-03T20:21:29.819136+00:00
2022-2023,18,BENJAMIN,Benjamin Segunda Fase - F.S.,19231180,Grupo C,19199353,Grupo C,,https://www.rffm.es/api/groups?competicion=19231180,2026-08-03T20:21:32.824587+00:00
2022-2023,18,BENJAMIN,Benjamin Segunda Fase - F.S.,19231180,Grupo D,19199354,Grupo D,,https://www.rffm.es/api/groups?competicion=19231180,2026-08-03T20:21:35.376908+00:00
2022-2023,18,BENJAMIN,Benjamin Segunda Fase - F.S.,19231180,Grupo E,19199355,Grupo E,,https://www.rffm.es/api/groups?competicion=19231180,2026-08-03T20:21:38.053241+00:00
2022-2023,18,BENJAMIN,Benjamin Segunda Fase - F.S.,19231180,Grupo F,19199356,Grupo F,,https://www.rffm.es/api/groups?competicion=19231180,2026-08-03T20:21:40.717864+00:00
2022-2023,18,BENJAMIN,Copa Benjamín eliminatorias - F.S.,19235421,Eliminatorias,19203592,Eliminatorias,,https://www.rffm.es/api/groups?competicion=19235421,2026-08-03T20:21:43.114805+00:00
2022-2023,18,BENJAMIN,Copa Benjamin Previa - F.S.,19229340,Eliminatorias,19197590,Eliminatorias,,https://www.rffm.es/api/groups?competicion=19229340,2026-08-03T20:21:45.446078+00:00
2022-2023,18,PREBENJAMIN,Copa Prebenjamin - F.S.,19247318,Eliminatorias,19215489,Eliminatorias,,https://www.rffm.es/api/groups?competicion=19247318,2026-08-03T20:21:47.466800+00:00
2022-2023,18,PREBENJAMIN,Prebenjamin - F.S.,19203084,Grupo Unico,19171291,Grupo Unico,,https://www.rffm.es/api/groups?competicion=19203084,2026-08-03T20:21:50.058206+00:00
2022-2023,18,BENJAMIN,Benjamín Femenina - F.S.,19202929,Grupo Unico,19171100,Grupo Unico,,https://www.rffm.es/api/groups?competicion=19202929,2026-08-03T20:21:51.366935+00:00
2022-2023,18,BENJAMIN,Copa Benjamín Femenina - F.S.,19247316,Grupo unico,19215487,Grupo unico,,https://www.rffm.es/api/groups?competicion=19247316,2026-08-03T20:21:53.179621+00:00
