club_id,club_name_raw,portal_web,crest_url,correspondence_address,locality,province,postal_code,representative_team_id,source_url,scraped_at
4112,GREDOS SAN DIEGO,http://www.clubdeportivogsd.com/,/pnfg/pimg/Clubes/00100_0012174389_gsd_deportes_color_v.png,"C/ JOSE GUTIERREZ MAROTO, 26-1º",Madrid,Madrid,28051.0,24235531,https://www.rffm.es/fichaequipo/24235531,2026-08-02T16:22:32.044811+00:00
5275610,C.D. MINIFUTBOL TORRELODONES,www.minifutbol.com,/pnfg/pimg/Clubes/00100_0010888622_5048_CD_MINIFUTBOLTORRELODONES.png,AVENIDA DE TORRELODONES 13- 2,Torrelodones,Madrid,28250.0,13549961,https://www.rffm.es/fichaequipo/13549961,2026-08-02T16:22:32.637771+00:00
3660,E.F.M.O. BOADILLA,efmadridoesteboadilla.ffmadrid.org,/pnfg/pimg/Clubes/00100_0000000663_3660_EFMO_BOADILLA.jpg,"Donoso Cortes 80 triplicado, escalera B (izq), 4º A",Madrid,Madrid,28015.0,1753,https://www.rffm.es/fichaequipo/1753,2026-08-02T16:22:33.790020+00:00
3700,C.D. VILLANUEVA DE LA CAÑADA,www.cdvillanuevadelacanada.com/,/pnfg/pimg/Clubes/00100_0011167148_escudo_Villanueva_de_la_Ca_ada.jpg,"PANAMA, 32",Villanueva De La Cañada,Madrid,28691.0,2274797,https://www.rffm.es/fichaequipo/2274797,2026-08-02T16:22:34.916015+00:00
30429,C.F. RAYO MAJADAHONDA SAD,www.rayomajadahonda.com,/pnfg/pimg/Clubes/00100_0011006925_ESCUDO_RAYO_BUENO.png,CALLE SOROLLA Nº 1,Majadahonda,Madrid,28222.0,4934956,https://www.rffm.es/fichaequipo/4934956,2026-08-02T16:22:36.258703+00:00
1055224,C.F. COLLADO VILLALBA,www.cfcolladovillalba.com,/pnfg/pimg/Clubes/00100_0011813686_ESCUDOCFV_NUEVO_VER_3.jpg,SAN FERNANDO 8 4F,Collado Villalba,Madrid,28400.0,1059937,https://www.rffm.es/fichaequipo/1059937,2026-08-02T16:22:37.483677+00:00
6822790,C.D.E. F.P.A. LAS ROZAS,www.fpalasrozas.com,/pnfg/pimg/Clubes/00100_0010943406_ac326b74-7769-4ae0-9aaa-c93b610b47a5.JPG,SEVERO OCHOA 9 PORTAL 6 BAJO C,Las Rozas de Madrid,Madrid,28232.0,6821043,https://www.rffm.es/fichaequipo/6821043,2026-08-02T16:22:38.811651+00:00
15305810,CD DV7 MADRID,https://www.dv7soccer.com,/pnfg/pimg/Clubes/00100_0012176176_Crest_DV7_escudo.png,"Avenida Universidad,1 , 28691, Villanueva de la Cañada (UAX FITNESS CENTER)",Villanueva De La Cañada,Madrid,28691.0,15305818,https://www.rffm.es/fichaequipo/15305818,2026-08-02T16:22:39.956144+00:00
30423,LAS ROZAS C.F.,www.lasrozascf.com,/pnfg/pimg/Clubes/00100_0011108020_Escudo_nuevos_Las_Rozas.png,"AVDA. NUESTRA SEÑORA DE RETAMAR, 16 (POLIDEPORTIVO)",Las Rozas de Madrid,Madrid,28232.0,308,https://www.rffm.es/fichaequipo/308,2026-08-02T16:22:41.306353+00:00
334015,C.D. NUEVO BOADILLA,www.nuevoboadilla.es,/pnfg/pimg/Clubes/00100_0000102037_00100_1000024062_Escudo_Boadilla_Fin_Marco1.png,"Polideportivo Municipal Angel Nieto - Carretera Boadilla- Pozuelo km 1,400",Boadilla Del Monte,Madrid,28660.0,345236,https://www.rffm.es/fichaequipo/345236,2026-08-02T16:22:43.681996+00:00
4482,EE PP SAN FERNANDO ESCOLAPIOS POZUELO,,/pnfg/pimg/Clubes/00100_0000089743_Logo_CD.jpg,"Avda. Bularas, 1 (COLEGIO)",Pozuelo De Alarcón,Madrid,28223.0,12521866,https://www.rffm.es/fichaequipo/12521866,2026-08-02T16:22:45.037320+00:00
30388,A.D. COLMENAR VIEJO,www.adcolmenarviejo.es,/pnfg/pimg/Clubes/00100_0011615318_ESCUDO_ADCV.png,c/Tomillo s/n,Colmenar Viejo,Madrid,28770.0,220,https://www.rffm.es/fichaequipo/220,2026-08-02T16:22:46.235642+00:00
847183,RAYO CIUDAD ALCOBENDAS C.F.,www.rcalcobendas.com,/pnfg/pimg/Clubes/00100_0011732556_IMG_20240719_WA0028.jpg,CALLE FCO LARGO CABALLERO S/N,Alcobendas,Madrid,28100.0,846844,https://www.rffm.es/fichaequipo/846844,2026-08-02T16:22:47.491912+00:00
2145,ATLETICO CHOPERA ALCOBENDAS 04,http://www.alcobendas04.com,/pnfg/pimg/Clubes/00100_0011897047_Captura_de_pantalla_2025_08_14_104313.png,C/ Miguel de Cervantes SN - Ciudad Deportiva Valdelasfuentes,Alcobendas,Madrid,28100.0,680671,https://www.rffm.es/fichaequipo/680671,2026-08-02T16:22:48.755248+00:00
3946,A.D. OÑA SANCHINARRO,www.adosanchinarro.com,/pnfg/pimg/Clubes/00100_0011068128_LogoO_av.1.png,"Avenida Francisco Pi y Margall, 77",Madrid,Madrid,28050.0,2182,https://www.rffm.es/fichaequipo/2182,2026-08-02T16:22:50.061902+00:00
3841,C.D. FUTBOL TRES CANTOS,www.trescantoscdf.com,/pnfg/pimg/Clubes/00100_0012158828_Escudo_Tres_Cantos_CDF.png,28760,Tres Cantos,Madrid,28760.0,2047,https://www.rffm.es/fichaequipo/2047,2026-08-02T16:22:51.288123+00:00
3793,C.D.E. ACADEMIA DE FUTBOL ALCOBENDAS,www.academiafutbolalcobendas.es,/pnfg/pimg/Clubes/00100_0011013437_logo_25_aniversario_peque_o.png,Francisco Largo Caballero nº 40 Portal-1 piso 4ºB,Alcobendas,Madrid,28100.0,15291523,https://www.rffm.es/fichaequipo/15291523,2026-08-02T16:22:52.480463+00:00
4475,ESC.FUT. SIETE PICOS COLMENAR,www.efsietepicos.com,/pnfg/pimg/Clubes/00100_0000044472_escudo%207%20picos.JPG,AVDA. JUAN PABLO II,Colmenar Viejo,Madrid,28770.0,3002,https://www.rffm.es/fichaequipo/3002,2026-08-02T16:22:53.876096+00:00
1032661,LA MORALEJA C.F.,www.moralejacf.com,/pnfg/pimg/Clubes/00100_0000083591_4879_CD_MORALEJA_CF.JPG,CALLE IRIS 39,Alcobendas,Madrid,28020.0,2278892,https://www.rffm.es/fichaequipo/2278892,2026-08-02T16:22:54.991656+00:00
1070,U.D. SAN SEBASTIAN DE LOS REYES S.A.D.,www.ud-sanse.com,/pnfg/pimg/Clubes/00100_0000079443_descarga_(12).jpg,"AVDA. MATAPIÑONERA, S/N",San Sebastián De Los Reyes,Madrid,28703.0,555336,https://www.rffm.es/fichaequipo/555336,2026-08-02T16:22:56.366628+00:00
4193,UNION DEPORTIVA TRES CANTOS,www.ud3c.es,/pnfg/pimg/Clubes/00100_0000055987_Escudo_UD3C_2012.jpg,"AVENIDA DE LA VEGA, S/N, 28760",Tres Cantos,Madrid,28760.0,2590,https://www.rffm.es/fichaequipo/2590,2026-08-02T16:22:57.501740+00:00
40024,CLUB ATLETICO DE MADRID S.A.D.,www://atleticodemadrid.com,/pnfg/pimg/Clubes/00100_0011717577_Captura_de_pantalla_2024_06_18_085624.png,Avenida Luis Aragones (ESTADIO CÍVITAS METROPOLITANO),Madrid,Madrid,28022.0,45,https://www.rffm.es/fichaequipo/45,2026-08-02T16:22:58.733037+00:00
524713,LOS SANTOS DE LA HUMOSA C.F.,http://www.clublossantos.es,/pnfg/pimg/Clubes/00100_0012101957_Nuevo_escudo_Los_Santos_C.F.__2_.png,Calle perdigueras 102,Santos De La Humosa (Los),Madrid,28817.0,846797,https://www.rffm.es/fichaequipo/846797,2026-08-02T16:23:00.043322+00:00
30426,C.D. SAN FERNANDO,www.cdsanfernando.es,/pnfg/pimg/Clubes/00100_0012187001_1016_C.D._San_Fernando_2026_2027_Federacion.png,C/ Eugenia de Montijo s/n,San Fernando De Henares,Madrid,28830.0,6813377,https://www.rffm.es/fichaequipo/6813377,2026-08-02T16:23:01.241200+00:00
2740039,SAD COLEGIO MIRAMADRID,deportes.colegiomiramadrid.es,/pnfg/pimg/Clubes/00100_0010910581_escudoSD-66px.png,"Ava. Juan Pablo II, s/n",Paracuellos De Jarama,Madrid,28860.0,2740045,https://www.rffm.es/fichaequipo/2740045,2026-08-02T16:23:02.559376+00:00
3751,C.F. ALALPARDO,www.cfalalpardo.com,/pnfg/pimg/Clubes/00100_0000035998_3751_%20ALALPARDO.jpg,Marques de Auñon 7,Valdeolmos-Alalpardo,Madrid,28130.0,345232,https://www.rffm.es/fichaequipo/345232,2026-08-02T16:23:03.767575+00:00
4236,A.D. SPORTING SAN FERNANDO DE HENARES,www.sportingsanfernandodehenares.com,/pnfg/pimg/Clubes/00100_0011719248_Clipped_image_20240515_211644.png,PLAZA FERNANDO VI 11,San Fernando De Henares,Madrid,28830.0,16557467,https://www.rffm.es/fichaequipo/16557467,2026-08-02T16:23:05.015007+00:00
3774,ESC. FUT. EL OLIVO DE COSLADA,www.efelolivocoslada.com,/pnfg/pimg/Clubes/00100_0011108074_olivo.jpg,"UNAMUNO, 1 BAJO-D",Coslada,Madrid,28821.0,11738773,https://www.rffm.es/fichaequipo/11738773,2026-08-02T16:23:06.245532+00:00
3784,A.D. NUEVO BAZTAN,www.adnuevobaztan.com,/pnfg/pimg/Clubes/00100_0000039452_Nuevo_Baztan.jpg,"Avda. Ibiza, 123",Nuevo Baztán,Madrid,28514.0,1031830,https://www.rffm.es/fichaequipo/1031830,2026-08-02T16:23:07.491645+00:00
30435,MEXICO F.C. S.A.D.,https://mexicofc.com,/pnfg/pimg/Clubes/00100_0011715402_logo_M__xico_FC_rN.png,"Avda. Juan Pablo II, 30 - 2º A",Paracuellos De Jarama,Madrid,28860.0,885948,https://www.rffm.es/fichaequipo/885948,2026-08-02T16:23:08.733549+00:00
30432,R.S.D. ALCALA S.A.D.,www.rsdalcala.com,/pnfg/pimg/Clubes/00100_0000103781_escudo_rsda_nuevo.jpg,AVDA. VIRGEN DEL VAL S/N (ESTADIO),Alcalá De Henares,Madrid,28805.0,2271005,https://www.rffm.es/fichaequipo/2271005,2026-08-02T16:23:10.057177+00:00
4132,A.D. COMPLUTENSE ALCALA,http://www.adcomplutense.es/,/pnfg/pimg/Clubes/00100_0000080565_Escudo.jpg,"PASEO DE AGUADORES, S/N (Campo de Fútbol)",Alcalá De Henares,Madrid,28804.0,2467,https://www.rffm.es/fichaequipo/2467,2026-08-02T16:23:11.303630+00:00
1200,C.D. DOSA,dosa.ffmadrid.org,/pnfg/pimg/Clubes/00100_0000035320_DOSA.jpg,"SANTO DOMINGO SAVIO, 2",0,Madrid,28017.0,680650,https://www.rffm.es/fichaequipo/680650,2026-08-02T16:23:12.483030+00:00
40017,REAL MADRID C.F.,www.realmadrid.com,/pnfg/pimg/Clubes/00100_0011704853_REAL_MADRID.PNG,"Avda. de las Fuerzas Armadas, 402. 28055 Madrid",Madrid,Madrid,28055.0,1031235,https://www.rffm.es/fichaequipo/1031235,2026-08-02T16:23:13.731168+00:00
2739623,RIVAS FUTBOL CLUB,www.rivasfutbolclub.com,/pnfg/pimg/Clubes/00100_0000098133_escudo-rivas-fc.png,"calle ABEDUL, 3 - RIVAS VACIAMADRID - 28523",Rivas-Vaciamadrid,Madrid,28522.0,3347201,https://www.rffm.es/fichaequipo/3347201,2026-08-02T16:23:14.977187+00:00
1104,C.D. CANILLAS,www.cdcanillas.com,/pnfg/pimg/Clubes/00100_0000094647_53030_logo_cd_canillas.jpg,"AGUSTIN DE ITURBIDE, 1",Madrid,Madrid,28043.0,492,https://www.rffm.es/fichaequipo/492,2026-08-02T16:23:16.221306+00:00
1084,CLUB SAN AGUSTIN,,/pnfg/pimg/Clubes/00100_0000000205_1084-san%20agustin.gif,28036,Madrid,Madrid,28036.0,464,https://www.rffm.es/fichaequipo/464,2026-08-02T16:23:17.486829+00:00
3965,UNION ZONA NORTE,cuzonanorte.com,/pnfg/pimg/Clubes/00100_0011007675_ESCUDO_ZONA.png,calle vicente baena 31 B,Madrid,Madrid,28035.0,418816,https://www.rffm.es/fichaequipo/418816,2026-08-02T16:23:20.013439+00:00
1657,A.D. ESPERANZA,https://adesperanza.com,/pnfg/pimg/Clubes/00100_0010880112_ESPERANZA.jpg,C/ ANDORRA 28- 32,Madrid,Madrid,28043.0,928,https://www.rffm.es/fichaequipo/928,2026-08-02T16:23:21.281189+00:00
1156,A.D. SPORTING HORTALEZA,adsportingdehortaleza.com,/pnfg/pimg/Clubes/00100_0010867808_content_sphortalezajuvpruebas1617pequees.jpg,"MONOVAR, S/N (CAMPO DE FUTBOL)",Madrid,Madrid,28033.0,558,https://www.rffm.es/fichaequipo/558,2026-08-02T16:23:22.497445+00:00
524843,AGRUPACION AUTO-ESCUELA SIMANCAS,,/pnfg/pimg/Clubes/00100_0011024048_escudo.jpg,"AVENIDA MADRID 28 1º A, TORREJON DE ARDOZ 28850 MADRID",Madrid,Madrid,28037.0,526137,https://www.rffm.es/fichaequipo/526137,2026-08-02T16:23:23.728075+00:00
4390,S.A.D. A.D.C. PARQUE SURESTE,www.adcparquesureste.es,/pnfg/pimg/Clubes/00100_0000000659_4390_Parque_Sureste2.jpg,"C/ IRLANDA, 10",Rivas-Vaciamadrid,Madrid,28521.0,3010975,https://www.rffm.es/fichaequipo/3010975,2026-08-02T16:23:24.991625+00:00
1186,ESCUELA DEPORTIVA MORATALAZ,edmoratalaz.com,/pnfg/pimg/Clubes/00100_0011212516_Escudo_ED_Moratalaz_jpg.jpg,"CORREGIDOR JUAN FRANCISCO DE LUJAN, 41 LOCAL-3",Madrid,Madrid,28030.0,644,https://www.rffm.es/fichaequipo/644,2026-08-02T16:23:26.274902+00:00
30491,A.D. UNION ADARVE,www.unionadarve.com,/pnfg/pimg/Clubes/00100_0012184056_Escudo_Uni__n_Adarve.jpg,"C/ Becerrea, 4 - Instalación Vereda de Ganapanes",Madrid,Madrid,28029.0,1613,https://www.rffm.es/fichaequipo/1613,2026-08-02T16:23:27.488684+00:00
300024,S.A.D. FUNDACION RAYO VALLECANO,escuelafrv.fundacionrayovallecano.es,/pnfg/pimg/Clubes/00100_0011206462_fundacion_esc.jpg,"CALLE RAYO VALLECANO DE MADRID, 2",Madrid,Madrid,28051.0,344794,https://www.rffm.es/fichaequipo/344794,2026-08-02T16:23:28.829632+00:00
2165,PERISO CLUB DE FUTBOL,efperiso.ffmadrid.org,/pnfg/pimg/Clubes/00100_0010866743_Periso_C.F..jpg,calle hermosilla 101,Madrid,Madrid,28006.0,10677669,https://www.rffm.es/fichaequipo/10677669,2026-08-02T16:23:30.015683+00:00
10658402,U.D. ARROYOFRESNO,www.udarroyofresno.com,/pnfg/pimg/Clubes/00100_0010962925_escudo_RGB.png,"C/ CERRO MINGUETE, 156",Madrid,Madrid,28035.0,10659996,https://www.rffm.es/fichaequipo/10659996,2026-08-02T16:23:31.278933+00:00
3663,E.D.M. SAN BLAS,www.edmsanblas.es,/pnfg/pimg/Clubes/00100_0010898623_EDM-escudo_57x66_(1).jpg,"POBLADURA DEL VALLE, 9 11º D",0,Madrid,28037.0,1782,https://www.rffm.es/fichaequipo/1782,2026-08-02T16:23:32.568119+00:00
1135,ESC. MPAL. DE FUT. AGUILAS DE MORATALAZ,www.aguilasdemoratalaz.com,/pnfg/pimg/Clubes/00100_0011039719_escudo_aguilas___calidad.jpg,"ENCOMIENDA DE PALACIOS, 294 (Bar Rama)",Madrid,Madrid,28030.0,334396,https://www.rffm.es/fichaequipo/334396,2026-08-02T16:23:33.794781+00:00
1083,C.D. SAN ROQUE E.F.F.,cdsanroqueeff.com,/pnfg/pimg/Clubes/00100_0011114778_325CEB7E_6B15_4AEF_B6B5_C818521FA4A3.jpeg,C/ Bahía de Malaga 5,Madrid,Madrid,28042.0,317683,https://www.rffm.es/fichaequipo/317683,2026-08-02T16:23:35.073469+00:00
1054,CLUB ESCUELA DE FUTBOL CONCEPCION,www.efconcepcion.com,/pnfg/pimg/Clubes/00100_0010995681_escudo_conce.jpg,"Virgen del Portillo, 8",Madrid,Madrid,28027.0,385,https://www.rffm.es/fichaequipo/385,2026-08-02T16:23:36.254362+00:00
10664898,C.D. ASOC RETIRO SUR,cdretirosur.com,/pnfg/pimg/Clubes/00100_0010963772_5146_asoc.retiro_sur.jpg,"Alfonso xII, 42 -Bajo",Madrid,Madrid,28014.0,15283814,https://www.rffm.es/fichaequipo/15283814,2026-08-02T16:23:37.501816+00:00
1008,C.D. COLONIA MOSCARDO,www.cdcmoscardo.es,/pnfg/pimg/Clubes/00100_0011589039_MOSCARDO.png,"C/ ANDRES ARTEAGA, 1, MADRID 28026 ESTADIO ROMAN VALERO",Madrid,Madrid,28026.0,345241,https://www.rffm.es/fichaequipo/345241,2026-08-02T16:23:38.814332+00:00
3468,A.D. ESCUELA DE FUTBOL DE CARABANCHEL,www.efcarabanchel.com,/pnfg/pimg/Clubes/00100_0011195225_WhatsApp_Image_2022_07_21_at_07.43.24.jpeg,"AVENIDA DE ABRANTES 78, 1ºD",Madrid,Madrid,28025.0,10655901,https://www.rffm.es/fichaequipo/10655901,2026-08-02T16:23:40.018243+00:00
3388,A.D. ESCUELA DE FUTBOL USERA,,/pnfg/pimg/Clubes/00100_0000039676_LogoNuevoEFUsera.jpg,"C. de Ricardo Beltrán y Rózpide, 12",0,Madrid,28026.0,1432,https://www.rffm.es/fichaequipo/1432,2026-08-02T16:23:41.269509+00:00
3817,C.D. GOYA,www.cdgoya.com,/pnfg/pimg/Clubes/00100_0011183737_ESCUDO_GOYA_CON_1954.jpg,"LUISA MUREIL, 5. BAJO B",Madrid,Madrid,28047.0,300455,https://www.rffm.es/fichaequipo/300455,2026-08-02T16:23:42.534369+00:00
847892,C.D. SANTIAGO APOSTOL VILLAVERDE,www.cdsantiagoapostol.com,/pnfg/pimg/Clubes/00100_0010864450_escudo_nuevo.jpg,C/ ESTEFANITA S/N ESQUINA C/ CANCHAL LOCAL 5 PASTELERIA CHICO,0,Madrid,28021.0,1031839,https://www.rffm.es/fichaequipo/1031839,2026-08-02T16:23:43.775359+00:00
1330,C.D. ALZOLA-HALCONES,cdalzola.rffm.es,/pnfg/pimg/Clubes/00100_0010857942_1330_ALZOLA.jpg,Gainza s/n,Madrid,Madrid,28041.0,846800,https://www.rffm.es/fichaequipo/846800,2026-08-02T16:23:45.005407+00:00
857503,CDE MADRID RIO,www.cfmadridrio.com,/pnfg/pimg/Clubes/00100_0011006860_nuevo_logo_CF_MR.jpg,CALLE TOLEDO 126,Madrid,Madrid,28005.0,857836,https://www.rffm.es/fichaequipo/857836,2026-08-02T16:23:46.300711+00:00
40081,REAL C.D. CARABANCHEL,http://www.rcdcarabanchel.es,/pnfg/pimg/Clubes/00100_0010963629_ESCUDO.jpg,"MONSEÑOR OSCAR ROMERO, 39",Madrid,Madrid,28025.0,467116,https://www.rffm.es/fichaequipo/467116,2026-08-02T16:23:47.561031+00:00
30389,A.D. PARLA,www.adparla.com,/pnfg/pimg/Clubes/00100_0011615023_ESCUDO_ADP.png,AVD ESCUELA PUBLICA S/N,Parla,Madrid,28981.0,331,https://www.rffm.es/fichaequipo/331,2026-08-02T16:23:48.774224+00:00
12234983,C.D. ARANCETANO,www.cdarancetano.com,/pnfg/pimg/Clubes/00100_0012154124_Dise__o_sin_t__tulo__1_.png,"De la Virgen, 67",Aranjuez,Madrid,28300.0,12235122,https://www.rffm.es/fichaequipo/12235122,2026-08-02T16:23:49.999237+00:00
3666,CLUB POLID. PARLA ESCUELA,www.parlaescuela.es,/pnfg/pimg/Clubes/00100_0011107723_escudo_rffm.jpg,CALLE PINTO 76 PRIMERA PLANTA IZQ,Parla,Madrid,28982.0,334355,https://www.rffm.es/fichaequipo/334355,2026-08-02T16:23:51.315324+00:00
1756,FEPE GETAFE III,www.fepegetafe3.com,/pnfg/pimg/Clubes/00100_0010884819_escudo_definitivo_fepe_escudo_21_JULIO.jpg,"C/ ROSA DE LUXEMBURGO, 11, LOCAL 1",Getafe,Madrid,28903.0,1020,https://www.rffm.es/fichaequipo/1020,2026-08-02T16:23:52.528764+00:00
1205,ESC.FUT.AT. CASARRUBUELOS,www.efatleticocasarrubuelos.es,/pnfg/pimg/Clubes/00100_0012141605_Escudo_EFAC_2022.png,"CAMINO TORREJON DE VELASCO, 3",Madrid,Madrid,28977.0,675,https://www.rffm.es/fichaequipo/675,2026-08-02T16:23:53.846544+00:00
3365390,DEPORTIVO CIEMPOZUELOS,www.cdcciempozuelos.com,/pnfg/pimg/Clubes/00100_0011113365_Captura_de_pantalla_2021_09_10_a_las_16.16.42.png,"C/ FRAILES VIEJOS, 40 CHALET-2",Ciempozuelos,Madrid,28350.0,13613926,https://www.rffm.es/fichaequipo/13613926,2026-08-02T16:23:55.022583+00:00
30431,GETAFE C.F. S.A.D.,www.getafecf.com,/pnfg/pimg/Clubes/00100_0011877690_Escudo_a_color.png,"AVDA. TERESA DE CALCUTA,S/N",Getafe,Madrid,28903.0,15287538,https://www.rffm.es/fichaequipo/15287538,2026-08-02T16:23:56.381595+00:00
4576,SESEÑA C.F.,www.sesenacf.com,/pnfg/pimg/Clubes/00100_0000091535_Escudo_Sesena.bmp,"FOSO, 140 ESC.IZDA 1º D",0,Toledo,28300.0,1055031,https://www.rffm.es/fichaequipo/1055031,2026-08-02T16:23:57.579610+00:00
4949289,UNION DEPORTIVA TORREJON DE VELASCO C.F.,http://udtorrejondevelasco.es/,/pnfg/pimg/Clubes/00100_0012139055_logo_web.png,AVDA DE LA HISPANIDAD S/N,Torrejón De Velasco,Madrid,28990.0,4944538,https://www.rffm.es/fichaequipo/4944538,2026-08-02T16:23:58.790409+00:00
30495,AGRUPACION DEPORTE ESCOLAR POPULAR (ADEPO),www.adepopalomeras.com,/pnfg/pimg/Clubes/00100_0011125642_PNG_6X6cm_300_dpi.png,Plaza Cuelgamuros nº 7 3º A,Madrid,Madrid,28038.0,1700,https://www.rffm.es/fichaequipo/1700,2026-08-02T16:24:00.020239+00:00
4578,MOSTOLES C.F.,mostolesclubdefutbol@gmail.com,/pnfg/pimg/Clubes/00100_0011858454_MostolesCF.png,c/ CICLISTA DAVID GEA S/M 28935 MOSTOLES (Madrid),Móstoles,Madrid,28935.0,300490,https://www.rffm.es/fichaequipo/300490,2026-08-02T16:24:01.265143+00:00
3929,C.D. MOSTOLES U.R.J.C.,www.cdmostoles.com,/pnfg/pimg/Clubes/00100_0012189690_Escudo_CD_M__STOLES.jpg,Avenida Iker Casillas s/n,Móstoles,Madrid,28935.0,2147,https://www.rffm.es/fichaequipo/2147,2026-08-02T16:24:02.748446+00:00
4484,C.D. MUNICIPAL ARROYOMOLINOS,,/pnfg/pimg/Clubes/00100_0000001014_4484_CF_CMD_Arroyomolinos.jpg,"Madrid, nº 46. (POLIDEPORTIVO)",Arroyomolinos,Madrid,28939.0,3038,https://www.rffm.es/fichaequipo/3038,2026-08-02T16:24:03.769646+00:00
1038,A.D. ALCORCON S.A.D.,www.adalcorcon.com,/pnfg/pimg/Clubes/00100_0010867312_ESCUDO_FED.jpg,"Av. Esteban Marquez s/n, 28922 Alcorcón - Madrid",Alcorcón,Madrid,28922.0,846863,https://www.rffm.es/fichaequipo/846863,2026-08-02T16:24:05.016174+00:00
3595,A.D. ILLESCAS,www.adillescas.es,/pnfg/pimg/Clubes/00100_0000001061_3595_A.D.ILLESCAS.jpg,CAMIINO TORREJÓN S/N APDO CORREOS 102 ILLESCAS,Illescas,Toledo,45200.0,1665,https://www.rffm.es/fichaequipo/1665,2026-08-02T16:24:06.264010+00:00
1011,ARAVACA C.F.,aravacacf.ffmadrid.org,/pnfg/pimg/Clubes/00100_0012083236_logo.png,CALLE SEPULVEDA 133 b,Madrid,Madrid,28023.0,300394,https://www.rffm.es/fichaequipo/300394,2026-08-02T16:24:07.507614+00:00
10652233,C.D. FUENLABRADA ATLANTIS,www.fuenlatlantis.es,/pnfg/pimg/Clubes/00100_0011108782_LOGO_ATLANTIS_1.png,"Galicia, 16",Fuenlabrada,Madrid,28942.0,12531533,https://www.rffm.es/fichaequipo/12531533,2026-08-02T16:24:08.758737+00:00
10664183,C.D. UGENA EFM,,/pnfg/pimg/Clubes/00100_0011784990_ugena.png,C/Soria nº1 8ºC,Madrid,Madrid,28943.0,10664123,https://www.rffm.es/fichaequipo/10664123,2026-08-02T16:24:10.038695+00:00
3498,CULTURAL DEPORTIVA MIRAFLOR,www.acdmiraflor.es,/pnfg/pimg/Clubes/00100_0010886336_escudo_miraflor.jpg,"PLAZA VALDEHONDILLO, 1 1º D",Fuenlabrada,Madrid,28946.0,344714,https://www.rffm.es/fichaequipo/344714,2026-08-02T16:24:11.262777+00:00
1010,C.D. LEGANES S.A.D.,www.cdleganes.com,/pnfg/pimg/Clubes/00100_0000052639_escudoleganes.JPG,"C. Arquitectura, S/N, 28918 Leganés, Madrid",Leganés,Madrid,28914.0,2277745,https://www.rffm.es/fichaequipo/2277745,2026-08-02T16:24:12.514179+00:00
12294275,S.A.D. FUNDACION C.D. LEGANES,fundacion@cdleganes.com y/o direccion@cdleganes.com,/pnfg/pimg/Clubes/00100_0011114701_00100_0011100932_Fundaci_n_1.png,"ARQUITECTURA, S/N.",Leganés,Madrid,28914.0,13571350,https://www.rffm.es/fichaequipo/13571350,2026-08-02T16:24:13.848264+00:00
1077,C.D. GALAPAGAR,www.cdgalapagar.com,/pnfg/pimg/Clubes/00100_0011078749_Escudo_CDG.png,"GUADARRAMA, 129",Galapagar,Madrid,28260.0,307365,https://www.rffm.es/fichaequipo/307365,2026-08-02T16:24:15.016339+00:00
4628,C.D. PUERTA DE MADRID,www.cdpuertademadrid.com,/pnfg/pimg/Clubes/00100_0011026874_escudo_puerta_sin_fondo.png,Calle santa barbara 13 3B,Majadahonda,Madrid,28220.0,10666871,https://www.rffm.es/fichaequipo/10666871,2026-08-02T16:24:16.266923+00:00
2278551,C.D.E. FOOTBALL DREAMS EXPERIENCE,www.clubfde.com,/pnfg/pimg/Clubes/00100_0011221693_FDE__logo_sello.png,UNIVERSIDAD FRANCISCO DE VITORIA,Las Rozas de Madrid,Madrid,28232.0,2277056,https://www.rffm.es/fichaequipo/2277056,2026-08-02T16:24:17.547145+00:00
1526,CLUB TORRELODONES C.F.,tcf.futbol,/pnfg/pimg/Clubes/00100_0011195222_logo.png,"PLAZA JOSE MARIA UNCETA, 4 Y 6 / PASEO JOAQUIN RUIZ GIMENEZ 24",Torrelodones,Madrid,28250.0,13554754,https://www.rffm.es/fichaequipo/13554754,2026-08-02T16:24:18.816152+00:00
15280389,S.A.D. FUNDACION RAYO MAJADAHONDA,www.rayomajadahonda.com,/pnfg/pimg/Clubes/00100_0012143536_fundacion_rayo_majadahonda.jpg,CALLE SOROLLA Nº 1,Majadahonda,Madrid,28222.0,16519374,https://www.rffm.es/fichaequipo/16519374,2026-08-02T16:24:20.010288+00:00
1032514,CDE TONI KROOS ACADEMY,https://www.tonikroos-academy.es/,/pnfg/pimg/Clubes/00100_0011745802_tony_kroos.png,"Club Las Encinas de Boadilla Cr. Pozuelo a Boadilla km 4,600 28660 Boadilla del Monte, Madrid",Boadilla Del Monte,Madrid,28660.0,21420657,https://www.rffm.es/fichaequipo/21420657,2026-08-02T16:24:21.266043+00:00
3525,C.D. RETAMAR-POZUELO,www.retamar.com,/pnfg/pimg/Clubes/00100_0000000957_escudo_retamar.jpg,"PAJARES, 22",Pozuelo De Alarcón,Madrid,28223.0,422145,https://www.rffm.es/fichaequipo/422145,2026-08-02T16:24:22.517690+00:00
4561,A.D. EL REAL DE MANZANARES,,/pnfg/pimg/Clubes/00100_0012140785_LOGO_AD_MANZANARES_EL_REAL.png,"PLAZA DE PUEBLO, 1 (AYUNTAMIENTO)",Manzanares El Real,Madrid,28410.0,17258121,https://www.rffm.es/fichaequipo/17258121,2026-08-02T16:24:23.781086+00:00
1897,C.D. CARRANZA,www.cdcarranza.com,/pnfg/pimg/Clubes/00100_0011036366_ESCUDO.png,Av. Navarrondan (Polideportivo Dehesa Boyal),San Sebastián De Los Reyes,Madrid,28702.0,467054,https://www.rffm.es/fichaequipo/467054,2026-08-02T16:24:25.018946+00:00
4441,C.D. MOLAREÑO,www.cdmolareno.com,/pnfg/pimg/Clubes/00100_0011241791_escudo__1_.jpg,AVDA. LA CONSTITUCIÓN S/N (CENTRO DEPORTIVO FUENTE EL TORO),Molar (El),Madrid,28710.0,21414191,https://www.rffm.es/fichaequipo/21414191,2026-08-02T16:24:26.285371+00:00
13571035,JARAMA RACE-BEINSOCCER INTERNATIONAL MADRID,,/pnfg/pimg/Clubes/00100_0011593613_Escudo_JARAMA_RACE_BEINSOCCER_INTERNATIONAL_MADRID_Color.png,"RACE- CARRETERA DE BURGOS KM 28,100 s/n",San Sebastián De Los Reyes,Madrid,28707.0,13571246,https://www.rffm.es/fichaequipo/13571246,2026-08-02T16:24:27.526713+00:00
3333,JUVENTUD SANSE,www.juventudsanse.es,/pnfg/pimg/Clubes/00100_0011038704_LOGO_PEQUEN_O__JS.jpg,Avda. de la Dehesa S/N. Campos de Fútbol Gabriel Pedregal (Juventud Sanse),San Sebastián De Los Reyes,Madrid,28700.0,2728658,https://www.rffm.es/fichaequipo/2728658,2026-08-02T16:24:28.790646+00:00
1037,ALCOBENDAS C.F.,www.adalcobendascf.com,/pnfg/pimg/Clubes/00100_0011756754_LOGO_ALCOBENDAS_ORIGINAL_2024.jpg,"Avda. de la Transicion, s/n - POLIDEP. JOSE CABALLERO",Alcobendas,Madrid,28100.0,275,https://www.rffm.es/fichaequipo/275,2026-08-02T16:24:30.050133+00:00
6824528,C.D. UNION EUROPA SANSE,www.unioneuropasanse.com,/pnfg/pimg/Clubes/00100_0011856698_escudo_UES_nuevo.jpg,Avenida navalrondan s/n,San Sebastián De Los Reyes,Madrid,28703.0,6821028,https://www.rffm.es/fichaequipo/6821028,2026-08-02T16:24:31.270517+00:00
8969193,C.F. VALDEBEBAS,,/pnfg/pimg/Clubes/00100_0010954009_escudo_pequeno_valdebebas.jpg,"FERNANDO HIGUERAS, 27 2ºB",Madrid,Madrid,28055.0,8966788,https://www.rffm.es/fichaequipo/8966788,2026-08-02T16:24:32.579282+00:00
3909313,C.D. ESTUDIANTES LAS TABLAS,http://www.colegioestudiantes.es,/pnfg/pimg/Clubes/00100_0011754705_EIS.png,C/ Fromista 1,Madrid,Madrid,28050.0,3909479,https://www.rffm.es/fichaequipo/3909479,2026-08-02T16:24:33.768373+00:00
13373654,C.D.B. BIS,,,"LA SALVIA,48",Alcobendas,Madrid,,15287704,https://www.rffm.es/fichaequipo/15287704,2026-08-02T16:24:35.150043+00:00
300002,C.D. OLIMPICO DE HORTALEZA,www.cdohortaleza.com,/pnfg/pimg/Clubes/00100_0010958086_ESCUDO_400x400.jpg,Camino de Montoro 6,Madrid,Madrid,28055.0,345223,https://www.rffm.es/fichaequipo/345223,2026-08-02T16:24:36.792057+00:00
4203,C.D. ALGETE,www.cdalgete.com,/pnfg/pimg/Clubes/00100_0011920739_Escudo_CD_Algete.png,"C/FELIX RODRIGUEZ DE LA FUENTE, 34- LOCAL BAJO",Algete,Madrid,28110.0,14917238,https://www.rffm.es/fichaequipo/14917238,2026-08-02T16:24:37.675595+00:00
4313,SPORTING SEIS DE DICIEMBRE,,/pnfg/pimg/Clubes/00100_0012027007_ESCUDONU_ARRIBA1.jpg,"C/ MAESTRO LUNA, 6-BAJO A",Alcobendas,Madrid,28100.0,300465,https://www.rffm.es/fichaequipo/300465,2026-08-02T16:24:38.844722+00:00
847156,ATLETICO LA GARENA,https://atleticolagarena.com/,/pnfg/pimg/Clubes/00100_0000049097_ESCUDO%20atletico%20la%20garena.jpg,"Arturo Soria, s/n (Espacio Deportivo La Garena)",Madrid,Madrid,28806.0,846809,https://www.rffm.es/fichaequipo/846809,2026-08-02T16:24:40.186193+00:00
1713,C.D. DAGANZO,,/pnfg/pimg/Clubes/00100_0011030121_daganzo.jfif,"DON QUIJOTE DE LA MANCHA, 1 (PABELLON)",Daganzo De Arriba,Madrid,28814.0,21492723,https://www.rffm.es/fichaequipo/21492723,2026-08-02T16:24:41.748771+00:00
4612,S.A.D. ESPARTALES SUR,sad.espartales.org/2020/,/pnfg/pimg/Clubes/00100_0011255480_S.A.D._A.V._ESPARTALES_SUR.png,JACINTO VERDAGUER S/N,Alcalá De Henares,Madrid,28806.0,300493,https://www.rffm.es/fichaequipo/300493,2026-08-02T16:24:42.595406+00:00
30422,C.D.B. COSLADA,www.cdcoslada.es,/pnfg/pimg/Clubes/00100_0011098262_Logo_Premium_C.D.Coslada___COLOR_2.0.jpg,"MAR CANTABRICO, S/N (ESTADIO EL OLIVO)",Coslada,Madrid,28821.0,13571356,https://www.rffm.es/fichaequipo/13571356,2026-08-02T16:24:43.794193+00:00
300713,ESCUELA MUNICIPAL DE COBEÑA,www.emfcobeña.com,/pnfg/pimg/Clubes/00100_0012141601_Escudo_Cobe_a_fondo_blanco.png,"PLAZA DE LA VILLA, 1",Cobeña,Madrid,28863.0,301350,https://www.rffm.es/fichaequipo/301350,2026-08-02T16:24:45.061893+00:00
1167,U.D. VELILLA,www.udvelilla.com,/pnfg/pimg/Clubes/00100_0011583701_6A3C328C_DFD7_4844_9D17_14ACE9D1611A.jpeg,Libertad 16 2*B,Velilla De San Antonio,Madrid,28891.0,17202273,https://www.rffm.es/fichaequipo/17202273,2026-08-02T16:24:46.357548+00:00
1179,C.D. AVANCE,www.cdavance.es,/pnfg/pimg/Clubes/00100_0011216275_EX_8vUBWkAE1ZPd.png,C/ COGOLLUDO S/N (CAMPO MUNICIPAL FELIPE DE LUCAS),Alcalá De Henares,Madrid,28805.0,300420,https://www.rffm.es/fichaequipo/300420,2026-08-02T16:24:47.620350+00:00
10652216,C.D. RIVAS JARAMA,https://cdrivasjarama.epizy.com/,/pnfg/pimg/Clubes/00100_0011193874_0h7DwM4u_400x400__1____copia.jpg,"HOLANDA,7",Rivas-Vaciamadrid,Madrid,28521.0,13932323,https://www.rffm.es/fichaequipo/13932323,2026-08-02T16:24:48.856447+00:00
4144,VILLALBILLA C.F.,,/pnfg/pimg/Clubes/00100_0011775440_Escudo_Villalbilla_nuevo_vectorized.png,CPM VILLALBILLA Crta. Valdelaguila s/n,Villalbilla,Madrid,28810.0,2273310,https://www.rffm.es/fichaequipo/2273310,2026-08-02T16:24:50.057306+00:00
4239,CLUB FUENTELARREYNA,,/pnfg/pimg/Clubes/00100_0000104721_Escudo.jpg,"RAMON GOMEZ DE LA SERNA, 151 4ºB",Madrid,Madrid,28035.0,1092531,https://www.rffm.es/fichaequipo/1092531,2026-08-02T16:24:51.331692+00:00
30430,DEPORTIVO A.V. SANTA ANA,www.davsantaana.es,/pnfg/pimg/Clubes/00100_0010976814_dep_av_santaana.jpg,"HOSPITALET DE LLOBREGAT, S/N",Madrid,Madrid,28034.0,1415,https://www.rffm.es/fichaequipo/1415,2026-08-02T16:24:52.662233+00:00
334007,C.D. MAS RIVER,,/pnfg/pimg/Clubes/00100_0011555991_ESCUDO_CD_MASRIVER_CON_FONDO_BLANCO.PNG,C/ RAMÓN GÓMEZ DE LA SERNA S/N (INSTALACIÓN DEPORTIVA),Madrid,Madrid,28035.0,15272838,https://www.rffm.es/fichaequipo/15272838,2026-08-02T16:24:53.815147+00:00
1469,CELTIC CASTILLA C.F.,celticcastilla.es,/pnfg/pimg/Clubes/00100_0010940034_ESC_CELTIC_CASTILLA.png,"Calle de Sta Juliana, 7",Madrid,Madrid,28003.0,828,https://www.rffm.es/fichaequipo/828,2026-08-02T16:24:55.051888+00:00
3335,ADC ESCUELA FUTBOL BARRIO PILAR,,/pnfg/pimg/Clubes/00100_0011943963_Logo_Escuela.jpg,"PLAZA VILLAFRANCA DE LOS BARROS,3.- 8º 1",Madrid,Madrid,28034.0,1337,https://www.rffm.es/fichaequipo/1337,2026-08-02T16:24:56.330154+00:00
3381,FUNDACION ADF,,/pnfg/pimg/Clubes/00100_0010993722_Fundacion.jpg,"Braojos, 21",Madrid,Madrid,28035.0,319787,https://www.rffm.es/fichaequipo/319787,2026-08-02T16:24:57.560626+00:00
1168,C.D. VICALVARO,cdvical@gmail.com,/pnfg/pimg/Clubes/00100_0011122324_FONDO_BLANCO.png,"LOS GALEOTE, 5",Madrid,Madrid,28032.0,847655,https://www.rffm.es/fichaequipo/847655,2026-08-02T16:24:58.832260+00:00
2135,ESCUELA DE FUTBOL DE VICALVARO,efvicalvaro.com,/pnfg/pimg/Clubes/00100_0011550404_efv.jpg,VILLABLANCA 35 28032,Madrid,Madrid,28032.0,1159,https://www.rffm.es/fichaequipo/1159,2026-08-02T16:25:00.031426+00:00
1965,AD A.TOLEDO OLIVOS C.F.,adatoledoolivos.es,/pnfg/pimg/Clubes/00100_0012153463_ESCUDO_ADA_TOLEDO__2_.jpg,28840,Mejorada Del Campo,Madrid,28840.0,2712913,https://www.rffm.es/fichaequipo/2712913,2026-08-02T16:25:01.443553+00:00
17152597,C.D.E INNOVA MORATALAZ,www.innovamoratalaz.es,/pnfg/pimg/Clubes/00100_0011584923_LOGO_INNOVA_AMPLI.png,C/ CAÑON DE RIO LOBOS 6,Madrid,Madrid,28030.0,17152610,https://www.rffm.es/fichaequipo/17152610,2026-08-02T16:25:02.858931+00:00
1368,A.D. VILLA ROSA,www.advillarosa.es,/pnfg/pimg/Clubes/00100_0010956278_Escudo_Nuevo_-_copia.jpg,"Aconcagua, s/n-(Campo de Fútbol)",Madrid,Madrid,28043.0,467078,https://www.rffm.es/fichaequipo/467078,2026-08-02T16:25:03.967506+00:00
789795,C.D. OLIMPICO LAS ROSAS,,/pnfg/pimg/Clubes/00100_0011014521_AF_ESCUDO_CDOR_COLOR_page_001.jpg,"C/ POBLACION DE CAMPOS, 17-2º A",0,Madrid,28050.0,789793,https://www.rffm.es/fichaequipo/789793,2026-08-02T16:25:05.077702+00:00
1600,ESCUELA DEPORTIVA ALMUDENA,http://www.edalmudena.es/,/pnfg/pimg/Clubes/00100_0011577260_Escudo.jpg,"LA ESPAÑOLA, 1 3º B",Madrid,Madrid,28017.0,300444,https://www.rffm.es/fichaequipo/300444,2026-08-02T16:25:06.344816+00:00
3359715,C.D. UNION VALDEBERNARDO,www.unionvb.es,/pnfg/pimg/Clubes/00100_0010931511_Escudo_ValdeBernardo_Union.png,"C/ Ladera de los almendros, 13",Madrid,Madrid,,15269535,https://www.rffm.es/fichaequipo/15269535,2026-08-02T16:25:07.593243+00:00
12443976,S.A.D. FUNDACION ESCUELA DE FUTBOL AFE,www.escuelafutbolafe.es,/pnfg/pimg/Clubes/00100_0011230707_unnamed.jpg,"Gran Via, 30 -8º",Madrid,Madrid,28013.0,15289775,https://www.rffm.es/fichaequipo/15289775,2026-08-02T16:25:08.808823+00:00
1696,ESCUELA FUTBOL JUVENTUD MADRID,www.juventudmadrid.com,/pnfg/pimg/Clubes/00100_0011741131_ESCUDO_JOTA_25ANV4.jpg,Calle Ronda del Sur 143 - Espacio 1430,Madrid,Madrid,28053.0,334602,https://www.rffm.es/fichaequipo/334602,2026-08-02T16:25:10.097791+00:00
15704036,S.A.D. STELLA MARIS LA GAVIA,,/pnfg/pimg/Clubes/00100_0011208343_Escudo_SMLG.png,C/ Peñaranda de Bracamonte,Madrid,Madrid,28051.0,21429627,https://www.rffm.es/fichaequipo/21429627,2026-08-02T16:25:11.311789+00:00
4306,UNION DEPORTIVA LA POVEDA,www.udlapoveda.com,/pnfg/pimg/Clubes/00100_0010913564_logo_poveda.jpg,Balandro 58,Arganda Del Rey,Madrid,28500.0,680875,https://www.rffm.es/fichaequipo/680875,2026-08-02T16:25:12.591577+00:00
1033,VALLECAS C.F.,www.vallecascf.com,/pnfg/pimg/Clubes/00100_0011869145_vallecas_escudo__1_.png,"CALLE PUERTO REINOSA, 2 - 28031 MADRID",Madrid,Madrid,28031.0,467030,https://www.rffm.es/fichaequipo/467030,2026-08-02T16:25:13.920237+00:00
358261,A.D. NUEVA CASTILLA,,/pnfg/pimg/Clubes/00100_0011099569_Escudo_AD_Nueva_Castilla_sin_fondo.png,"Calle Fernando Chueca Goitia, 22",Madrid,Madrid,28051.0,4939046,https://www.rffm.es/fichaequipo/4939046,2026-08-02T16:25:15.237820+00:00
1268,C.D. SANTA EUGENIA 1976,,/pnfg/pimg/Clubes/00100_0000000465_12168-santa%20eugenia.jpg,"Del Cerro Almodovar, s/n ctra. valencia, Km 9,800 (Margen Izq) 28031 Madrid",Madrid,Madrid,28031.0,3359586,https://www.rffm.es/fichaequipo/3359586,2026-08-02T16:25:17.535766+00:00
3875,AGRUPACION CENTRO DEPORTIVO VALLECAS,www.vallecascdv.es,/pnfg/pimg/Clubes/00100_0010933940_CDV.jpg,"Mohernando, 1- 28038 - Madrid",Madrid,Madrid,28038.0,327185,https://www.rffm.es/fichaequipo/327185,2026-08-02T16:25:18.784318+00:00
2739184,C.D. PARACUELLOS SPORT,www.cdparacuellossport.es,/pnfg/pimg/Clubes/00100_0011919216_Logo_PS_vertical_solo_escudo_color.jpg,C/ QUEVEDO 9 2ºB,Paracuellos De Jarama,Madrid,28860.0,2733675,https://www.rffm.es/fichaequipo/2733675,2026-08-02T16:25:20.040411+00:00
4382,UDMELIDAOLIMPIA,www.udmelidaolimpia.com,/pnfg/pimg/Clubes/00100_0011869395_escudo_2025_01__1_.png,CALLE VIRGEN DE LAS VIÑAS 14 ESCALERA DCHA BAJO B,Madrid,Madrid,28031.0,2791,https://www.rffm.es/fichaequipo/2791,2026-08-02T16:25:21.572772+00:00
3703,A.D. VILLAVERDE BAJO,advillaverdebajo.com,/pnfg/pimg/Clubes/00100_0000040310_3703_VILLAVERDE%20BAJO.jpg,"GRAZIA DELEDDA , 3 , 3A",Madrid,Madrid,28041.0,1849,https://www.rffm.es/fichaequipo/1849,2026-08-02T16:25:22.543001+00:00
3942,A.D.C. SAN FERMIN,www.adcsanfermin.es,/pnfg/pimg/Clubes/00100_0012104587_LOGO_ADC_SAN_FEMRIN_04.png,"SAN SIMPLICIO, 8 (LOCAL)",Madrid,Madrid,28041.0,2170,https://www.rffm.es/fichaequipo/2170,2026-08-02T16:25:23.824985+00:00
1966,ESC. FUT. A.V. LA CHIMENEA,,/pnfg/pimg/Clubes/00100_0000086011_1966_EF_AV_LA_CHIMENEA.JPG,"HERMENEGILDO BIELSA, S/N SOPORTALES",Madrid,Madrid,28026.0,334354,https://www.rffm.es/fichaequipo/334354,2026-08-02T16:25:25.069025+00:00
3815,C.D. BETIS SAN ISIDRO,https://bsi1931.wordpress.com/,/pnfg/pimg/Clubes/00100_0010849990_Betis-San-Isidro-escudo.jpg,"Calle del Gral. Ricardos, 17, Madrid (Bar Hidalgo)",Madrid,Madrid,28019.0,15269854,https://www.rffm.es/fichaequipo/15269854,2026-08-02T16:25:26.338973+00:00
2122,A.J.D.C. LA MANCHA,ajdc_la_mancha@hotmail.com,/pnfg/pimg/Clubes/00100_0012178178_Escudo_LA_MANCHA_Borde_negroRecurso_1.png,"CALLE GUTIERRE DE CETINA, 19 1C",Madrid,Madrid,28026.0,467049,https://www.rffm.es/fichaequipo/467049,2026-08-02T16:25:27.546322+00:00
3824,ESCUELA FUTBOL CIUDAD DE GETAFE,www.efciudaddegetafe.com,/pnfg/pimg/Clubes/00100_0011874799_CDG_ESCUDO_RGB_02.png,"Calle Helen Keller 6, portal b 2ºA",Getafe,Madrid,28903.0,10710448,https://www.rffm.es/fichaequipo/10710448,2026-08-02T16:25:28.913070+00:00
3433,A.D. ALHONDIGA,www.adalhondiga.com,/pnfg/pimg/Clubes/00100_0011036902_Escudo_alhondiga.jpg,apartado de correos 271,Getafe,Madrid,28906.0,306455,https://www.rffm.es/fichaequipo/306455,2026-08-02T16:25:30.077286+00:00
4949227,UNION DEPORTIVA USERA,uniondeportivausera.com,/pnfg/pimg/Clubes/00100_0010867066_Logo---UDU---30p_(1).jpg,C/ Mirasierra 8 2 izquierda,Madrid,Madrid,28026.0,4944580,https://www.rffm.es/fichaequipo/4944580,2026-08-02T16:25:31.285673+00:00
21527048,CDB UNION DEPORTIVA ARGANZUELA,,/pnfg/pimg/Clubes/00100_0012072488_Logo_transparente.jpeg,C/ San Epifanio 3 Local 7,Madrid,Madrid,28005.0,24235829,https://www.rffm.es/fichaequipo/24235829,2026-08-02T16:25:32.575711+00:00
1223,AGRUPACION C.D. LUCERO LINCES,,/pnfg/pimg/Clubes/00100_0000089907_Lucero-Linces.JPG,Avenida Aurora Boreal 27 2 B,Madrid,Madrid,28032.0,3365044,https://www.rffm.es/fichaequipo/3365044,2026-08-02T16:25:33.822298+00:00
4516,ESCUELA FUTBOL MADRID SUR,EFMADRIDSUR.COM,/pnfg/pimg/Clubes/00100_0000000960_efmadridsur.jpg,"C/ Peñafiel, 34 (Talleres M&amp;J)",Madrid,Madrid,28019.0,334601,https://www.rffm.es/fichaequipo/334601,2026-08-02T16:25:35.063330+00:00
2733752,C.D. SANTA BARBARA GETAFE,www.cdesantabarbara.es,/pnfg/pimg/Clubes/00100_0000090964_SANTA_BARBARA.jpg,"C/ Amado Argad, 6 - Pol. Ind. La Carpetania",Getafe,Madrid,28906.0,2733744,https://www.rffm.es/fichaequipo/2733744,2026-08-02T16:25:36.293019+00:00
4495,S.A.D. ARC MARIANISTAS AMOROS,futbolamoros.wordpress.com,/pnfg/pimg/Clubes/00100_0000090547_imagen.jpg,Joaquin turina 37,Madrid,Madrid,28044.0,3068,https://www.rffm.es/fichaequipo/3068,2026-08-02T16:25:37.682171+00:00
3377,C.F. INTER DE VALDEMORO,https://interdevaldemoro.com/,/pnfg/pimg/Clubes/00100_0011093369_ESCUDO_FIRMA.docx.png,Calle Fresno 8 3C,Valdemoro,Madrid,28341.0,1399,https://www.rffm.es/fichaequipo/1399,2026-08-02T16:25:39.222920+00:00
4465,ESC. DE FUT. VALDEMORO,efvaldemoro.es,/pnfg/pimg/Clubes/00100_0011926454_ESCUDO_NUEVO_SIN_FONDO.png,MAR CARIBE 36,Valdemoro,Madrid,28341.0,300474,https://www.rffm.es/fichaequipo/300474,2026-08-02T16:25:40.057630+00:00
17145076,CDE PINTO ACADEMY FC,https://www.dracademyfootball.com,/pnfg/pimg/Clubes/00100_0011870505_500x500.png,"Calle Correo 4, Pinto",Pinto,Madrid,28320.0,17145085,https://www.rffm.es/fichaequipo/17145085,2026-08-02T16:25:41.354714+00:00
680798,C.D.E. CIUDAD DE PINTO,www.ciudadepinto.com,/pnfg/pimg/Clubes/00100_0011752500_Escudo_Ciudad_de_Pinto.jpg,"AVDA. EUROPA, 8 - 3º B",Pinto,Madrid,28320.0,680623,https://www.rffm.es/fichaequipo/680623,2026-08-02T16:25:42.749463+00:00
4149,DEPORTIVO YUNCOS,,/pnfg/pimg/Clubes/00100_0011866901_Escudo_Cd_Yuncos.png,"C/ BELGICA, 6 (COMPLEJO DPTVO. VILLA DE YUNCOS)",Yuncos,Toledo,45210.0,2511,https://www.rffm.es/fichaequipo/2511,2026-08-02T16:25:43.840813+00:00
3745,ESCUELA DE FUTBOL SAN MARTIN DE LA VEGA,,/pnfg/pimg/Clubes/00100_0012172834_ESCUDO_SAN_MARTIN.png,"Enrique Tierno Galván, 92-5",San Martín De La Vega,Madrid,28330.0,847390,https://www.rffm.es/fichaequipo/847390,2026-08-02T16:25:45.036814+00:00
1264,NUEVO PINTO C.F.,www.nuevopintocf.com,/pnfg/pimg/Clubes/00100_0011725872_Escudo_NPCF.png,"C/ MILANOS, 8 NAVE 56",Pinto,Madrid,28320.0,21426505,https://www.rffm.es/fichaequipo/21426505,2026-08-02T16:25:46.305302+00:00
1014,REAL ARANJUEZ C.F.,www.realaranjuezcf.es,/pnfg/pimg/Clubes/00100_0011872721_escudo_raranjuez.jpg,"Pº EL DELEITE, S/N",Aranjuez,Madrid,28300.0,10663805,https://www.rffm.es/fichaequipo/10663805,2026-08-02T16:25:47.591235+00:00
4949412,VALDEMORO CLUB DE FUTBOL,www.valdemorocf.es,/pnfg/pimg/Clubes/00100_0010867429_Valdemoro_CF-Escudo_66x66.jpg,"Paseo del Matadero Nº2, 2ºC",Valdemoro,Madrid,28343.0,4944559,https://www.rffm.es/fichaequipo/4944559,2026-08-02T16:25:48.836015+00:00
4949130,C.D. SP&AL FUENLABRADA,www.escuelapachonlopez.es,/pnfg/pimg/Clubes/00100_0011629622_Sedes_EFSPALFuenla.png,CALLE LA PLAZA 31,Fuenlabrada,Madrid,28942.0,11847578,https://www.rffm.es/fichaequipo/11847578,2026-08-02T16:25:50.070439+00:00
10652240,C.D. SP&AL SERRANILLOS,https://escuelapachonlopez.es/,/pnfg/pimg/Clubes/00100_0012139056_Sedes_EFSPALSerra.png,POLI. ALDOLFO SUAREZ,Fuenlabrada,Madrid,28945.0,23171604,https://www.rffm.es/fichaequipo/23171604,2026-08-02T16:25:51.298081+00:00
4053,A.D. UNION CARRASCAL,,/pnfg/pimg/Clubes/00100_0000056027_imagenpp.jpg,"ITALIA, 2 - 9º C",Leganés,Madrid,28916.0,15509267,https://www.rffm.es/fichaequipo/15509267,2026-08-02T16:25:52.609132+00:00
3536,C.F. TRIVAL VALDERAS ALCORCON,www.trivalvalderas.com/,/pnfg/pimg/Clubes/00100_0000039449_Trivel_Valderas.jpg,"AVDA.LOS CASTILLOS, S/N (La Canaleja)",Alcorcón,Madrid,28925.0,1577,https://www.rffm.es/fichaequipo/1577,2026-08-02T16:25:53.819470+00:00
3705,A.D. NUEVO VERSALLES-LORANCA,www.adnuevoversalles-loranca.es,/pnfg/pimg/Clubes/00100_0011006784_Logo.png,"C/ NUEVO VERSALLES,",Fuenlabrada,Madrid,28942.0,1862,https://www.rffm.es/fichaequipo/1862,2026-08-02T16:25:55.104061+00:00
684775,ATLETICO NAVALCARNERO,www.atleticonavalcarnero.es,/pnfg/pimg/Clubes/00100_0011776360_Sin_t__tulo_1.png,C/ RONDA DEL CONCEJO N.º 16,Navalcarnero,Madrid,28600.0,21386061,https://www.rffm.es/fichaequipo/21386061,2026-08-02T16:25:56.752660+00:00
334489,C.D.E. AMISTAD ALCORCON,www.cdeamistad.com,/pnfg/pimg/Clubes/00100_0011173550_cdeamistad.png,Centro Deportivo Vicente del Bosque,Alcorcón,Madrid,28923.0,680644,https://www.rffm.es/fichaequipo/680644,2026-08-02T16:25:58.797530+00:00
1072,A.D. VILLAVICIOSA DE ODON,www.advillaviciosadeodon.com,/pnfg/pimg/Clubes/00100_0011736589_logo_actualizado.png,C/ Alexander Graham Bell S/N,Villaviciosa De Odón,Madrid,28670.0,10659181,https://www.rffm.es/fichaequipo/10659181,2026-08-02T16:26:00.116635+00:00
1120,C.F. ATLETICO VALDEIGLESIAS,www.atleticovaldeiglesias.com,/pnfg/pimg/Clubes/00100_0012140789_Escudo_At._Valdeiglesias__1_.png,CALLE AMAPOLA Nº 2,San Martín De Valdeiglesias,Madrid,28680.0,770560,https://www.rffm.es/fichaequipo/770560,2026-08-02T16:26:01.302520+00:00
4603,ESC. FUT. ESTUDIANTES ALCORCON,www.escuelafutbolestudiantes.es,/pnfg/pimg/Clubes/00100_0000036630_4603_E.F.%20ESTUDIANTES%20de%20Alcorcon.jpg,"AVD. DEL OESTE, 39-2º A",Alcorcón,Madrid,28922.0,3257,https://www.rffm.es/fichaequipo/3257,2026-08-02T16:26:02.644252+00:00
24118777,CDE UDF VILLALBA,www.udvillalba.com,/pnfg/pimg/Clubes/00100_0012187659_NUEVO_escudo_udv.png,CALLE CAMINO DE LA FONDA 33,Collado Villalba,Madrid,28400.0,24142728,https://www.rffm.es/fichaequipo/24142728,2026-08-02T16:26:06.289647+00:00
1052,ATLETICO LEONES DE CASTILLA,http://www.leonesdecastilla.com,/pnfg/pimg/Clubes/00100_0000000441_1052-at.leones%20castilla.jpg,"CARRETERA DEL ESCORIAL, S/N (CENTRO DTVO. GUADARRAMA)",Guadarrama,Madrid,28440.0,17134366,https://www.rffm.es/fichaequipo/17134366,2026-08-02T16:26:07.535331+00:00
1888,C.D. ALPEDRETE,www.cdalpedrete.com,/pnfg/pimg/Clubes/00100_0011658694_COLOR.png,Campo de Futbol S/N,Alpedrete,Madrid,28430.0,1032196,https://www.rffm.es/fichaequipo/1032196,2026-08-02T16:26:08.832793+00:00
1290,CERCEDA C.F.,,/pnfg/pimg/Clubes/00100_0011205156_cercedamadrid.png,"Calle Becerril, 4",Boalo (El),Madrid,28412.0,15283816,https://www.rffm.es/fichaequipo/15283816,2026-08-02T16:26:10.039727+00:00
899416,C.D. SAN AGUSTIN LOS NEGRALES,www.sanagustinlosnegrales.es,/pnfg/pimg/Clubes/00100_0011744415_Logo_CSA_2024.png,28440,Guadarrama,Madrid,28440.0,2275400,https://www.rffm.es/fichaequipo/2275400,2026-08-02T16:26:11.308604+00:00
3713241,GIMNASTICA COLMENAREJO C.F.,www.gimnasticacolmenarejo.es,/pnfg/pimg/Clubes/00100_0010885465_colmenarejo_federacion.png,"Calle de Gregorio Panadero, 41",Colmenarejo,Madrid,28270.0,4939017,https://www.rffm.es/fichaequipo/4939017,2026-08-02T16:26:12.781286+00:00
10724765,C.D. MARAZUELA LAS ROZAS,,/pnfg/pimg/Clubes/00100_0012178270_BC1AAF9C_647F_4758_83B5_BC76E90C8FE8.png,"MORCUERA, Nº 10 - 1º -",Las Rozas de Madrid,Madrid,28231.0,25090128,https://www.rffm.es/fichaequipo/25090128,2026-08-02T16:26:13.800313+00:00
12438606,C.D. SERENDIPITY,,/pnfg/pimg/Clubes/00100_0011554382_descarga__1_.jpeg,Calle La Paz 105 CP: 28210 Valdemorillo,Madrid,Madrid,28210.0,12444995,https://www.rffm.es/fichaequipo/12444995,2026-08-02T16:26:15.092776+00:00
6823094,U.D. LAS MATAS C.F.,www.udlasmatascf.es,/pnfg/pimg/Clubes/00100_0010911159_ESCUDO_UD_LAS_MATAS.jpg,farncisco alonso 32,Las Rozas de Madrid,Madrid,28290.0,24760601,https://www.rffm.es/fichaequipo/24760601,2026-08-02T16:26:16.330745+00:00
24232659,CDE FUTBOL BASE DEPORTIVO TORRELODONES,www.deportivotorrelodones.com,/pnfg/pimg/Clubes/00100_0012151834_Escudo_Negro.PNG,"Paseo Joaquín Ruiz Giménez, 12 (INSTALACION DEPORTIVA JULIAN ARIZA)",Torrelodones,Madrid,28250.0,24234809,https://www.rffm.es/fichaequipo/24234809,2026-08-02T16:26:17.574001+00:00
1051,C.D. UNION DE ARAVACA,https://www.unionaravaca.com/,/pnfg/pimg/Clubes/00100_0011739573_escudo.png,"EL FERROL, 23 5º 5",Madrid,Madrid,28029.0,4937442,https://www.rffm.es/fichaequipo/4937442,2026-08-02T16:26:18.802503+00:00
2279728,C.D. SEK EL CASTILLO,,,"Calle Catillo de Alarcón 47, Villanueva de la Cañada",Villanueva De La Cañada,Madrid,28692.0,2279726,https://www.rffm.es/fichaequipo/2279726,2026-08-02T16:26:20.127418+00:00
1026,A.D. CALA POZUELO,,/pnfg/pimg/Clubes/00100_0000101074_AD_CALASANZ_POZUELO.jpg,"ZARZA, 4 2º-B",Madrid,Madrid,28023.0,21426564,https://www.rffm.es/fichaequipo/21426564,2026-08-02T16:26:21.306295+00:00
3715,C.F. POZUELO DE ALARCON,www.cfpozuelo.com,/pnfg/pimg/Clubes/00100_0010960678_escudo_Rffm_-_CFPOZUELO.jpg,C/ Costanilla del Olivar 13 2 D,0,Madrid,28223.0,417687,https://www.rffm.es/fichaequipo/417687,2026-08-02T16:26:22.541855+00:00
17145116,CDE NUEVO VILLANUEVA DEL PARDILLO,www.villanuevadelpardillo.club,/pnfg/pimg/Clubes/00100_0012183465_ESCUDO_CDE.jpeg,C/Real 5,Villanueva del Pardillo,Madrid,28229.0,17145120,https://www.rffm.es/fichaequipo/17145120,2026-08-02T16:26:23.792744+00:00
352813,C.D. VALLMONT DE VILLANUEVA DEL PARDILLO,www.colegiovallmont.es,/pnfg/pimg/Clubes/00100_0011122012_CD_Vallmont.jpg,CALLE MALLORCA 2 - VILLANUEVA DEL PARDILLO - 28229,Villanueva del Pardillo,Madrid,28229.0,2729427,https://www.rffm.es/fichaequipo/2729427,2026-08-02T16:26:25.097024+00:00
3449,A.C.R. ATLETICO ALCOBENDAS,,/pnfg/pimg/Clubes/00100_0010969854_3449_ATLETICO_ALCOBENDAS.jpg,CALLE DE PALENCIA 16,Alcobendas,Madrid,28100.0,21430671,https://www.rffm.es/fichaequipo/21430671,2026-08-02T16:26:26.304181+00:00
718576,A.D. FUTBOL BASE 3 CANTOS,www.base3cantos.es,/pnfg/pimg/Clubes/00100_0011870107_LOGO_BASE_3_CANTOS.jpg,"AVDA. DE LA LUZ, 6",Tres Cantos,Madrid,28760.0,2277094,https://www.rffm.es/fichaequipo/2277094,2026-08-02T16:26:27.584141+00:00
849146,C.D.B. BASE,deportivobase.com,/pnfg/pimg/Clubes/00100_0011897207_CD_Base.png,"CAMINO ANCHO, 10",Alcobendas,Madrid,28109.0,849148,https://www.rffm.es/fichaequipo/849148,2026-08-02T16:26:28.849050+00:00
4338,C.D. ALDOVEA,,/pnfg/pimg/Clubes/00100_0000000933_4338_Aldovea.jpg,"Pº ALCOBENDAS, 3",Alcobendas,Madrid,28109.0,2768,https://www.rffm.es/fichaequipo/2768,2026-08-02T16:26:31.328631+00:00
301559,S.A.D. LICEO EUROPEO,www.liceo-europeo.es,/pnfg/pimg/Clubes/00100_0000085238_logo_liceosports.jpg,"CAMINO SUR, 10-12",Alcobendas,Madrid,28109.0,418755,https://www.rffm.es/fichaequipo/418755,2026-08-02T16:26:33.899299+00:00
3681,C. ATLETICO CONCILIO,Www.adAtleticoconcilio.es,/pnfg/pimg/Clubes/00100_0011109916_ESCUDO_NUEVO.png,"CACERES, 18 3º PLANTA",Alcobendas,Madrid,28100.0,300453,https://www.rffm.es/fichaequipo/300453,2026-08-02T16:26:35.282752+00:00
14003637,CDB SEK-CIUDALCAMPO,,,Pº DE LAS PERDICES,San Sebastián De Los Reyes,Madrid,28707.0,17151714,https://www.rffm.es/fichaequipo/17151714,2026-08-02T16:26:36.413701+00:00
3853587,OLIMPIC DE LAS TABLAS C.F.,ganaadudawson33@hotmail.com,/pnfg/pimg/Clubes/00100_0010953980_ESCUDO_OLIMPIC_LAS_TABLAS.png,Calle Celanova 13,Madrid,Madrid,28029.0,3854052,https://www.rffm.es/fichaequipo/3854052,2026-08-02T16:26:37.622764+00:00
4947054,SPORTING LAS TABLAS,https://www.facebook.com/SportingLasTablas/,/pnfg/pimg/Clubes/00100_0011099915_logo_slt_peque.jpg,punte la reina n-16 piso-3A,Madrid,Madrid,28050.0,4947058,https://www.rffm.es/fichaequipo/4947058,2026-08-02T16:26:38.890350+00:00
2279634,UNION DEPORTIVA SAN AGUSTIN DEL GUADALIX,www.uniondeportivasanagustin.com,/pnfg/pimg/Clubes/00100_0000085099_Escudo_temporada_2013-2014.jpg,C. Julian Berrendero sn ( Polideportivo Municipal).,San Agustín Del Guadalix,Madrid,28750.0,17127900,https://www.rffm.es/fichaequipo/17127900,2026-08-02T16:26:40.301437+00:00
4198,C.F. SAN AGUSTIN DE GUADALIX,www.cfsanagustin.com,/pnfg/pimg/Clubes/00100_0011183554_escudo_san_agus.png,"JULIAN BERRENDERO, 12",San Agustín Del Guadalix,Madrid,28750.0,14351133,https://www.rffm.es/fichaequipo/14351133,2026-08-02T16:26:42.686498+00:00
4025,RECREATIVO SOTO DEL REAL C.F.,www.recresoto.com,/pnfg/pimg/Clubes/00100_0011107286_RSR_9.jpg,"Calle Egidillo sin número, Soto del Real",Soto Del Real,Madrid,28791.0,2312,https://www.rffm.es/fichaequipo/2312,2026-08-02T16:26:43.855743+00:00
3656,C.D. GUADALIX DE LA SIERRA,www.cdguadalix.com,/pnfg/pimg/Clubes/00100_0012140790_cd_guadalix.png,,Guadalix De La Sierra,Madrid,28794.0,846822,https://www.rffm.es/fichaequipo/846822,2026-08-02T16:26:45.162022+00:00
4443,C.D. PEDREZUELA,www.cdpedrezuela.es,/pnfg/pimg/Clubes/00100_0011784989_EscudoCDP_1975oSin.png,"AVENIDA POLIDEPORTIVO, S/N",Pedrezuela,Madrid,28723.0,847431,https://www.rffm.es/fichaequipo/847431,2026-08-02T16:26:46.412897+00:00
1032596,C.D. TORRELAGUNA VILLA,gema-choopf@hotmail.com,/pnfg/pimg/Clubes/00100_0012178959_Escudo_Torrelaguna.png,"c/ Malvarrosa, 8",Torrelaguna,Madrid,28180.0,17132722,https://www.rffm.es/fichaequipo/17132722,2026-08-02T16:26:47.645950+00:00
3027834,U.D. VELLON VENTURADA,www.instagram.com/udvv_oficial,/pnfg/pimg/Clubes/00100_0012138805_ESCUDO_UD_VELLON_VENTURADA.png,,Venturada,Madrid,28729.0,12498571,https://www.rffm.es/fichaequipo/12498571,2026-08-02T16:26:48.860427+00:00
3365820,C.D. MOLAR SPORT,www.molarsport.com,/pnfg/pimg/Clubes/00100_0012140786_ESCUDO_MOLAR_SPORT_ORIGINAL.png,"C. Regimiento de Asturias, 43",Molar (El),Madrid,28710.0,4941401,https://www.rffm.es/fichaequipo/4941401,2026-08-02T16:26:50.189702+00:00
1749,A.D. LA CABRERA,,/pnfg/pimg/Clubes/00100_0012062438_Logotipo_AD_La_Cabrera.png,"Calle de los Deportes, 2",Cabrera (La),Madrid,28751.0,691828,https://www.rffm.es/fichaequipo/691828,2026-08-02T16:26:51.367916+00:00
4438,C.D. MIRAFLORES DE LA SIERRA,https://cdmirafloresdelasierra.es/,/pnfg/pimg/Clubes/00100_0011735536_acolor_logo_futbol_AF_08_08_2024.png,"AVDA. CONSTITUCION, 31",Miraflores De La Sierra,Madrid,28792.0,467033,https://www.rffm.es/fichaequipo/467033,2026-08-02T16:26:52.663504+00:00
13570763,U.D. TALAMANCA,www.udtalamanca.es,/pnfg/pimg/Clubes/00100_0011593947_1_TALAMANCA.jpg,"PZA. DEL SANTO ANGEL, S/N",Madrid,Madrid,28160.0,13982409,https://www.rffm.es/fichaequipo/13982409,2026-08-02T16:26:53.909617+00:00
3953,C.D. VALDETORRES,clubdeportivovaldetorres.ffmadrid.org,/pnfg/pimg/Clubes/00100_0010881152_LOGO_BAJA_FEDE.jpg,Camino de la Vega 24,Valdetorres De Jarama,Madrid,28150.0,2198,https://www.rffm.es/fichaequipo/2198,2026-08-02T16:26:55.106333+00:00
3742,C.F. FUENTE EL SAZ,www.cffsaz.es,/pnfg/pimg/Clubes/00100_0012132698_escudo.png,C/ Almendralejos 29 1ºI,Fuente El Saz De Jarama,Madrid,28140.0,467063,https://www.rffm.es/fichaequipo/467063,2026-08-02T16:26:56.356048+00:00
680731,C.D. ALGETEÑO,www.algeteño.com,/pnfg/pimg/Clubes/00100_0011667211_Escudo_CD_ALGETENO.png,"C. del Brasil, 14",Algete,Madrid,28110.0,680626,https://www.rffm.es/fichaequipo/680626,2026-08-02T16:26:57.606618+00:00
3284,A.D. JUVENTUD TORREJON,juventudtorrejon.es,/pnfg/pimg/Clubes/00100_0000001111_3284_AD_Juventud_de_Torrejon.jpg,Avda Madrid nº 2 6º A,Torrejón De Ardoz,Madrid,28850.0,24011739,https://www.rffm.es/fichaequipo/24011739,2026-08-02T16:26:58.916153+00:00
4297,A.D. LA PLATA-TR82,http://www.adlaplata.es,/pnfg/pimg/Clubes/00100_0011240324_Escudo_A.D._LA_PLATA_TR82.jpg,"CALLE DEL RIO, 10 PORTAL 2 1ºE",Torrejón De Ardoz,Madrid,28850.0,24015786,https://www.rffm.es/fichaequipo/24015786,2026-08-02T16:27:00.193980+00:00
4060,A.D. TORREJON C.F.,www.adtorrejoncf.com,/pnfg/pimg/Clubes/00100_0011601593_ESCUDO_AD_TORREJON.png,"Calle Turín, 14, campo de futbol las veredillas",Torrejón De Ardoz,Madrid,28850.0,24026002,https://www.rffm.es/fichaequipo/24026002,2026-08-02T16:27:01.364031+00:00
13570758,C.D. VILLA DE AJALVIR,,/pnfg/pimg/Clubes/00100_0011100890_5209__VILLA_DE_AJALVIR.jpg,"PAZA. DE LA VILLA, S/N",Ajalvir,Madrid,28864.0,13979064,https://www.rffm.es/fichaequipo/13979064,2026-08-02T16:27:03.120113+00:00
1276,A.D. HENARES D.IV,,/pnfg/pimg/Clubes/00100_0010969886_AD-Henaresdistrito-IV-Madrid-1.png,28803,Alcalá De Henares,Madrid,28803.0,680628,https://www.rffm.es/fichaequipo/680628,2026-08-02T16:27:03.863908+00:00
1254,ATLETICO ALCALA,www.clubatleticoalcala.com/,/pnfg/pimg/Clubes/00100_0011193081_Escudo_ATA__con_fondo_.jpg,"Camino del Juncal, 16 1ºB",Alcalá De Henares,Madrid,28802.0,1084991,https://www.rffm.es/fichaequipo/1084991,2026-08-02T16:27:05.144955+00:00
4568,C.F. RAYO ENSANCHE,,,"C/ DULCE MARIA LOYNAZ, 3-LOCAL",Alcalá De Henares,Madrid,28806.0,3177,https://www.rffm.es/fichaequipo/3177,2026-08-02T16:27:06.378055+00:00
8966308,C.D. DYS SPORTS,www.dys.es,/pnfg/pimg/Clubes/00100_0011040028_Logotipo_Escuela_de_Futbol__CMYK___AZUL_CLARO_fondo_blanco.jpg,C/SIMON GARCIA DE PEDRO S/N,Alcalá De Henares,Madrid,28805.0,10659133,https://www.rffm.es/fichaequipo/10659133,2026-08-02T16:27:07.615867+00:00
3224,C.D. ESCOLAPIOS ALCALA,,/pnfg/pimg/Clubes/00100_0011615454_logo2.png,"AVDA. LOPE DE FIGUEROA, 27-B",Alcalá De Henares,Madrid,28804.0,1032369,https://www.rffm.es/fichaequipo/1032369,2026-08-02T16:27:08.897338+00:00
1134,CAMARMA C.F.,camarmacf.ffmadrid.org,/pnfg/pimg/Clubes/00100_0011109967_Escudo__PEQUE_O,Camino del Molino S/N (polideportivo),Camarma De Esteruelas,Madrid,28816.0,1079502,https://www.rffm.es/fichaequipo/1079502,2026-08-02T16:27:10.115364+00:00
12337077,S.A.D. COLEGIO SAN GABRIEL,centrodeportivosangabriel.es,/pnfg/pimg/Clubes/00100_0011191297_logo_sad_sangabriel.png,"Avda. de los Pasionistas,10",Alcalá De Henares,Madrid,28806.0,12382165,https://www.rffm.es/fichaequipo/12382165,2026-08-02T16:27:13.912668+00:00
1974,A.D. NAYA,www.adnaya.es,/pnfg/pimg/Clubes/00100_0011707116_escudo_naya.jpg,"Avenida de Daganzo, 6",Alcalá De Henares,Madrid,28805.0,1123,https://www.rffm.es/fichaequipo/1123,2026-08-02T16:27:15.114667+00:00
1036,A.D. EL PARDO,https://oficialadelpardo.wordpress.com/,/pnfg/pimg/Clubes/00100_0011578382_escudo_el_pardo.jpg,Carretera Colmenar S/N,Las Rozas de Madrid,Madrid,28232.0,10632691,https://www.rffm.es/fichaequipo/10632691,2026-08-02T16:27:16.365135+00:00
8968082,ATLETICO SANTA ANA,,/pnfg/pimg/Clubes/00100_0010919865_ATSANTA_ANA.png,"SAN CRISPIN, 11.",Madrid,Madrid,28011.0,21396288,https://www.rffm.es/fichaequipo/21396288,2026-08-02T16:27:17.664975+00:00
4575,C.D. TRIVEMA NAVAL,www.trivemanaval.es,/pnfg/pimg/Clubes/00100_0011007260_escudo_nuevo.jpeg,C/ Velacho - Bajo s/n,Madrid,Madrid,28033.0,12231225,https://www.rffm.es/fichaequipo/12231225,2026-08-02T16:27:18.883619+00:00
1291,CLUB CIRINGANILLOS,,/pnfg/pimg/Clubes/00100_0000055237_ESCUDO_color.jpg,"LANZADA, 5",Madrid,Madrid,28008.0,21413814,https://www.rffm.es/fichaequipo/21413814,2026-08-02T16:27:20.163081+00:00
1242,NTRA. SRA. DEL BUEN CONSEJO,,/pnfg/pimg/Clubes/00100_0000035077_BuenConsejo.jpg,"Juan Montalvo, 30 (COLEGIO)",Madrid,Madrid,28040.0,720,https://www.rffm.es/fichaequipo/720,2026-08-02T16:27:22.662972+00:00
12234617,C.D. RUPE SAHAGUN,www.rupesahagun.com,/pnfg/pimg/Clubes/00100_0011030432_rupe.jpg,"RIVADAVIA, Nº 10",Madrid,Madrid,28029.0,12234688,https://www.rffm.es/fichaequipo/12234688,2026-08-02T16:27:23.917368+00:00
1611,C.D. SPARTAC DE MANOTERAS,spartacdemanoteras.com,/pnfg/pimg/Clubes/00100_0000094027_ESCUDO.jpg,"TIJOLA, S/N",Madrid,Madrid,28033.0,8963680,https://www.rffm.es/fichaequipo/8963680,2026-08-02T16:27:25.129792+00:00
25090103,CDE ATLETISMO SPORTING DE HORTALEZA,,,CALLE MONOVAR S/N,Madrid,Madrid,28033.0,25098438,https://www.rffm.es/fichaequipo/25098438,2026-08-02T16:27:26.502006+00:00
6820888,A.D. SAN PASCUAL-MONTPELLIER,www.sanpascualmontpellier.es,/pnfg/pimg/Clubes/00100_0011075319_ESCUDO_SPM.png,C/Virgen del Val nº 7,Madrid,Madrid,28027.0,6821017,https://www.rffm.es/fichaequipo/6821017,2026-08-02T16:27:30.167162+00:00
301467,C.D. CHAMARTIN VERGARA,www.chv1995.es,/pnfg/pimg/Clubes/00100_0011170683_2022_05_09_Logo_CHV995.jpeg,"VICENTE JIMENO, 2",Madrid,Madrid,28035.0,301470,https://www.rffm.es/fichaequipo/301470,2026-08-02T16:27:31.409613+00:00
3365571,C.D. CHAMBERI DE MADRID,www.cdchamberi.es,/pnfg/pimg/Clubes/00100_0012170479_Captura_de_pantalla_2026_06_11_135312.png,"c/ Manuel Silvela, 16, local derecho",Madrid,Madrid,28010.0,6818486,https://www.rffm.es/fichaequipo/6818486,2026-08-02T16:27:32.774483+00:00
1176,C.R. GUINDALERA,www.crguindalera1924.es,/pnfg/pimg/Clubes/00100_0012123569_escudo_centenario.jpg,"c/ Juan de la Hoz 17, Bajo Interior Dcha, 28028, Madrid",Madrid,Madrid,28028.0,24018718,https://www.rffm.es/fichaequipo/24018718,2026-08-02T16:27:33.876715+00:00
680918,MADRID C.F. FEMENINO,www.madridcff.com,/pnfg/pimg/Clubes/00100_0011945641_2_MADRID_CFF.png,"Cronos, 63 4ª Planta Oficina 3",Madrid,Madrid,28037.0,6816903,https://www.rffm.es/fichaequipo/6816903,2026-08-02T16:27:35.112627+00:00
2356048,C.D. ESCUELA BREOGAN,escuelabreogan.com,/pnfg/pimg/Clubes/00100_0010955352_Logo_breogan_.jpg,C/ VIRGEN DEL PORTILLO 23 SOTANO,Madrid,Madrid,28028.0,4949950,https://www.rffm.es/fichaequipo/4949950,2026-08-02T16:27:36.365271+00:00
571100,C.D. UNION ELIPA,www.unionelipa.es,/pnfg/pimg/Clubes/00100_0011717616_LOGO__ByN.jpg,C/ SANTA FELICIDAD 13 - Bº. MADRID,Madrid,Madrid,28017.0,571107,https://www.rffm.es/fichaequipo/571107,2026-08-02T16:27:37.607655+00:00
8970312,C.D. CIUDAD DE MADRID 2018,,/pnfg/pimg/Clubes/00100_0011085294_ESCUDO.jpg,"Calle San Lamberto, 17",Madrid,Madrid,28017.0,8966818,https://www.rffm.es/fichaequipo/8966818,2026-08-02T16:27:38.909946+00:00
300016,CLUB ALAMEDA DE OSUNA,www.colegio-alameda.com,/pnfg/pimg/Clubes/00100_0011683308_club_alameda.jpg,"PASEO DE LA ALAMEDA DE OSUNA, 60 28042 MADRID",0,Madrid,28042.0,555316,https://www.rffm.es/fichaequipo/555316,2026-08-02T16:27:40.166567+00:00
3373,CLUB ALAMEDA DE OSUNA ESCUELAS DE FUTBOL,www.alamedadeosunaef.com,/pnfg/pimg/Clubes/00100_0011035718_00100_1000035118_escudo_bueno_alameda.jpg,"PASEO ALAMEDA OSUNA, 87 2ºA",Madrid,Madrid,28042.0,334398,https://www.rffm.es/fichaequipo/334398,2026-08-02T16:27:41.472739+00:00
3430915,C.D. NEWMAN,https://clubdeportivonewman.org/,/pnfg/pimg/Clubes/00100_0012126114_escudo.jpeg,"Avda. Guadalajara, 28 (entrada junto a Centro Deportivo)",Madrid,Madrid,28032.0,3714649,https://www.rffm.es/fichaequipo/3714649,2026-08-02T16:27:42.631421+00:00
4948887,CDE AULA C.F.,www.aulacf.es,/pnfg/pimg/Clubes/00100_0011716185_AulaCF_6Mayo.png,"C/ ALBACETE, 2 -3º D",Madrid,Madrid,28027.0,21410370,https://www.rffm.es/fichaequipo/21410370,2026-08-02T16:27:43.867307+00:00
1019,C.D. BARAJAS,www.cdbarajas.com,/pnfg/pimg/Clubes/00100_0000042740_ESCUDO%20BARAJAS.jpg,"C/ AYERBE, 16",Madrid,Madrid,28042.0,145,https://www.rffm.es/fichaequipo/145,2026-08-02T16:27:45.121193+00:00
3135,CLUB C.F. CAMPO REAL 89,www.cfcamporeal.es,/pnfg/pimg/Clubes/00100_0012140782_CF_CampoReal__Alta_.png,"Pso. de Pozuelo, s/n.",Campo Real,Madrid,28510.0,10108293,https://www.rffm.es/fichaequipo/10108293,2026-08-02T16:27:46.423507+00:00
2157,C.D. MECO,www.clubdeportivomeco.es,/pnfg/pimg/Clubes/00100_0011061065_Escudo_Meco__Nuevo_jpg.jpg,28880,Meco,Madrid,28880.0,2273586,https://www.rffm.es/fichaequipo/2273586,2026-08-02T16:27:47.610661+00:00
4130,C.D. MEJOREÑO,www.cdmejoreno.com,/pnfg/pimg/Clubes/00100_0011717745_Lgo_MEJO_copia_png_vectorized.png,Ayuntamiento Mejorada del Campo,Mejorada Del Campo,Madrid,28840.0,16154335,https://www.rffm.es/fichaequipo/16154335,2026-08-02T16:27:48.871866+00:00
2739136,C.D. SAMPER,www.cdsamper.com,/pnfg/pimg/Clubes/00100_0011147840_logo_samper.png,"Oceano Atlantico, 6 - P 1 - 1º A",Coslada,Madrid,28821.0,15280051,https://www.rffm.es/fichaequipo/15280051,2026-08-02T16:27:50.170970+00:00
1596,C.F. RAYO 70,wwwcfrayo70.1973@gmail.com,/pnfg/pimg/Clubes/00100_0010962422_IMG_20190604_114224.png,"AVDA. VIENA, 3 4º F",Coslada,Madrid,28822.0,17134389,https://www.rffm.es/fichaequipo/17134389,2026-08-02T16:27:51.356106+00:00
334165,CDE ESCUELA UNION DEPORTIVA LOECHES,atleticoloeches.rffm.es/pnfg/NPcd/RW_Inicio,/pnfg/pimg/Clubes/00100_0011626428_1200px_Escudo_de_Loeches.svg.png,"NICARAGUA, 11",Loeches,Madrid,28890.0,8927512,https://www.rffm.es/fichaequipo/8927512,2026-08-02T16:27:52.610379+00:00
1363,A.D. ARGANDA CLUB DE FUTBOL,www.adarganda.es,/pnfg/pimg/Clubes/00100_0010849385_arganda66px.jpg,"AVDA. ALCALA, 3 - ESTADIO MUNICIPAL",Arganda Del Rey,Madrid,28500.0,3342553,https://www.rffm.es/fichaequipo/3342553,2026-08-02T16:27:53.874091+00:00
3526,ESCUELA DE FUTBOL ARGANDA,efarganda.ffmadrid.org,/pnfg/pimg/Clubes/00100_0000040925_EF_Arganda_3526.jpg,"Camino del Molino, s/n",Arganda Del Rey,Madrid,28500.0,680788,https://www.rffm.es/fichaequipo/680788,2026-08-02T16:27:55.130593+00:00
13570977,CDE VALMES C.F.,,/pnfg/pimg/Clubes/00100_0012140784_Captura_de_pantalla_2026_04_30_135915.png,callw agua 49,Pinto,Madrid,28320.0,13571006,https://www.rffm.es/fichaequipo/13571006,2026-08-02T16:27:56.369164+00:00
2366789,E.M.F. DE CARABAÑA,,/pnfg/pimg/Clubes/00100_0011037951_escudo_caraba_a_png.png,"PLAZA DE ESPAÑA, 7",Carabaña,Madrid,28560.0,2366798,https://www.rffm.es/fichaequipo/2366798,2026-08-02T16:27:57.662477+00:00
3579,ESC. MUN. FUT. VILLAREJO,http://www.emfvillarejo.es,/pnfg/pimg/Clubes/00100_0000038321_GetAttachment.jpg,CALLE BELMONTE S/N VILLAREJO DE SALVANES (MADRID),Villarejo De Salvanés,Madrid,28590.0,847370,https://www.rffm.es/fichaequipo/847370,2026-08-02T16:27:58.872435+00:00
334019,ARGANDA UNION DEPORTIVA,www.argandaud.com,/pnfg/pimg/Clubes/00100_0010962620_Escudo_AUD.png,"Calle Bolivia, 3",Arganda Del Rey,Madrid,28500.0,1037287,https://www.rffm.es/fichaequipo/1037287,2026-08-02T16:28:00.113256+00:00
21695289,CDE ACADEMIA FENIX,academiafenix.eu,/pnfg/pimg/Clubes/00100_0011868285_Escudo_F__nix.jpeg,28019,Madrid,Madrid,28018.0,24021213,https://www.rffm.es/fichaequipo/24021213,2026-08-02T16:28:03.887574+00:00
3941,CLUB MAR ABIERTO,www.escueladefutbolmarabierto.com,/pnfg/pimg/Clubes/00100_0011232750_escudo_mar_abierto.png,"MUELA DE SAN JUAN, 44 5ºC",Madrid,Madrid,28031.0,345240,https://www.rffm.es/fichaequipo/345240,2026-08-02T16:28:05.122065+00:00
1799,CLUB SECCION DEPORTIVA DEL POZO,https://www.sdpozo.com,/pnfg/pimg/Clubes/00100_0011685159_IMG_20190913_WA0008.jpg,Asociación de vecinos del Pozo. Avenida Glorietas 19-21,Madrid,Madrid,28053.0,2714734,https://www.rffm.es/fichaequipo/2714734,2026-08-02T16:28:06.403057+00:00
8971318,A.D. MADRID SUR,www.admadridsur.org,/pnfg/pimg/Clubes/00100_0012178934_logo_Agrupacion_Deportiva_Madrid_Sur.jpg,Pablo Neruda 75,Madrid,Madrid,28018.0,24017652,https://www.rffm.es/fichaequipo/24017652,2026-08-02T16:28:07.636087+00:00
467264,C.D. SPORT VILLA DE VALLECAS,,/pnfg/pimg/Clubes/00100_0011746248_ESCUDO_FONDO_BLANCO_removebg_preview__1_.png,"SIERRA DE PALOMERAS, 10- PORTAL 2 BAJO",0,Madrid,28031.0,467076,https://www.rffm.es/fichaequipo/467076,2026-08-02T16:28:10.233294+00:00
10662814,C.D.E. DE FUTBOL INTER VICTORIA,www.cdefintervictoria.com,/pnfg/pimg/Clubes/00100_0012183227_ESCUDO_INTER_VICTORIA.jpg,"C/ ALCALA DE GUADAIRA Nº 2, 8º B IZQUIERDA 28018 MADRID",Madrid,Madrid,28018.0,24026712,https://www.rffm.es/fichaequipo/24026712,2026-08-02T16:28:11.376404+00:00
3220,C.D. OROQUIETA VILLAVERDE BUTARQUE,,/pnfg/pimg/Clubes/00100_0010847450_OV_Butarque.jpg,"C/ ESTEFANITA, 3 (POLIDEPORTIVO)",Madrid,Madrid,28021.0,3365888,https://www.rffm.es/fichaequipo/3365888,2026-08-02T16:28:12.676639+00:00
4947426,S.A.D. VILLAVERDE SAN ANDRES,https://sadvillaverdeboetticher.com,/pnfg/pimg/Clubes/00100_0011557501_ESCUDO_SAD_VILLAVERDE.jpeg,"PASEO DE TALLERES, 1",Madrid,Madrid,28021.0,21420508,https://www.rffm.es/fichaequipo/21420508,2026-08-02T16:28:13.866690+00:00
3347,A.D.C.R. LEMANS,,/pnfg/pimg/Clubes/00100_0011678830_WhatsApp_Image_2024_02_23_at_12.01.38_transformed__1_.jpeg,"AVDA. DEL MAR MEDITERRANEO, 12 BAJO",Leganés,Madrid,28913.0,21694338,https://www.rffm.es/fichaequipo/21694338,2026-08-02T16:28:15.159657+00:00
3275,C.D. SAN CRISTOBAL DE LOS ANGELES,,/pnfg/pimg/Clubes/00100_0000000580_3275-san%20cristobal.jpg,BECQUER Nº 7 3º D,Móstoles,Madrid,28932.0,344931,https://www.rffm.es/fichaequipo/344931,2026-08-02T16:28:16.362356+00:00
1111,C.D. FORTUNA,cdfortuna.es,/pnfg/pimg/Clubes/00100_0011704608_Escudo_nuevo_C.D._FORTUNA_1970.jpg,"C/ LISBOA, N.º 6 -LOCAL B - LEGANES CP. 28917 (Madrid)",Leganés,Madrid,28917.0,21421753,https://www.rffm.es/fichaequipo/21421753,2026-08-02T16:28:17.621707+00:00
2739570,CDE INTER PROMESAS,cdinterpromesas.es,/pnfg/pimg/Clubes/00100_0012187655_ESCUDO_modified.png,AVENIDA DE LOS ROSALES 16 p e 7c,Madrid,Madrid,28041.0,2733695,https://www.rffm.es/fichaequipo/2733695,2026-08-02T16:28:18.880771+00:00
4044,ATLETICO TRABENCO ZARZAQUEMADA,www.atleticotrabenco.es,/pnfg/pimg/Clubes/00100_0011037990_Escudo_nuevo_2_colores.jpg,madrid,Leganés,Madrid,28915.0,24025123,https://www.rffm.es/fichaequipo/24025123,2026-08-02T16:28:20.132635+00:00
1194,A.D. PIQUEÑAS,,/pnfg/pimg/Clubes/00100_0011741396_escudo_pique__as_con_coloresDEFINITIVO_2.jpg,TRAVESIA ALFREDO ALEIX Nº 3,0,Madrid,28044.0,680639,https://www.rffm.es/fichaequipo/680639,2026-08-02T16:28:21.367104+00:00
1675,A.D. ORCASITAS,www.adorcasitas.es,/pnfg/pimg/Clubes/00100_0011884056_Logotipo_Escudo_Futbol_A.D._Orcasitas.png,"CAMINO VIEJO DE VILLAVERDE, S/N. (CAMPO DE FÚTBOL)",Madrid,Madrid,28041.0,14529913,https://www.rffm.es/fichaequipo/14529913,2026-08-02T16:28:22.796027+00:00
8964445,C.D. NUEVO PUERTA BONITA DE CARABANCHEL,https://cdnuevopuertabonita.com/,/pnfg/pimg/Clubes/00100_0011940420_PRUEBAS_ESCUDO_PUERTA.jpg,VIA CARPETANA 57,Madrid,Madrid,28025.0,10656803,https://www.rffm.es/fichaequipo/10656803,2026-08-02T16:28:23.875515+00:00
4610,ASOCIACION CULTURAL Y DEPORTIVA FATIMA,www.acdfatima.com,/pnfg/pimg/Clubes/00100_0000055408_Escudos_Fatima.jpg,"Paseo de Yeserías 15, Portal A, 5-A",Madrid,Madrid,28005.0,334351,https://www.rffm.es/fichaequipo/334351,2026-08-02T16:28:25.118358+00:00
4002,C.D. ESC. FUT. VILLA DE MADRID,efvillademadrid.ffmadrid.org,/pnfg/pimg/Clubes/00100_0012196098_Captura_de_pantalla_2026_07_22_145618.png,,0,Otra,,2282,https://www.rffm.es/fichaequipo/2282,2026-08-02T16:28:26.415805+00:00
3583,ESC.MUN.FUT. PVO. ALUCHE,www.escuelafutbolaluche.es,/pnfg/pimg/Clubes/00100_0000047865_3583%20EMF%20ALUCHE.jpg,SAN MANUEL 1 1º2,Madrid,Madrid,28011.0,1642,https://www.rffm.es/fichaequipo/1642,2026-08-02T16:28:27.628720+00:00
4430,CDE KROMEX-FERILAN,https://www.kromexferilan.com/,/pnfg/pimg/Clubes/00100_0011853666_ESCUDO_KROMEX.jpg,"MAQUEDA, 89 8ºA",Madrid,Madrid,28024.0,15284054,https://www.rffm.es/fichaequipo/15284054,2026-08-02T16:28:28.952409+00:00
3203,C.D. LOS YEBENES-SAN BRUNO,https://losyebenessanbruno.com,/pnfg/pimg/Clubes/00100_0011184465_ESCUDO.jpeg,"C/Los Yébenes, 137",Madrid,Madrid,28047.0,300447,https://www.rffm.es/fichaequipo/300447,2026-08-02T16:28:30.149285+00:00
2045,C.F. AGUILAS DEL LUCERO,,/pnfg/pimg/Clubes/00100_0010913218_aguilas.png,calle cascajares 8 bajo izq,Madrid,Madrid,28047.0,21407803,https://www.rffm.es/fichaequipo/21407803,2026-08-02T16:28:31.579945+00:00
3694,CANTERA F.C.,canterafc.ffmadrid.org,/pnfg/pimg/Clubes/00100_0000055291_ESCUDO_BUENO.jpg,"Los Yebenes, 47",Madrid,Madrid,28047.0,300454,https://www.rffm.es/fichaequipo/300454,2026-08-02T16:28:32.639399+00:00
1318,C.D. JUVENTUD LOS CARMENES,,/pnfg/pimg/Clubes/00100_0012184557_IMG_20260505_172733.jpg,"ESCALONILLA, 127 5º B",Madrid,Madrid,28047.0,15704365,https://www.rffm.es/fichaequipo/15704365,2026-08-02T16:28:34.120622+00:00
3766,A.D. EL NORTE,adelnorte.com,/pnfg/pimg/Clubes/00100_0000097251_ESCUDO_NORTE-01_jpg.jpg,"CALLE BEGONIA 1, 28903 GETAFE",Getafe,Madrid,28903.0,1032102,https://www.rffm.es/fichaequipo/1032102,2026-08-02T16:28:35.173083+00:00
300030,RECREATIVO CULTURAL NUEVO BERCIAL,,/pnfg/pimg/Clubes/00100_0011955347_Dise__o_sin_t__tulo.png,"Avenida Parque Numero 9, planta 3, puerta A",Getafe,Madrid,28907.0,17128350,https://www.rffm.es/fichaequipo/17128350,2026-08-02T16:28:36.452764+00:00
4202,A.D. JUVENTUD CANARIO,www.juventudcanario.com,/pnfg/pimg/Clubes/00100_0010993066_2340escudog.png,C/ CANARIO10 LOCAL,Madrid,Madrid,28904.0,467048,https://www.rffm.es/fichaequipo/467048,2026-08-02T16:28:37.643044+00:00
3716,A.D.C. BRUNETE,www.adcbrunete.es,/pnfg/pimg/Clubes/00100_0011877017_ESCUDO_BRUNETEJPG1.jpg,"VILLAVICIOSA, 2 BAJO-LOCAL",Getafe,Madrid,28901.0,680664,https://www.rffm.es/fichaequipo/680664,2026-08-02T16:28:38.924593+00:00
3361011,ESCOLAPIOS DE GETAFE,,/pnfg/pimg/Clubes/00100_0012051976_escudo.jpg,CALLE SEPULVEDA 133 b,Madrid,Madrid,28901.0,14263958,https://www.rffm.es/fichaequipo/14263958,2026-08-02T16:28:40.167751+00:00
849642,ADESO LOS ANGELES,https://www.colegiolosangeles.net/,/pnfg/pimg/Clubes/00100_0000081163_JPG.jpg,"paseo de Tiselius, 5",Madrid,Madrid,28019.0,846803,https://www.rffm.es/fichaequipo/846803,2026-08-02T16:28:41.405633+00:00
8965543,C.D. GETAFE CITY,http://cdegetafecity.rffm.es,/pnfg/pimg/Clubes/00100_0010929447_RoundPhoto_Apr192018_203935.png,"CATALUÑA, 30 1º B",Getafe,Madrid,28903.0,17128312,https://www.rffm.es/fichaequipo/17128312,2026-08-02T16:28:42.694283+00:00
4615,S.A.D. A.V. CASERIO PERALES,avcaserioperales.org,/pnfg/pimg/Clubes/00100_0000035074_4615_Caserio_Perales.jpg,"C/ Villaconejos S/N , Getafe 28909 Madrid",Getafe,Madrid,28909.0,334605,https://www.rffm.es/fichaequipo/334605,2026-08-02T16:28:43.868562+00:00
4177,A.D.Y.C. PINTO,adycpinto.es,/pnfg/pimg/Clubes/00100_0011713367_ESCUDO_CLUB.jpg,C/ ASTURIAS S/N (PAB.MUNIC.SADRA AGUILAR) 2º PLANTA,Pinto,Madrid,28320.0,15291800,https://www.rffm.es/fichaequipo/15291800,2026-08-02T16:28:45.129694+00:00
12235144,U.D. SAN MARTIN DE LA VEGA,,/pnfg/pimg/Clubes/00100_0011558877_Escudo_UDSMV.jpg,calle hermanos alvarez quintero 14,San Martín De La Vega,Madrid,28330.0,17138352,https://www.rffm.es/fichaequipo/17138352,2026-08-02T16:28:46.868535+00:00
429151,C.D. MIRASUR,www.colegiomirasur.com,/pnfg/pimg/Clubes/00100_0011620200_MIRASUR_LOGO_POSITIVO_Mesa_de_trabajo_1.jpg,PABLO GARGALLO 1,Pinto,Madrid,28320.0,13550286,https://www.rffm.es/fichaequipo/13550286,2026-08-02T16:28:47.815225+00:00
4541,CDE F.S. JUVENTUD PARLA,,/pnfg/pimg/Clubes/00100_0011089298_LOGO_DEFINITIVO_2021.png,C/ María Cristina N° 14 4°A,Parla,Madrid,28982.0,467046,https://www.rffm.es/fichaequipo/467046,2026-08-02T16:28:48.959934+00:00
4247,UNION 2000,cdeunion2000@gmail.com,/pnfg/pimg/Clubes/00100_0000044359_ESCUDO%20UNION%202000.JPG,"ALFONSO XIII, 24 3º C",Parla,Madrid,28982.0,846874,https://www.rffm.es/fichaequipo/846874,2026-08-02T16:28:50.213080+00:00
17145112,CDE ELITE PARLA,eliteparla@hotmail.com,/pnfg/pimg/Clubes/00100_0011603869_IMG_4502.jpeg,PLANETA TIERRA 44 1ºD,Parla,Madrid,28983.0,24025094,https://www.rffm.es/fichaequipo/24025094,2026-08-02T16:28:51.379458+00:00
13553723,F.C. CHINCHON 21,chinchonfc@hotmail.com,/pnfg/pimg/Clubes/00100_0012141599_Escudo_Centrado_2.png,"SOCIEDAD DE COSECHEROS, 8",Chinchón,Madrid,28370.0,13553743,https://www.rffm.es/fichaequipo/13553743,2026-08-02T16:28:53.868242+00:00
3008154,C.D. ARANJUEZ BALOMPIE,,/pnfg/pimg/Clubes/00100_0011017925_IMG_20200707_203458.jpg,C/ Juan Bautista de Toledo nº 26 1º C,Aranjuez,Madrid,28300.0,3354768,https://www.rffm.es/fichaequipo/3354768,2026-08-02T16:28:55.127809+00:00
1798,CLUB VILLACONEJOS,cdvillaconejos.ffmadrid.org,/pnfg/pimg/Clubes/00100_0012140781_1_C.D._Villaconejos.png,"Concepción García Roble, 25",Villaconejos,Madrid,28360.0,3359911,https://www.rffm.es/fichaequipo/3359911,2026-08-02T16:28:56.421423+00:00
13564012,CDE ED SESEÑA,adsesenacf.es,/pnfg/pimg/Clubes/00100_0012175385_NuevoEscudoADSese__aCF_Color_SinFondo.png,"CL SOROLLA, 8 Portal 8 1ºD",Seseña,Toledo,45223.0,13564040,https://www.rffm.es/fichaequipo/13564040,2026-08-02T16:28:57.658284+00:00
3363856,CDE CIUDAD DE CUBAS DE LA SAGRA,,/pnfg/pimg/Clubes/00100_0012141607_escudo_1_600x597.png,CALLE NAVE 3,Cubas De La Sagra,Madrid,28978.0,17120427,https://www.rffm.es/fichaequipo/17120427,2026-08-02T16:28:58.911728+00:00
524995,ESC.MUN. TORREJON DE LA CALZADA,,/pnfg/pimg/Clubes/00100_0011219662_AYTO.jpg,PLAZA DE ESPAÑA Nº 3,Madrid,Madrid,28991.0,524616,https://www.rffm.es/fichaequipo/524616,2026-08-02T16:29:00.119557+00:00
10663621,S.A.D. IVERO,http://adivero.es,/pnfg/pimg/Clubes/00100_0011018863_Logo_JPG.jpg,Calle Luis Planelles nº 15,Valdemoro,Madrid,28341.0,10662759,https://www.rffm.es/fichaequipo/10662759,2026-08-02T16:29:01.462408+00:00
3523,E.M.F. MORALEJA DE ENMEDIO,www.emfmoralejadeenmedio.es,/pnfg/pimg/Clubes/00100_0010984565_00100_0010866626_00100_0000057273_Nuevo_Escudo_EMF_Bueno___copia.png,"AVD.FUENLABRADA, 34 NAVE 37",Moraleja De Enmedio,Madrid,28950.0,467073,https://www.rffm.es/fichaequipo/467073,2026-08-02T16:29:02.727214+00:00
4947862,A.D. CDB ESCUELA MUNICIPAL DE FUTBOL HUMANES,,/pnfg/pimg/Clubes/00100_0011857863_ESCUDO__EMF_HUMANES.jpg,cc/valdehondillo n3,Humanes De Madrid,Madrid,28970.0,4944597,https://www.rffm.es/fichaequipo/4944597,2026-08-02T16:29:05.169713+00:00
24117630,CDB LA DEHESA DE HUMANES,,/pnfg/pimg/Clubes/00100_0012193124_CLDH_Brand_Transparent_Escudo.png,"Avda. de los Deportes, 8, Colegio La Dehesa de Humanes",Humanes De Madrid,Madrid,28970.0,24141296,https://www.rffm.es/fichaequipo/24141296,2026-08-02T16:29:06.387024+00:00
1679,C.D. GRIÑON,cdgrinon.ffmadrid.org,/pnfg/pimg/Clubes/00100_0012175100_IMG_2934.jpg,"FUENTE SANTA, 1",Griñón,Madrid,28971.0,968,https://www.rffm.es/fichaequipo/968,2026-08-02T16:29:07.658699+00:00
17145030,CDE ARROW SPORTS,www.arrowsports.es,/pnfg/pimg/Clubes/00100_0011610894_ESCUDO_VECTOR_20230506_jpg.jpg,"Isaac Peral 14, Arroyomolinos",Arroyomolinos,Madrid,28939.0,17145042,https://www.rffm.es/fichaequipo/17145042,2026-08-02T16:29:08.880050+00:00
1085,C.D. EL ALAMO,www.cdelalamo.com,/pnfg/pimg/Clubes/00100_0010869726_CD_El_Alamo.jpg,CALLE RÍO TORMES S/N,Álamo (El),Madrid,28607.0,474,https://www.rffm.es/fichaequipo/474,2026-08-02T16:29:10.133197+00:00
680843,C.D. LIBERTAD ALCORCON,www.deportivolibertad.com,/pnfg/pimg/Clubes/00100_0000077839_escudo_150x150.jpg,"C/ TIMANFAYA, 51-4º B",Alcorcón,Madrid,28924.0,680637,https://www.rffm.es/fichaequipo/680637,2026-08-02T16:29:11.386393+00:00
12429758,C.D. DUX INTERNACIONAL DE MADRID FOOTBALL ACADEMY VILLAVICIOSA DE ODON,duxinternacional.academy,/pnfg/pimg/Clubes/00100_0011620384_Logo_escudo.jpeg,Alexander Graham Bell s/n,Villaviciosa De Odón,Madrid,28670.0,12533690,https://www.rffm.es/fichaequipo/12533690,2026-08-02T16:29:12.677112+00:00
3359568,C.D.E. AUPA,www.ef-mentemaboadilla.es,/pnfg/pimg/Clubes/00100_0012058883_WhatsApp_Image_2025_11_27_at_10.51.06.jpeg,Calle Impresores 20,Boadilla Del Monte,Madrid,28660.0,4949304,https://www.rffm.es/fichaequipo/4949304,2026-08-02T16:29:13.879201+00:00
2740689,C.D.E. MONTE TABOR,,/pnfg/pimg/Clubes/00100_0011060099_montetabor1.png,"Paseo Casa de Campo, 2",Pozuelo De Alarcón,Madrid,28223.0,2740686,https://www.rffm.es/fichaequipo/2740686,2026-08-02T16:29:15.214598+00:00
3554,C.D. SEVILLA LA NUEVA,cdsevillalanueva1984@gmail.com,/pnfg/pimg/Clubes/00100_0000000639_3554-sevilla%20la%20nueva.jpg,Calle Carril de Venus 18,Sevilla La Nueva,Madrid,28609.0,1031239,https://www.rffm.es/fichaequipo/1031239,2026-08-02T16:29:16.392618+00:00
4022,ESCUELA DE FUTBOL DE BRUNETE,http://fundacionjrdelamorena.es/escuela-de-futbol-de-brunete/,/pnfg/pimg/Clubes/00100_0012155974_ESCUDO_PNG.png,"Calle Molino, 8",Brunete,Madrid,28690.0,2300,https://www.rffm.es/fichaequipo/2300,2026-08-02T16:29:17.644326+00:00
13564164,CDE TECHNITEAM MOSTOLES,https://cdetechniteam.com/,/pnfg/pimg/Clubes/00100_0011104210_ESCUDO___CDE_Techniteam.jpg,Avenida de la onu,Móstoles,Madrid,28935.0,24026271,https://www.rffm.es/fichaequipo/24026271,2026-08-02T16:29:18.882400+00:00
3904,U.D. MOSTOLES BALOMPIE,mostolesbalompie.es,/pnfg/pimg/Clubes/00100_0011892765_escudo_UDMB.jfif,"CARLOS ARNICHES, 2 4º D, MOSTOLES",Móstoles,Madrid,28932.0,12232219,https://www.rffm.es/fichaequipo/12232219,2026-08-02T16:29:20.124206+00:00
4479,C.F. QUIJORNA,http://www.cfquijorna.com,/pnfg/pimg/Clubes/00100_0012014704_escudo.png,CALLE DEL PINAR S/N,Quijorna,Madrid,28693.0,20513151,https://www.rffm.es/fichaequipo/20513151,2026-08-02T16:29:21.364225+00:00
4562,A.D. CADALSO,www.Adcadalso.com,/pnfg/pimg/Clubes/00100_0000036426_4562_cadalso.jpg,"C/ SAN EDMUNDO, 7",Cadalso De Los Vidrios,Madrid,28640.0,770557,https://www.rffm.es/fichaequipo/770557,2026-08-02T16:29:22.613366+00:00
4364,C.D. NAVAS DEL REY,,/pnfg/pimg/Clubes/00100_0000000729_4364-navas%20del%20rey.jpg,"PLAZA DE ESPAÑA, 1. (AYUNTAMIENTO)",Navas Del Rey,Madrid,28695.0,15292533,https://www.rffm.es/fichaequipo/15292533,2026-08-02T16:29:25.169413+00:00
6825181,CDE E.F. HALCONES MADRID,,/pnfg/pimg/Clubes/00100_0010930006_Escaner_20170319_(3).jpg,"Tramontana, 30 2D",Pozuelo De Alarcón,Madrid,28223.0,6821021,https://www.rffm.es/fichaequipo/6821021,2026-08-02T16:29:26.376127+00:00
12273332,E.D. ROBLEDO DE CHAVELA,,/pnfg/pimg/Clubes/00100_0011247687_Solo_Escudo_Escuela_F_tbol._Blanco.jpg,"Camino de la ermita, 31",Robledo De Chavela,Madrid,28294.0,12273445,https://www.rffm.es/fichaequipo/12273445,2026-08-02T16:29:27.645147+00:00
1071,C.D. VILLA DEL PRADO,,/pnfg/pimg/Clubes/00100_0012155447_Captura_de_pantalla_2026_06_01_101534.png,INFO@CDVILLADELPRADO.COM,Villa Del Prado,Madrid,28630.0,770587,https://www.rffm.es/fichaequipo/770587,2026-08-02T16:29:28.914810+00:00
15759754,C.D.E. ESC. DEP. MPAL. PELAYOS DE LA PRESA,,/pnfg/pimg/Clubes/00100_0011553393_308417202_529682332490371_5417388624711245349_n.jpg,"AVDA. DOCTOR ARQUITECTO MARIANO GARCIA BENITO, 1",Pelayos De La Presa,Madrid,28696.0,15760227,https://www.rffm.es/fichaequipo/15760227,2026-08-02T16:29:30.133647+00:00
782508,ESCUELA MUNICIPAL DE FUTBOL CHAPINERIA,deportes@aytochapineria.org,/pnfg/pimg/Clubes/00100_0011097629_ESCUDO_E.M._F._CHAPINERIA.jpg,"PLZ. CONSTITUCION, 1",Chapinería,Madrid,28694.0,782519,https://www.rffm.es/fichaequipo/782519,2026-08-02T16:29:31.447028+00:00
16722981,CDE E.F.S. HUMANES (FS),No,/pnfg/pimg/Clubes/00100_0012156624_CDE_EFS_HUMANES_DEFINITIV.png,"C/ VALDEHONDILLO, 3",HUMANES DE MADRID,Madrid,28970.0,18378836,https://www.rffm.es/fichaequipo/18378836,2026-08-02T16:29:32.636780+00:00
16660892,C.D.E. EL VALLE (FS),www.clubdeportivoelvalle.es,/pnfg/pimg/Clubes/00100_0012156607_Club_Deportivo_El_Valle_2022_4x.png,"C/ CORDEL DE PAVONES, 2",Madrid,Madrid,28032.0,21432391,https://www.rffm.es/fichaequipo/21432391,2026-08-02T16:29:33.914344+00:00
16660423,C.D. FUTSI ATLETICO NAVALCARNERO (FS),,/pnfg/pimg/Clubes/00100_0012155555_Escudo_Futsi.png,"AVENIDA DE LA SEGUNDA REPÚBLICA, 9 H 2 B",Getafe,Madrid,28905.0,24686673,https://www.rffm.es/fichaequipo/24686673,2026-08-02T16:29:35.198394+00:00
20308227,CLUB LORETO MADRID (FS),,/pnfg/pimg/Clubes/00100_0012156549_Captura_de_pantalla_2026_06_02_101528.png,"CALLE PRINCIPE DE VERGARA, 42",Madrid,Madrid,28001.0,22100245,https://www.rffm.es/fichaequipo/22100245,2026-08-02T16:29:36.509015+00:00
17920548,CLUB DEPORTIVO ELEMENTAL MALVAR (FS),,/pnfg/pimg/Clubes/00100_0011905705_8813c64e_91da_476a_8390_ab858d6503d1.jpeg,"Calle comprensión, 16",Arganda Del Rey,Madrid,28500.0,18619473,https://www.rffm.es/fichaequipo/18619473,2026-08-02T16:29:37.667268+00:00
16661243,RIVAS ATLANTIS (FS),www.rivasatlantis.com,/pnfg/pimg/Clubes/00100_0000002594_ESCUDO_RIVAS_ATLANTIS_66_PIXELES.jpg,"PZA. VALLE DEL NALÓN, 5",Rivas-Vaciamadrid,Madrid,28523.0,25212803,https://www.rffm.es/fichaequipo/25212803,2026-08-02T16:29:38.908700+00:00
