venue_id,venue_name,address,locality,province,postal_code,latitude,longitude,google_maps_url,field_type_raw,surface_raw,source_url,scraped_at
1,DEHESA MORATALAZ (HA),AVDA. DOCTOR GARCIA TAPIA 117,Madrid,Madrid,28030,40.4112061,-3.6420617,"https://www.google.com/maps?q=40.4112061,-3.6420617",Fútbol 11,Hierba Artificial,https://www.rffm.es/campo/1,2026-08-02T16:17:09.314750+00:00
102,COLEGIO NTRA. SRA. DEL BUEN CONSEJO ,CALLE DE JUAN MONTALVO 30,Madrid,Madrid,28040,40.4469618,-3.713763,"https://www.google.com/maps?q=40.4469618,-3.713763",Fútbol 11,Hierba Artificial,https://www.rffm.es/campo/102,2026-08-02T16:17:10.454614+00:00
1021860,ALCORCON - VICENTE DEL BOSQUE (HA),CALLE POLVORANCA S/N,Alcorcón,Madrid,28923,40.3416727,-3.818636699999999,"https://www.google.com/maps?q=40.3416727,-3.818636699999999",Fútbol 11,Hierba Artificial,https://www.rffm.es/campo/1021860,2026-08-02T16:17:10.938196+00:00
10225607,SAN LORENZO DE EL ESCORIAL - PVO. EL ZABURDÓN (HA),CALLE LAS POZAS 183,San Lorenzo De El Escorial,Madrid,28200,40.602314,-4.1271494,"https://www.google.com/maps?q=40.602314,-4.1271494",Fútbol 7,Hierba Artificial,https://www.rffm.es/campo/10225607,2026-08-02T16:17:11.689600+00:00
10231856,S.S. REYES - TRINITY COLLEGE (HA),CALLE HOCES DEL DURATÓN 4,San Sebastián De Los Reyes,Madrid,28706,40.6019659,-3.5830093,"https://www.google.com/maps?q=40.6019659,-3.5830093",Fútbol 7,Hierba Artificial,https://www.rffm.es/campo/10231856,2026-08-02T16:17:12.587700+00:00
10288947,PALOMERAS BAJAS (HA),CALLE PUERTO DE BALBARÁN 18,Madrid,Madrid,28018,40.3765225,-3.657919,"https://www.google.com/maps?q=40.3765225,-3.657919",Fútbol 11,Hierba Artificial,https://www.rffm.es/campo/10288947,2026-08-02T16:17:13.194841+00:00
104,CIUDAD REAL MADRID 2 (HA),CAMINO DE SINTRA 4,Madrid,Madrid,28055,40.4726532,-3.611888500000001,"https://www.google.com/maps?q=40.4726532,-3.611888500000001",Fútbol 11,Hierba Artificial,https://www.rffm.es/campo/104,2026-08-02T16:17:13.979020+00:00
106,VALDEYEROS (HA),CALLE DE ROSALIA DE CASTRO 77,Madrid,Madrid,28035,40.4839109,-3.7302798,"https://www.google.com/maps?q=40.4839109,-3.7302798",Fútbol 11,Hierba Artificial,https://www.rffm.es/campo/106,2026-08-02T16:17:14.695275+00:00
10654208,VILLANUEVA DEL PARDILLO - COLEGIO VALLMONT (HA),CALLE MALLORCA 2,Villanueva del Pardillo,Madrid,28229,40.4865429,-3.967198,"https://www.google.com/maps?q=40.4865429,-3.967198",Fútbol 7,Hierba Artificial,https://www.rffm.es/campo/10654208,2026-08-02T16:17:15.430391+00:00
108,PVO. RODRIGUEZ SAHAGÚN (HA),CALLE MIRAMELINDOS 5,Madrid,Madrid,28029,40.4691343,-3.709419199999999,"https://www.google.com/maps?q=40.4691343,-3.709419199999999",Fútbol 11,Hierba Artificial,https://www.rffm.es/campo/108,2026-08-02T16:17:16.202438+00:00
1101,ALCOBENDAS - PVO. JOSÉ CABALLERO (HA),"AVDA. TRANSICIÓN ESPAÑOLA, S/N",Alcobendas,Madrid,28108,40.5371903,-3.6237015,"https://www.google.com/maps?q=40.5371903,-3.6237015",Fútbol 11,Hierba Artificial,https://www.rffm.es/campo/1101,2026-08-02T16:17:16.952187+00:00
1102,ALCOBENDAS - PARQUE DE NAVARRA (HA),AVDA. DE ESPAÑA S/N,Alcobendas,Madrid,28100,40.5459379,-3.6341966,"https://www.google.com/maps?q=40.5459379,-3.6341966",Fútbol 11,Hierba Artificial,https://www.rffm.es/campo/1102,2026-08-02T16:17:17.686879+00:00
11043104,ALCALA - ATLETICO DE MADRID C.D. (HA),AVDA. GUSTAVO ADOLFO BECQUER 64,Alcalá De Henares,Madrid,28806,40.5082938,-3.3608554,"https://www.google.com/maps?q=40.5082938,-3.3608554",Fútbol 11,Hierba Artificial,https://www.rffm.es/campo/11043104,2026-08-02T16:17:18.462504+00:00
1105,ALGETE - PVO. DUQUE DE ALGETE (HA),CAMINO VEREDA DE LA LOBERA S/N,Algete,Madrid,28110,40.59816379999999,-3.5103412,"https://www.google.com/maps?q=40.59816379999999,-3.5103412",Fútbol 11,Hierba Artificial,https://www.rffm.es/campo/1105,2026-08-02T16:17:19.147745+00:00
1106,FUENTE EL SAZ - PVO. MUNICIPAL ALICIA GOMEZ PRADA ,AVDA. JULIAN SANCHEZ 21,Fuente El Saz De Jarama,Madrid,28140,40.6282603,-3.5170291,"https://www.google.com/maps?q=40.6282603,-3.5170291",Fútbol 11,Hierba Artificial,https://www.rffm.es/campo/1106,2026-08-02T16:17:20.281759+00:00
1107,MANZANARES EL REAL (HA),CALLE CAÑADA 66,Manzanares El Real,Madrid,28410,40.7287184,-3.8597046,"https://www.google.com/maps?q=40.7287184,-3.8597046",Fútbol 11,Hierba Artificial,https://www.rffm.es/campo/1107,2026-08-02T16:17:20.915026+00:00
1108,EL MOLAR - CENT. DEP. FUENTE DEL TORO (HA),AVDA. DE LA CONSTITUCIÓN S/N,Molar (El),Madrid,28710,40.7439583,-3.5770499,"https://www.google.com/maps?q=40.7439583,-3.5770499",Fútbol 11,Hierba Artificial,https://www.rffm.es/campo/1108,2026-08-02T16:17:21.505695+00:00
1109,S.S. REYES - MATAPIÑONERA (HB),AVDA. MATAPIÑONERA S/N,San Sebastián De Los Reyes,Madrid,28700,40.5448464,-3.6171875,"https://www.google.com/maps?q=40.5448464,-3.6171875",Fútbol 11,Hierba Natural,https://www.rffm.es/campo/1109,2026-08-02T16:17:22.210883+00:00
1110,S.S. REYES - RAFAEL DELGADO ROSA - DEHESA BOYAL 1 (HA),AVDA. NAVARRONDÁN S/N,San Sebastián De Los Reyes,Madrid,28700,40.5570045,-3.6274634,"https://www.google.com/maps?q=40.5570045,-3.6274634",Fútbol 11,Hierba Artificial,https://www.rffm.es/campo/1110,2026-08-02T16:17:23.006346+00:00
11110216,VALDEMORO (ANEXO ESTADIO - BOLITAS-1 H.A.),"PASEO DEL PRADO, 50",Valdemoro,Madrid,28343,40.1933812,-3.6567675,"https://www.google.com/maps?q=40.1933812,-3.6567675",Fútbol 11,Hierba Artificial,https://www.rffm.es/campo/11110216,2026-08-02T16:17:23.749120+00:00
1113,SAN AGUSTIN DE GUADALIX - PVO. MUNICIPAL (HA),CALLE FÉLIX CIMAS PRADOS 1,San Agustín Del Guadalix,Madrid,28750,40.6807493,-3.6193607,"https://www.google.com/maps?q=40.6807493,-3.6193607",Fútbol 11,Hierba Artificial,https://www.rffm.es/campo/1113,2026-08-02T16:17:24.735799+00:00
1114,TRES CANTOS - JAIME MATA - FORESTA 1 (HA),"AVDA DE LA VEGA,S/N",Tres Cantos,Madrid,28760,40.6078657,-3.7095592,"https://www.google.com/maps?q=40.6078657,-3.7095592",Fútbol 11,Hierba Artificial,https://www.rffm.es/campo/1114,2026-08-02T16:17:25.242399+00:00
1116,SOTO DEL REAL - MPAL. AMANCIO AMARO (HA),CALLE EGIDILLO 37,Soto Del Real,Madrid,28791,40.7475691,-3.7851429,"https://www.google.com/maps?q=40.7475691,-3.7851429",Fútbol 11,Hierba Artificial,https://www.rffm.es/campo/1116,2026-08-02T16:17:26.048669+00:00
1117,PEDREZUELA - PVO. MUNICIPAL (HA),CALLE DEL POLIDEPORTIVO S/N,Pedrezuela,Madrid,28723,40.7478257,-3.5998417,"https://www.google.com/maps?q=40.7478257,-3.5998417",Fútbol 11,Hierba Artificial,https://www.rffm.es/campo/1117,2026-08-02T16:17:26.795171+00:00
1118,TRES CANTOS - KEKA VEGA - FORESTA 2 (HA),"AVDA DE LA VEGA,S/N",Tres Cantos,Madrid,28760,40.6078657,-3.7095592,"https://www.google.com/maps?q=40.6078657,-3.7095592",Fútbol 11,Hierba Artificial,https://www.rffm.es/campo/1118,2026-08-02T16:17:27.887737+00:00
1121,VALDETORRES DEL JARAMA - PVO. MUNICIPAL (HA),CAMINO DE LA VEGA 1,Valdetorres De Jarama,Madrid,28150,40.6957472,-3.5175403,"https://www.google.com/maps?q=40.6957472,-3.5175403",Fútbol 11,Hierba Artificial,https://www.rffm.es/campo/1121,2026-08-02T16:17:28.358783+00:00
1122,ALCOBENDAS - OSCAR MOLINA (HA),CALLE DE MANUEL DE FALLA 54,Alcobendas,Madrid,28100,40.5528691,-3.6410655,"https://www.google.com/maps?q=40.5528691,-3.6410655",Fútbol 11,Hierba Artificial,https://www.rffm.es/campo/1122,2026-08-02T16:17:29.442292+00:00
1123,PARACUELLOS - PVO. MUNICIPAL (HA),AVENIDA DE LOS DEPORTES S/N,Paracuellos De Jarama,Madrid,28860,40.5016136,-3.5221014,"https://www.google.com/maps?q=40.5016136,-3.5221014",Fútbol 11,Hierba Artificial,https://www.rffm.es/campo/1123,2026-08-02T16:17:29.963573+00:00
1126,EL VELLON - MUNICIPAL LA NAVA (HA),TRAVESÍA DEHESA S/N,Vellón (El),Madrid,28722,40.7694419,-3.585982499999999,"https://www.google.com/maps?q=40.7694419,-3.585982499999999",Fútbol 11,Hierba Artificial,https://www.rffm.es/campo/1126,2026-08-02T16:17:31.229208+00:00
1128,TRES CANTOS - LA LUZ (HA),AVDA. DE LA LUZ S/N,Tres Cantos,Madrid,28760,40.603126,-3.7079005,"https://www.google.com/maps?q=40.603126,-3.7079005",Fútbol 11,Hierba Artificial,https://www.rffm.es/campo/1128,2026-08-02T16:17:32.167728+00:00
1129,COLMENAR VIEJO - PVO. MPAL. LORENZO RICO (HA),CALLE DE LAS HUERTAS 55,Colmenar Viejo,Madrid,28770,40.65394879999999,-3.7650163,"https://www.google.com/maps?q=40.65394879999999,-3.7650163",Fútbol 11,Hierba Artificial,https://www.rffm.es/campo/1129,2026-08-02T16:17:32.893718+00:00
1131,TRES CANTOS - FORESTA 3 (HA),AVDA. LA VEGA S/N,Tres Cantos,Madrid,28760,40.6078657,-3.7095592,"https://www.google.com/maps?q=40.6078657,-3.7095592",Fútbol 11,Hierba Artificial,https://www.rffm.es/campo/1131,2026-08-02T16:17:33.895954+00:00
1136,ALCOBENDAS - CIUDAD DPTVA. VALDELASFUENTES (HA),CALLE DE MIGUEL DE CERVANTES S/N,Alcobendas,Madrid,28100,40.5514695,-3.6501542,"https://www.google.com/maps?q=40.5514695,-3.6501542",Fútbol 11,Hierba Artificial,https://www.rffm.es/campo/1136,2026-08-02T16:17:34.586398+00:00
1138,ALCOBENDAS - MARIO SUÁREZ 1 (HA),CALLE DE FCO. LARGO CABALLERO 2,Alcobendas,Madrid,28100,40.5528947,-3.6477834,"https://www.google.com/maps?q=40.5528947,-3.6477834",Fútbol 11,Hierba Artificial,https://www.rffm.es/campo/1138,2026-08-02T16:17:35.260062+00:00
1139,COLMENAR VIEJO - ALBERTO RUIZ (HA),CALLE TOMILLO S/N,Colmenar Viejo,Madrid,28770,40.6577674,-3.7599447,"https://www.google.com/maps?q=40.6577674,-3.7599447",Fútbol 11,Hierba Artificial,https://www.rffm.es/campo/1139,2026-08-02T16:17:35.933147+00:00
11406548,ALCOBENDAS - COLEGIO BASE (HA),CALLE DEL CAMINO ANCHO 10,Alcobendas,Madrid,28109,40.509816,-3.611237,"https://www.google.com/maps?q=40.509816,-3.611237",Fútbol 7,Hierba Artificial,https://www.rffm.es/campo/11406548,2026-08-02T16:17:36.627095+00:00
1141,S.S. REYES - MATAPIÑONERA (HA),AVDA. MATAPIÑONERA S/N,San Sebastián De Los Reyes,Madrid,28700,40.5448464,-3.6171875,"https://www.google.com/maps?q=40.5448464,-3.6171875",Fútbol 11,Hierba Artificial,https://www.rffm.es/campo/1141,2026-08-02T16:17:37.471122+00:00
1145002,COLEGIO SEK EL CASTILLO (HA),CALLE CASTILLO DE ALARCÓN 49 - URB. VILLAFRANCA DEL CASTILLO,Villanueva De La Cañada,Madrid,28691,40.4728207,-3.941198,"https://www.google.com/maps?q=40.4728207,-3.941198",Fútbol 7,Hierba Artificial,https://www.rffm.es/campo/1145002,2026-08-02T16:17:38.365393+00:00
116,C.D.M. VICENTE DEL BOSQUE (HA),AVDA. MONFORTE DE LEMOS 13,Madrid,Madrid,28029,40.4787123,-3.693340099999999,"https://www.google.com/maps?q=40.4787123,-3.693340099999999",Fútbol 11,Hierba Artificial,https://www.rffm.es/campo/116,2026-08-02T16:17:39.097138+00:00
117,COLEGIO NTRA. SRA. DEL RECUERDO (HA),PLAZA DUQUE DE PASTRANA 5,Madrid,Madrid,28036,40.4690847,-3.6779234,"https://www.google.com/maps?q=40.4690847,-3.6779234",Fútbol 11,Hierba Artificial,https://www.rffm.es/campo/117,2026-08-02T16:17:39.729263+00:00
11789343,GETAFE - PVO. CERRO BUENAVISTA (HA),AVDA. DE LAS ARCAS DEL AGUA S/N,Getafe,Madrid,28905,40.2952448,-3.7443479,"https://www.google.com/maps?q=40.2952448,-3.7443479",Fútbol 7,Hierba Artificial,https://www.rffm.es/campo/11789343,2026-08-02T16:17:40.367514+00:00
119,CIUDAD REAL MADRID 1 (HB),CAMINO DE SINTRA 4,Madrid,Madrid,28055,40.4726532,-3.611888500000001,"https://www.google.com/maps?q=40.4726532,-3.611888500000001",Fútbol 11,Hierba Natural,https://www.rffm.es/campo/119,2026-08-02T16:17:41.519436+00:00
11932690,GALAPAGAR - EL CHOPO 2A (HA),CALLE GUADARRAMA 129,Galapagar,Madrid,28260,40.5827992,-4.0105757,"https://www.google.com/maps?q=40.5827992,-4.0105757",Fútbol 7,Hierba Artificial,https://www.rffm.es/campo/11932690,2026-08-02T16:17:42.092446+00:00
11932696,GALAPAGAR - EL CHOPO 2B (HA),CALLE GUADARRAMA 129,Galapagar,Madrid,28260,40.5827992,-4.0105757,"https://www.google.com/maps?q=40.5827992,-4.0105757",Fútbol 7,Hierba Artificial,https://www.rffm.es/campo/11932696,2026-08-02T16:17:42.849571+00:00
11932702,GALAPAGAR - EL CHOPO F7 (HA),CALLE GUADARRAMA 129,Galapagar,Madrid,28260,40.5827992,-4.0105757,"https://www.google.com/maps?q=40.5827992,-4.0105757",Fútbol 7,Hierba Artificial,https://www.rffm.es/campo/11932702,2026-08-02T16:17:43.565247+00:00
120,COLEGIO VALDELUZ (HA),CALLE DE FERMIN CABALLERO 53,Madrid,Madrid,28034,40.48303,-3.7076177,"https://www.google.com/maps?q=40.48303,-3.7076177",Fútbol 11,Hierba Artificial,https://www.rffm.es/campo/120,2026-08-02T16:17:44.253629+00:00
1201,ALPEDRETE - PVO. MUNICIPAL (HA),CALLE DEL CAMPO DE FÚTBOL S/N,Alpedrete,Madrid,28430,40.6544448,-4.0191608,"https://www.google.com/maps?q=40.6544448,-4.0191608",Fútbol 11,Hierba Artificial,https://www.rffm.es/campo/1201,2026-08-02T16:17:45.023231+00:00
1202,COLMENAREJO - PVO. MUNICIPAL (HA),CTRA. DE VILLANUEVA DEL PARDILLO S/N,Colmenarejo,Madrid,28270,40.55262949999999,-4.0120984,"https://www.google.com/maps?q=40.55262949999999,-4.0120984",Fútbol 11,Hierba Artificial,https://www.rffm.es/campo/1202,2026-08-02T16:17:45.747983+00:00
1204,MORALZARZAL - PVO. MUNICIPAL (HA),CALLE CAÑADA 50,Moralzarzal,Madrid,28411,40.6797866,-3.957303899999999,"https://www.google.com/maps?q=40.6797866,-3.957303899999999",Fútbol 11,Hierba Artificial,https://www.rffm.es/campo/1204,2026-08-02T16:17:46.555383+00:00
1206,POZUELO - COLEGIO ESCOLAPIOS (HA),AVDA. DE BULARAS S/N,Pozuelo De Alarcón,Madrid,28224,40.4456723,-3.8163286,"https://www.google.com/maps?q=40.4456723,-3.8163286",Fútbol 11,Hierba Artificial,https://www.rffm.es/campo/1206,2026-08-02T16:17:47.252106+00:00
1208,TORRELODONES - JULIÁN ARIZA (HA),PASEO JOAQUÍN RUÍZ GIMÉNEZ 24,Torrelodones,Madrid,28250,40.57257,-3.92347,"https://www.google.com/maps?q=40.57257,-3.92347",Fútbol 11,Hierba Artificial,https://www.rffm.es/campo/1208,2026-08-02T16:17:48.046358+00:00
1209,VALDEMORILLO - PVO. MPAL. DEHESA ALGODONALES (HA),AVENIDA DE SEGOVIA S/N,Valdemorillo,Madrid,28210,40.502177,-4.0637773,"https://www.google.com/maps?q=40.502177,-4.0637773",Fútbol 11,Hierba Artificial,https://www.rffm.es/campo/1209,2026-08-02T16:17:48.838240+00:00
121,COLEGIO EL PRADO (HA),CALLE DE LA COSTA BRAVA 4,Madrid,Madrid,28034,40.496165,-3.7021785,"https://www.google.com/maps?q=40.496165,-3.7021785",Fútbol 11,Hierba Artificial,https://www.rffm.es/campo/121,2026-08-02T16:17:50.063968+00:00
1210,COLLADO VILLALBA (HA),CALLE DE LA GRANJA 18,Collado Villalba,Madrid,28400,40.6397863,-4.003570799999999,"https://www.google.com/maps?q=40.6397863,-4.003570799999999",Fútbol 11,Hierba Artificial,https://www.rffm.es/campo/1210,2026-08-02T16:17:51.410202+00:00
1211,VILLANUEVA DE LA CAÑADA (HA),AVENIDA DE MIRASIERRA 4,Villanueva De La Cañada,Madrid,28691,40.4540985,-3.996055,"https://www.google.com/maps?q=40.4540985,-3.996055",Fútbol 11,Hierba Artificial,https://www.rffm.es/campo/1211,2026-08-02T16:17:52.433804+00:00
1212,GALAPAGAR - EL CHOPO (HA),CALLE GUADARRAMA 129,Galapagar,Madrid,28260,40.5827992,-4.0105757,"https://www.google.com/maps?q=40.5827992,-4.0105757",Fútbol 11,Hierba Artificial,https://www.rffm.es/campo/1212,2026-08-02T16:17:52.925933+00:00
1213,LAS MATAS - PVO. MUNICIPAL SAN JOSE (HA),CAMINO GARZO 79,LAS MATAS,Madrid,28290,40.5545313,-3.8859751,"https://www.google.com/maps?q=40.5545313,-3.8859751",Fútbol 11,Hierba Artificial,https://www.rffm.es/campo/1213,2026-08-02T16:17:53.985398+00:00
1214,VILLANUEVA DEL PARDILLO 1 (MUNICIPAL JUAN MANUEL ANGELINA)(HA),"AVDA. DE LOS ESTUDIANTES, 3",Villanueva del Pardillo,Madrid,28229,40.482844,-3.9720197,"https://www.google.com/maps?q=40.482844,-3.9720197",Fútbol 11,Hierba Artificial,https://www.rffm.es/campo/1214,2026-08-02T16:17:54.556632+00:00
12146865,S.S. REYES - COLEGIO SEK (HA),PASEO DE LAS PERDICES 2,San Sebastián De Los Reyes,Madrid,28707,40.6221311,-3.5877123,"https://www.google.com/maps?q=40.6221311,-3.5877123",Fútbol 7,Hierba Artificial,https://www.rffm.es/campo/12146865,2026-08-02T16:17:55.193385+00:00
1216,MAJADAHONDA - INST. DEP. LA OLIVA - CTRO. OESTE (HA),CALLE SOROLLA 1,Majadahonda,Madrid,28220,40.456415,-3.8648036,"https://www.google.com/maps?q=40.456415,-3.8648036",Fútbol 11,Hierba Artificial,https://www.rffm.es/campo/1216,2026-08-02T16:17:56.252824+00:00
12174145,FUENLABRADA - IRENE FERRERAS (HA),AVDA. DE NUEVO VERSALLES 1,Fuenlabrada,Madrid,28942,40.299057,-3.830172,"https://www.google.com/maps?q=40.299057,-3.830172",Fútbol 11,Hierba Artificial,https://www.rffm.es/campo/12174145,2026-08-02T16:17:56.790118+00:00
1219,BUITRAGO (HA),CALLE PEÑALTA 1,Buitrago Del Lozoya,Madrid,28730,40.9916421,-3.6409956,"https://www.google.com/maps?q=40.9916421,-3.6409956",Fútbol 11,Hierba Artificial,https://www.rffm.es/campo/1219,2026-08-02T16:17:57.895830+00:00
122,RAMON GOMEZ SERNA (HA),CALLE RAMÓN GOMEZ DE LA SERNA S/N,Madrid,Madrid,28035,40.4818238,-3.7265092,"https://www.google.com/maps?q=40.4818238,-3.7265092",Fútbol 11,Hierba Artificial,https://www.rffm.es/campo/122,2026-08-02T16:17:58.471474+00:00
1220,LAS ROZAS - RECINTO FERIAL (HA),CALLE CASTILLO DE SIMANCAS 2,Las Rozas de Madrid,Madrid,28232,40.5100332,-3.8955439,"https://www.google.com/maps?q=40.5100332,-3.8955439",Fútbol 11,Hierba Artificial,https://www.rffm.es/campo/1220,2026-08-02T16:17:59.235497+00:00
1221,POZUELO - COLEGIO RETAMAR (HA),CALLE PAJARES 22 - ENTRADA POR VIA DE SERVICIO DE M-502,Pozuelo De Alarcón,Madrid,28223,40.4261105,-3.8060975,"https://www.google.com/maps?q=40.4261105,-3.8060975",Fútbol 11,Hierba Artificial,https://www.rffm.es/campo/1221,2026-08-02T16:18:00.269097+00:00
12278192,ALCALA - CIUDAD DPTVA. EL VAL 2 (HA),AVDA. VIRGEN DEL VAL S/N,Alcalá De Henares,Madrid,28804,40.4835144,-3.3466721,"https://www.google.com/maps?q=40.4835144,-3.3466721",Fútbol 11,Hierba Artificial,https://www.rffm.es/campo/12278192,2026-08-02T16:18:01.142131+00:00
12278209,ARGANDA - CIUDAD DEL FUTBOL 2 (HA),CALLE MAR CANTÁBRICO 21 B,Arganda Del Rey,Madrid,28500,40.2924784,-3.4290005,"https://www.google.com/maps?q=40.2924784,-3.4290005",Fútbol 11,Hierba Artificial,https://www.rffm.es/campo/12278209,2026-08-02T16:18:02.152672+00:00
12286982,GETAFE - JUAN DE LA CIERVA 1 (HA),AVDA. JUAN DE BORBON S/N,Getafe,Madrid,28903,40.3178339,-3.7152306,"https://www.google.com/maps?q=40.3178339,-3.7152306",Fútbol 11,Hierba Artificial,https://www.rffm.es/campo/12286982,2026-08-02T16:18:02.895444+00:00
12287263,MUNICIPAL SAN BLAS 2 (HA),AVDA. DE GUADALAJARA 16,Madrid,Madrid,28022,40.4197334,-3.6192439,"https://www.google.com/maps?q=40.4197334,-3.6192439",Fútbol 11,Hierba Artificial,https://www.rffm.es/campo/12287263,2026-08-02T16:18:03.413132+00:00
12292313,CIUDAD DPTVA. FUND. RAYO VALLECANO 5 (HB),CALLE DEL RAYO VALLECANO DE MADRID 2,Madrid,Madrid,28051,40.3769632,-3.6124013,"https://www.google.com/maps?q=40.3769632,-3.6124013",Fútbol 11,Hierba Natural,https://www.rffm.es/campo/12292313,2026-08-02T16:18:04.097737+00:00
12292321,CIUDAD DPTVA. FUND. RAYO VALLECANO 3 (HA),CALLE DEL RAYO VALLECANO DE MADRID 2,Madrid,Madrid,28051,40.3769632,-3.6124013,"https://www.google.com/maps?q=40.3769632,-3.6124013",Fútbol 11,Hierba Artificial,https://www.rffm.es/campo/12292321,2026-08-02T16:18:04.845914+00:00
12297817,LOS CARMENES 2 (HA),CALLE ALHAMBRA 37,Madrid,Madrid,28047,40.396904,-3.7436902,"https://www.google.com/maps?q=40.396904,-3.7436902",Fútbol 11,Hierba Artificial,https://www.rffm.es/campo/12297817,2026-08-02T16:18:05.779250+00:00
123,PVO. LA MASÓ (HA),CALLE DE LA MASÓ 80,Madrid,Madrid,28034,40.4841081,-3.7148732,"https://www.google.com/maps?q=40.4841081,-3.7148732",Fútbol 11,Hierba Artificial,https://www.rffm.es/campo/123,2026-08-02T16:18:06.384346+00:00
1234,POZUELO - VALLE DE LAS CAÑAS 2 (HA),AVDA. JUAN ANTONIO SAMARANCH TORELLÓ 8,Pozuelo De Alarcón,Madrid,28223,40.4206223,-3.8198176,"https://www.google.com/maps?q=40.4206223,-3.8198176",Fútbol 11,Hierba Artificial,https://www.rffm.es/campo/1234,2026-08-02T16:18:07.233347+00:00
128,ANDRES NAVARRETE (HA),CALLE HOSPITALET DE LLOBREGAT 11,Madrid,Madrid,28034,40.49472919999999,-3.695032,"https://www.google.com/maps?q=40.49472919999999,-3.695032",Fútbol 11,Hierba Artificial,https://www.rffm.es/campo/128,2026-08-02T16:18:07.935504+00:00
129,ISLA TABARCA (HA),CALLE DE LA ISLA DE TABARCA 2,Madrid,Madrid,28035,40.47676209999999,-3.7216068,"https://www.google.com/maps?q=40.47676209999999,-3.7216068",Fútbol 11,Hierba Artificial,https://www.rffm.es/campo/129,2026-08-02T16:18:08.652281+00:00
1301,ALCORCON - LA CANALEJA (HA),CALLE DE LA CANALEJA S/N,Alcorcón,Madrid,28921,40.3504691,-3.8256649,"https://www.google.com/maps?q=40.3504691,-3.8256649",Fútbol 11,Hierba Artificial,https://www.rffm.es/campo/1301,2026-08-02T16:18:09.435677+00:00
1302,ALCORCON - ALFREDO CENARRIAGA 1 (HA),AVDA. POLVORANCA 60,Alcorcón,Madrid,28923,40.3422299,-3.8201647,"https://www.google.com/maps?q=40.3422299,-3.8201647",Fútbol 11,Hierba Artificial,https://www.rffm.es/campo/1302,2026-08-02T16:18:10.117361+00:00
1307,VILLANUEVA DE PERALES (HA),PASEO DE CASTILLA 1,Villanueva De Perales,Madrid,28609,40.347983,-4.097392399999999,"https://www.google.com/maps?q=40.347983,-4.097392399999999",Fútbol 11,Hierba Artificial,https://www.rffm.es/campo/1307,2026-08-02T16:18:10.906773+00:00
1308,BRUNETE - LOS ARCOS (HA),CALLE DE LOS ARCOS 1,Brunete,Madrid,28690,40.4065083,-3.9991802,"https://www.google.com/maps?q=40.4065083,-3.9991802",Fútbol 11,Hierba Artificial,https://www.rffm.es/campo/1308,2026-08-02T16:18:11.811441+00:00
1309,MOSTOLES - LA PEÑA (HB),CAMINO DE LEÑEROS S/N,Móstoles,Madrid,28935,40.2948623,-3.8707624,"https://www.google.com/maps?q=40.2948623,-3.8707624",Fútbol 11,Hierba Artificial,https://www.rffm.es/campo/1309,2026-08-02T16:18:12.466555+00:00
1310,ALCORCON - ALFREDO CENARRIAGA 2 (HA),AVDA. POLVORANCA 60,Alcorcón,Madrid,28923,40.3422299,-3.8201647,"https://www.google.com/maps?q=40.3422299,-3.8201647",Fútbol 11,Hierba Artificial,https://www.rffm.es/campo/1310,2026-08-02T16:18:13.280967+00:00
1314,EL ALAMO - ESTADIO FACUNDO RIVAS (HA),CALLE DEL RIO TORMES S/N,Álamo (El),Madrid,28607,40.2295541,-3.9872932,"https://www.google.com/maps?q=40.2295541,-3.9872932",Fútbol 11,Hierba Artificial,https://www.rffm.es/campo/1314,2026-08-02T16:18:13.981995+00:00
1318,BOADILLA - CLUB LAS ENCINAS (HA),"CTRA. DE POZUELO A BOADILLA Km 4,600",Boadilla Del Monte,Madrid,28660,40.417318,-3.869877,"https://www.google.com/maps?q=40.417318,-3.869877",Fútbol 11,Hierba Artificial,https://www.rffm.es/campo/1318,2026-08-02T16:18:14.645145+00:00
13195552,BOADILLA - PVO. MUNICIPAL ANGEL NIETO 4 - F/7 ,"CTRA. DE BOADILLA A POZUELO KM. 1,400",Boadilla Del Monte,Madrid,28660,40.412434,-3.897136,"https://www.google.com/maps?q=40.412434,-3.897136",Fútbol 7,Hierba Artificial,https://www.rffm.es/campo/13195552,2026-08-02T16:18:15.377006+00:00
1320,VILLAVICIOSA DE ODÓN 1 (HA),CALLE ALEXANDER GRAHAM BELL 2,Villaviciosa De Odón,Madrid,28670,40.3625191,-3.9173118,"https://www.google.com/maps?q=40.3625191,-3.9173118",Fútbol 11,Hierba Artificial,https://www.rffm.es/campo/1320,2026-08-02T16:18:16.177603+00:00
1321,BOADILLA - PVO. MUNICIPAL ANGEL NIETO 2 (HA) ,"CTRA. DE BOADILLA A POZUELO KM. 1,400",Boadilla Del Monte,Madrid,28660,40.416771,-3.858569,"https://www.google.com/maps?q=40.416771,-3.858569",Fútbol 11,Hierba Artificial,https://www.rffm.es/campo/1321,2026-08-02T16:18:17.039341+00:00
13212589,VILLAVICIOSA DE ODÓN F7 C-3 (HA),"ALEXANDER GRAHAM BELL, 2",Villaviciosa De Odón,Madrid,28670,40.3625191,-3.9173118,"https://www.google.com/maps?q=40.3625191,-3.9173118",Fútbol 7,Hierba Artificial,https://www.rffm.es/campo/13212589,2026-08-02T16:18:17.717833+00:00
1326,NAVALCARNERO - LOS MANZANOS (HA),CALLE CAMILO JOSÉ CELA S/N,Navalcarnero,Madrid,28600,40.2854775,-4.0224819,"https://www.google.com/maps?q=40.2854775,-4.0224819",Fútbol 11,Hierba Artificial,https://www.rffm.es/campo/1326,2026-08-02T16:18:18.557818+00:00
1332,ALCORCON - PVO. MPAL. SANTO DOMINGO (HA),AVDA. DE ESTEBAN MARQUEZ S/N,Alcorcón,Madrid,28922,40.337357,-3.8440035,"https://www.google.com/maps?q=40.337357,-3.8440035",Fútbol 11,Hierba Artificial,https://www.rffm.es/campo/1332,2026-08-02T16:18:19.225754+00:00
13369406,ALCALA - POLIDEPORTIVO ENSANCHE,C/ GABRIELA MISTRAL S/N,Alcalá De Henares,Madrid,28806,40.5000664,-3.3681324,"https://www.google.com/maps?q=40.5000664,-3.3681324",Fútbol 7,Hierba Artificial,https://www.rffm.es/campo/13369406,2026-08-02T16:18:20.092568+00:00
13397939,FUENLABRADA-LA ALDEHUELA 3( HA),CALLE DE LA FUENTE S/N,Fuenlabrada,Madrid,28942,40.3053436,-3.8397841,"https://www.google.com/maps?q=40.3053436,-3.8397841",Fútbol 11,Hierba Artificial,https://www.rffm.es/campo/13397939,2026-08-02T16:18:20.714297+00:00
13564016,COLEGIO ANDEL,"Fuente Cisneros, 39",Alcorcón,Madrid,28922,40.3382058,-3.8569013,"https://www.google.com/maps?q=40.3382058,-3.8569013",Fútbol 7,Hierba Artificial,https://www.rffm.es/campo/13564016,2026-08-02T16:18:21.871943+00:00
13708544,GETAFE (CIUDAD DEPORTIVA HA 5),CALLE MARÍA MONTESSORI S/N,Getafe,Madrid,28903,40.3248517,-3.7141323,"https://www.google.com/maps?q=40.3248517,-3.7141323",Fútbol 11,Hierba Natural,https://www.rffm.es/campo/13708544,2026-08-02T16:18:22.406927+00:00
1402,GETAFE - PVO. ROSALIA DE CASTRO (HA),SENDA DE EPI Y BLAS S/N,Getafe,Madrid,28907,40.3017515,-3.742183,"https://www.google.com/maps?q=40.3017515,-3.742183",Fútbol 11,Hierba Artificial,https://www.rffm.es/campo/1402,2026-08-02T16:18:23.113517+00:00
1403,GETAFE - PVO. GINER DE LOS RIOS (HA),CTRA. DE GETAFE A LEGANÉS S/N,Getafe,Madrid,28905,40.313871,-3.739966,"https://www.google.com/maps?q=40.313871,-3.739966",Fútbol 11,Hierba Artificial,https://www.rffm.es/campo/1403,2026-08-02T16:18:23.873109+00:00
1406,GRIÑON - MUNICIPAL LA MINA (HA),CALLE FUENSANTA 1,Griñón,Madrid,28971,40.2198231,-3.8400851,"https://www.google.com/maps?q=40.2198231,-3.8400851",Fútbol 11,Hierba Artificial,https://www.rffm.es/campo/1406,2026-08-02T16:18:24.688308+00:00
1408,LEGANES - PVO. MPAL. LA FORTUNA (HA),CALLE DE CASTELLO BRANCO 2,Leganés,Madrid,28917,40.35908140000001,-3.7834402,"https://www.google.com/maps?q=40.35908140000001,-3.7834402",Fútbol 11,Hierba Artificial,https://www.rffm.es/campo/1408,2026-08-02T16:18:25.346827+00:00
1411,PARLA - ALFREDO DI STEFANO (HA) ,AVDA. DE AMÉRICA S/N,Parla,Madrid,28981,40.2298131,-3.7613379,"https://www.google.com/maps?q=40.2298131,-3.7613379",Fútbol 11,Hierba Artificial,https://www.rffm.es/campo/1411,2026-08-02T16:18:26.113090+00:00
1415,PARLA - ESTADIO DE LOS PRADOS (HA)),AVDA. JUAN CARLOS I S/N,Parla,Madrid,28983,40.2330252,-3.7485874,"https://www.google.com/maps?q=40.2330252,-3.7485874",Fútbol 11,Hierba Artificial,https://www.rffm.es/campo/1415,2026-08-02T16:18:26.963932+00:00
1416,SERRANILLOS DEL VALLE - PVO. ADOLFO SUÁREZ (HA),CALLE DE LOS ALMENDROS 46,Serranillos Del Valle,Madrid,28979,40.2038419,-3.8711234,"https://www.google.com/maps?q=40.2038419,-3.8711234",Fútbol 11,Hierba Artificial,https://www.rffm.es/campo/1416,2026-08-02T16:18:27.575496+00:00
1417,TORREJÓN DE LA CALZADA (HA),CAMINO DE CUBAS 2,Torrejón De La Calzada,Madrid,28991,40.1967996,-3.8056679,"https://www.google.com/maps?q=40.1967996,-3.8056679",Fútbol 11,Hierba Artificial,https://www.rffm.es/campo/1417,2026-08-02T16:18:28.337402+00:00
1418,TORREJÓN DE VELASCO - PVO. MPAL. JOSÉ FDEZ. SEGOVIA (HA),AVDA. JOSÉ FERNÁNDEZ SEGOVIA 16,Torrejón De Velasco,Madrid,28990,40.183227,-3.7765077,"https://www.google.com/maps?q=40.183227,-3.7765077",Fútbol 11,Hierba Artificial,https://www.rffm.es/campo/1418,2026-08-02T16:18:29.133186+00:00
1419,CUBAS DE LA SAGRA - FEDERICO ZARZA NÚÑEZ (HA),CALLE SAN ISIDRO 3,Cubas De La Sagra,Madrid,28978,40.1876458,-3.8386965,"https://www.google.com/maps?q=40.1876458,-3.8386965",Fútbol 11,Hierba Artificial,https://www.rffm.es/campo/1419,2026-08-02T16:18:30.236008+00:00
1420,MORALEJA DE ENMEDIO - LA DEHESA (HA),"CAMINO DE LA DEHESA,S/N",Moraleja De Enmedio,Madrid,28950,40.2616621,-3.8692711,"https://www.google.com/maps?q=40.2616621,-3.8692711",Fútbol 11,Hierba Artificial,https://www.rffm.es/campo/1420,2026-08-02T16:18:31.276378+00:00
1422,GETAFE - ALHONDIGA SECTOR III 1 (HA),CTRA. DE LEGANES S/N,Getafe,Madrid,28905,40.3137221,-3.7413205,"https://www.google.com/maps?q=40.3137221,-3.7413205",Fútbol 11,Hierba Artificial,https://www.rffm.es/campo/1422,2026-08-02T16:18:31.904417+00:00
1427,FUENLABRADA - LORANCA (HA),AVDA. DE NUEVO VERSALLES S/N,Fuenlabrada,Madrid,28942,40.2962295,-3.8306635,"https://www.google.com/maps?q=40.2962295,-3.8306635",Fútbol 11,Hierba Artificial,https://www.rffm.es/campo/1427,2026-08-02T16:18:32.521219+00:00
1430,GETAFE - JUAN DE LA CIERVA 2 (HA),AVDA. JUAN DE BORBON S/N,Getafe,Madrid,28903,40.3178339,-3.7152306,"https://www.google.com/maps?q=40.3178339,-3.7152306",Fútbol 11,Hierba Artificial,https://www.rffm.es/campo/1430,2026-08-02T16:18:33.731159+00:00
1435,PARLA - ALFREDO DI STEFANO 5 (HA) ,AVDA. DE AMÉRICA S/N,Parla,Madrid,28982,40.2335251,-3.7600043,"https://www.google.com/maps?q=40.2335251,-3.7600043",Fútbol 11,Hierba Artificial,https://www.rffm.es/campo/1435,2026-08-02T16:18:34.201245+00:00
1436,FUENLABRADA - EL NARANJO 3 (HA),PASEO RIAZOR S/N,Fuenlabrada,Madrid,28942,40.3010915,-3.8088656,"https://www.google.com/maps?q=40.3010915,-3.8088656",Fútbol 11,Hierba Artificial,https://www.rffm.es/campo/1436,2026-08-02T16:18:35.476748+00:00
1437,PARLA - ALFREDO DI STEFANO 6 (HA) ,AVDA. DE AMÉRICA S/N,Parla,Madrid,28982,40.2335251,-3.7600043,"https://www.google.com/maps?q=40.2335251,-3.7600043",Fútbol 11,Hierba Artificial,https://www.rffm.es/campo/1437,2026-08-02T16:18:35.986834+00:00
1439,HUMANES - EMILIO ZAZO 1 (HA),"CALLE VALDEHONDILLO, S/N.",Humanes De Madrid,Madrid,28970,40.2568417,-3.8190471,"https://www.google.com/maps?q=40.2568417,-3.8190471",Fútbol 11,Hierba Artificial,https://www.rffm.es/campo/1439,2026-08-02T16:18:36.683798+00:00
1443,LEGANES - PVO. LA CANTERA 1 (HA),CALLE ARQUITECTURA 4,Leganés,Madrid,28918,40.3388634,-3.7627897,"https://www.google.com/maps?q=40.3388634,-3.7627897",Fútbol 11,Hierba Artificial,https://www.rffm.es/campo/1443,2026-08-02T16:18:37.400756+00:00
1446,GETAFE - CIUDAD DPTVA 1 (HA),CALLE MARÍA MONTESSORI S/N,Getafe,Madrid,28903,40.3248517,-3.7141323,"https://www.google.com/maps?q=40.3248517,-3.7141323",Fútbol 11,Hierba Artificial,https://www.rffm.es/campo/1446,2026-08-02T16:18:38.583922+00:00
1452,GETAFE - ARCAS DEL AGUA (HA),SENDA DE MAFALDA 2,Getafe,Madrid,28905,40.2951772,-3.7482303,"https://www.google.com/maps?q=40.2951772,-3.7482303",Fútbol 11,Hierba Artificial,https://www.rffm.es/campo/1452,2026-08-02T16:18:39.187653+00:00
14610183,VEREDA GANAPANES 1 (HA),CALLE BECERREÁ 4,0,Madrid,28039,40.470661,-3.713515,"https://www.google.com/maps?q=40.470661,-3.713515",Fútbol 11,,https://www.rffm.es/campo/14610183,2026-08-02T16:18:39.932377+00:00
14630139,NTRA. SRA. BUEN CONSEJO F-7 (HA),CALLE DE JUAN MONTALVO 30,Madrid,Madrid,28040,40.4469618,-3.713763,"https://www.google.com/maps?q=40.4469618,-3.713763",Fútbol 7,Hierba Artificial,https://www.rffm.es/campo/14630139,2026-08-02T16:18:40.528785+00:00
14801558,GETAFE-ESCOLAPIOS GETAFE,PLAZA OBISPO FELIPE SCIO RIAZA 1,Getafe,Madrid,28901,40.30763,-3.73247,"https://www.google.com/maps?q=40.30763,-3.73247",Fútbol 7,Hierba Artificial,https://www.rffm.es/campo/14801558,2026-08-02T16:18:41.365089+00:00
14963243,PINTO-PPES. ASTURIAS 1,CALLE PABLO PICASSO S/N,Pinto,Madrid,28320,40.2379444,-3.6948544,"https://www.google.com/maps?q=40.2379444,-3.6948544",Fútbol 7,Hierba Artificial,https://www.rffm.es/campo/14963243,2026-08-02T16:18:42.051700+00:00
14963246,PINTO-PPES. ASTURIAS 2,CALLE PABLO PICASSO,Pinto,Madrid,28320,40.2379444,-3.6948544,"https://www.google.com/maps?q=40.2379444,-3.6948544",Fútbol 11,,https://www.rffm.es/campo/14963246,2026-08-02T16:18:42.813882+00:00
14963247,PINTO-PPES. ASTURIAS 3,CALLE PABLO PICASSO S/N,Pinto,Madrid,28320,40.2379444,-3.6948544,"https://www.google.com/maps?q=40.2379444,-3.6948544",Fútbol 11,Hierba Artificial,https://www.rffm.es/campo/14963247,2026-08-02T16:18:44.448632+00:00
14970010,VILLAVICIOSA DE ODON,CALLE ALEXANDER GRAHAM BELL 2,Villaviciosa De Odón,Madrid,28670,40.3625191,-3.9173118,"https://www.google.com/maps?q=40.3625191,-3.9173118",Fútbol 7,Hierba Artificial,https://www.rffm.es/campo/14970010,2026-08-02T16:18:45.096206+00:00
14988038,BOADILLA (CONDESA CHINCHON 2),MENENDEZ PIDAL 16,Boadilla Del Monte,Madrid,28660,40.4109061,-3.8964709,"https://www.google.com/maps?q=40.4109061,-3.8964709",Fútbol 11,Hierba Artificial,https://www.rffm.es/campo/14988038,2026-08-02T16:18:45.991629+00:00
14988040,BOADILLA (CONDESA CHINCHON 3 -F7-),MENENDEZ PIDAL 16,Boadilla Del Monte,Madrid,28660,40.4109061,-3.8964709,"https://www.google.com/maps?q=40.4109061,-3.8964709",Fútbol 7,Hierba Artificial,https://www.rffm.es/campo/14988040,2026-08-02T16:18:46.453988+00:00
1501,CHINCHON (PVO. MPAL JAVIER MANQUILLO),CALLE DE LA SOCIEDAD COSECHEROS 5 B,Chinchón,Madrid,28370,40.1370503,-3.4178649,"https://www.google.com/maps?q=40.1370503,-3.4178649",Fútbol 11,Hierba Artificial,https://www.rffm.es/campo/1501,2026-08-02T16:18:47.219392+00:00
1502,VALDEMORO - PVO. EL RESTÓN (HA),CALLE DE FEBO 7,Valdemoro,Madrid,28340,40.1820145,-3.6864224,"https://www.google.com/maps?q=40.1820145,-3.6864224",Fútbol 11,Hierba Artificial,https://www.rffm.es/campo/1502,2026-08-02T16:18:47.953683+00:00
1505,TITULCIA - PVO. LOS ARENALES (HA),CALLE GRANDE 1 D,Titulcia,Madrid,28359,40.137414,-3.5764251,"https://www.google.com/maps?q=40.137414,-3.5764251",Fútbol 11,Hierba Artificial,https://www.rffm.es/campo/1505,2026-08-02T16:18:48.692177+00:00
1508,CIEMPOZUELOS - PEÑUELAS (HA),CAMINO DE LA PEÑUELA 1,Ciempozuelos,Madrid,28350,40.1550337,-3.6101343,"https://www.google.com/maps?q=40.1550337,-3.6101343",Fútbol 11,Hierba Artificial,https://www.rffm.es/campo/1508,2026-08-02T16:18:49.492806+00:00
1509,VALDEMORO (HA),"PASEO DEL PRADO, S/N",Valdemoro,Madrid,28343,40.191963,-3.6686382,"https://www.google.com/maps?q=40.191963,-3.6686382",Fútbol 11,Hierba Artificial,https://www.rffm.es/campo/1509,2026-08-02T16:18:50.689427+00:00
1517,PINTO - PVO. MPAL. PATRICIA CHAMORRO (HA),CALLE SEVILLA S/N,Pinto,Madrid,28320,40.242415,-3.693313099999999,"https://www.google.com/maps?q=40.242415,-3.693313099999999",Fútbol 11,Hierba Artificial,https://www.rffm.es/campo/1517,2026-08-02T16:18:51.227627+00:00
15185976,S.S. REYES - GABRIEL PEDREGAL 2 (HA) ANT. DEHESA VIEJA,AVENIDA DE LA DEHESA S/N,San Sebastián De Los Reyes,Madrid,28700,40.56619,-3.626749,"https://www.google.com/maps?q=40.56619,-3.626749",Fútbol 11,,https://www.rffm.es/campo/15185976,2026-08-02T16:18:52.398532+00:00
15185977,S.S. REYES - GABRIEL PEDREGAL F7 (HA) ANT. DEHESA VIEJA,AVENIDA DE LA DEHESA S/N,San Sebastián De Los Reyes,Madrid,28700,40.56619,-3.626749,"https://www.google.com/maps?q=40.56619,-3.626749",Fútbol 7,,https://www.rffm.es/campo/15185977,2026-08-02T16:18:52.865522+00:00
15557644,VILLANUEVA DEL PARDILLO 2 (MUNICIPAL JUAN MANUEL ANGELINA)(HA),"AVDA. DE LOS ESTUDIANTES, 3",Villanueva del Pardillo,Madrid,28229,40.482844,-3.9720197,"https://www.google.com/maps?q=40.482844,-3.9720197",Fútbol 11,Hierba Artificial,https://www.rffm.es/campo/15557644,2026-08-02T16:18:53.652498+00:00
15708076,ALCORCON - COLEGIO JUAN PABLO II,DEMOCRACIA S/N,Alcorcón,Madrid,28922,40.3570031,-3.8553507,"https://www.google.com/maps?q=40.3570031,-3.8553507",Fútbol 11,Hierba Artificial,https://www.rffm.es/campo/15708076,2026-08-02T16:18:55.106374+00:00
1603,ARGANDA - LA POVEDA (HA),CALLE MALLORCA S/N,Arganda Del Rey,Madrid,28500,40.3124557,-3.4768099,"https://www.google.com/maps?q=40.3124557,-3.4768099",Fútbol 11,Hierba Artificial,https://www.rffm.es/campo/1603,2026-08-02T16:18:55.597579+00:00
1607,CAMPO REAL (HA),CALLE PARÍS 24,Campo Real,Madrid,28510,40.3398794,-3.3727458,"https://www.google.com/maps?q=40.3398794,-3.3727458",Fútbol 11,Hierba Artificial,https://www.rffm.es/campo/1607,2026-08-02T16:18:56.312997+00:00
1611,NUEVO BAZTÁN (HA),CALLE FÁBRICA 3,Nuevo Baztán,Madrid,28514,40.36447099999999,-3.246021,"https://www.google.com/maps?q=40.36447099999999,-3.246021",Fútbol 11,Hierba Artificial,https://www.rffm.es/campo/1611,2026-08-02T16:18:57.039474+00:00
16419728,ALCOBENDAS (J. CABALLERO 3),"AVDA. TRANSICIÓN ESPAÑOLA, S/N",Alcobendas,Madrid,28100,40.5371903,-3.6237015,"https://www.google.com/maps?q=40.5371903,-3.6237015",Fútbol 11,Hierba Artificial,https://www.rffm.es/campo/16419728,2026-08-02T16:18:57.803440+00:00
16468916,ALGETE - PVO. DUQUE DE ALGETE NORTE (HA),CAMINO VEREDA DE LA LOBERA S/N,Algete,Madrid,28110,40.5981638,-3.5103412,"https://www.google.com/maps?q=40.5981638,-3.5103412",Fútbol 11,Hierba Artificial,https://www.rffm.es/campo/16468916,2026-08-02T16:18:58.806224+00:00
16469021,ALGETE - PVO. DUQUE DE ALGETE SUR (HA),CAMINO VEREDA DE LA LOBERA S/N,Algete,Madrid,28110,40.5981638,-3.5103412,"https://www.google.com/maps?q=40.5981638,-3.5103412",Fútbol 11,Hierba Artificial,https://www.rffm.es/campo/16469021,2026-08-02T16:18:59.862589+00:00
16526824,STELLA MARIS LA GAVIA,"PEÑARANDA DE BRACAMONTE, 9.",Madrid,Madrid,28051,40.3741711,-3.6049758,"https://www.google.com/maps?q=40.3741711,-3.6049758",Fútbol 7,Hierba Artificial,https://www.rffm.es/campo/16526824,2026-08-02T16:19:02.649300+00:00
16608940,GETAFE - CIUDAD DPTVA 4 (HA) F7,CALLE MARÍA MONTESSORI S/N,Getafe,Madrid,28903,40.3248517,-3.7141323,"https://www.google.com/maps?q=40.3248517,-3.7141323",Fútbol 7,Hierba Artificial,https://www.rffm.es/campo/16608940,2026-08-02T16:19:03.168284+00:00
16693614,TORRELODONES (MINIFUTBOL F-7),"Avda. Torrelodones, 8",Torrelodones,Madrid,28250,40.5763705,-3.944849,"https://www.google.com/maps?q=40.5763705,-3.944849",Fútbol 7,Hierba Artificial,https://www.rffm.es/campo/16693614,2026-08-02T16:19:03.883722+00:00
16747271,ALCORCON - PVO. MPAL. SANTO DOMINGO F/7,"AVDA. DE ESTEBAN MARQUEZ, S/N",Alcorcón,Madrid,28922,40.337357,-3.8440035,"https://www.google.com/maps?q=40.337357,-3.8440035",Fútbol 7,Hierba Artificial,https://www.rffm.es/campo/16747271,2026-08-02T16:19:04.642276+00:00
16792697,NAVALCARNERO - EL PINAR 1 (H.A.),CONIFERAS S/N,Navalcarnero,Madrid,28600,40.30061493090087,-3.983239452691474,"https://www.google.com/maps?q=40.30061493090087,-3.983239452691474",Fútbol 11,Hierba Artificial,https://www.rffm.es/campo/16792697,2026-08-02T16:19:05.407167+00:00
16950697,CIUDAD REAL MADRID 8 (HA),CAMINO DE SINTRA 4,Madrid,Madrid,28055,40.4726532,-3.611888500000001,"https://www.google.com/maps?q=40.4726532,-3.611888500000001",Fútbol 11,Hierba Artificial,https://www.rffm.es/campo/16950697,2026-08-02T16:19:06.172992+00:00
16973583,ARGANDA - C.D. PRINCIPE FELIPE (futbol sala),SAN SEBASTIAN 6,Arganda Del Rey,Madrid,28500,40.3071984,-3.4493613,"https://www.google.com/maps?q=40.3071984,-3.4493613",,,https://www.rffm.es/campo/16973583,2026-08-02T16:19:06.829543+00:00
16973592,MOSTOLES - COL. PABLO SARASATE (futbol sala),PINTOR MURILLO S/N,Móstoles,Madrid,28933,40.3273061,-3.8701584,"https://www.google.com/maps?q=40.3273061,-3.8701584",,,https://www.rffm.es/campo/16973592,2026-08-02T16:19:07.606047+00:00
16973624,LEGANES - CIUDAD DEPORTIVA LA FORTUNA (futbol sala),CASTELO BRANCO S/N,Leganés,Madrid,28917,,,,,,https://www.rffm.es/campo/16973624,2026-08-02T16:19:08.401527+00:00
16973645,COL. NTRA. SRA. DEL PILAR (futbol sala),"C/ Ayala, 47",Madrid,Madrid,28001,40.4277698,-3.6815056,"https://www.google.com/maps?q=40.4277698,-3.6815056",,,https://www.rffm.es/campo/16973645,2026-08-02T16:19:09.224416+00:00
16973649,COL. SAGRADO CORAZON (futbol sala),"C/ PARAGUAY, 10 (ESQ. AVDA ALFONSO XIII)",Madrid,Madrid,28016,40.4600295,-3.6714452,"https://www.google.com/maps?q=40.4600295,-3.6714452",,,https://www.rffm.es/campo/16973649,2026-08-02T16:19:10.474471+00:00
16973750,COSLADA - P.M. VALLEAGUADO (futbol sala),"Calle Perú, 17 Polideportivo",Coslada,Madrid,28823,40.4288667,-3.5458699,"https://www.google.com/maps?q=40.4288667,-3.5458699",,,https://www.rffm.es/campo/16973750,2026-08-02T16:19:10.940119+00:00
16973824,SAN FERNANDO - P.M. CAMINO DE LA HUERTA (futbol sala),PARIS S/N,San Fernando De Henares,Madrid,28830,40.42905289999999,-3.5104537,"https://www.google.com/maps?q=40.42905289999999,-3.5104537",,,https://www.rffm.es/campo/16973824,2026-08-02T16:19:11.674692+00:00
16973825,HUMANES - P.M. CAMPOHERMOSO (futbol sala),VALDEHONDILLO 3,Humanes De Madrid,Madrid,28970,40.2557561,-3.8205725,"https://www.google.com/maps?q=40.2557561,-3.8205725",,,https://www.rffm.es/campo/16973825,2026-08-02T16:19:12.479690+00:00
16973830,P.M. CANAL ISABEL II (futbol sala),ISLAS FILIPINAS 54,Madrid,Madrid,28003,40.4390676,-3.7137747,"https://www.google.com/maps?q=40.4390676,-3.7137747",,,https://www.rffm.es/campo/16973830,2026-08-02T16:19:13.220532+00:00
16973870,S.S. REYES - P.M. DEHESA BOYAL (futbol sala),NAVARRONDAN S/N,San Sebastián De Los Reyes,Madrid,28702,40.5569643,-3.6274206,"https://www.google.com/maps?q=40.5569643,-3.6274206",,,https://www.rffm.es/campo/16973870,2026-08-02T16:19:14.032445+00:00
16973883,ALCALA - P.M. EL JUNCAL (futbol sala),AVENIDA DE MADRID 9. Ciudad Deportiva,Alcalá De Henares,Madrid,28802,40.4763141,-3.3899591,"https://www.google.com/maps?q=40.4763141,-3.3899591",,,https://www.rffm.es/campo/16973883,2026-08-02T16:19:14.699736+00:00
16973916,ALCALA - P.M. EMPERADOR FERNANDO (futbol sala),RONDA FISCAL 44,Alcalá De Henares,Madrid,28803,40.4718002,-3.3731014,"https://www.google.com/maps?q=40.4718002,-3.3731014",,,https://www.rffm.es/campo/16973916,2026-08-02T16:19:15.991071+00:00
16973943,PARLA - P.M. FRANCISCO JAVIER CASTILLEJO (futbol sala),JUAN CARLOS I S/N,Parla,Madrid,28981,40.2280965,-3.7692109,"https://www.google.com/maps?q=40.2280965,-3.7692109",,,https://www.rffm.es/campo/16973943,2026-08-02T16:19:16.680336+00:00
16973965,TORREJON DE ARDOZ - PAB. JORGE GARBAJOSA (futbol sala),"CRTA TORREJON A AJALVIR KM 0,5",Torrejón De Ardoz,Madrid,28850,40.5302674,-3.4839237,"https://www.google.com/maps?q=40.5302674,-3.4839237",,,https://www.rffm.es/campo/16973965,2026-08-02T16:19:17.259501+00:00
16973966,NALVACARNERO - C.E.I.P. JOSE JALON (futbol sala),MARIANA DE AUSTRIA S/N,Navalcarnero,Madrid,28600,40.2820529,-4.0181236,"https://www.google.com/maps?q=40.2820529,-4.0181236",,,https://www.rffm.es/campo/16973966,2026-08-02T16:19:17.985593+00:00
16973970,BRUNETE - P.M. JOSE RAMON DE LA MORENA (futbol sala),DE LOS ESTUDIANTES Nº 1,Brunete,Madrid,28690,40.3929031,-3.9980485,"https://www.google.com/maps?q=40.3929031,-3.9980485",,,https://www.rffm.es/campo/16973970,2026-08-02T16:19:18.730091+00:00
16973987,LEGANES - P.M. LA CANTERA (futbol sala),ARQUITECTURA 2,Leganés,Madrid,28919,40.3560651,-3.7282769,"https://www.google.com/maps?q=40.3560651,-3.7282769",,,https://www.rffm.es/campo/16973987,2026-08-02T16:19:19.492403+00:00
16974041,NAVALCARNERO - P.M. LA ESTACION (futbol sala),Calle Río Ebro s/n. Pabellón,Navalcarnero,Madrid,28600,40.293067,-4.0066332,"https://www.google.com/maps?q=40.293067,-4.0066332",,,https://www.rffm.es/campo/16974041,2026-08-02T16:19:20.210360+00:00
16974050,LEGANES - P.M. LA FORTUNA (futbol sala),"Calle de Castelo Branco, 2,",Leganés,Madrid,28917,40.3593977,-3.7838724,"https://www.google.com/maps?q=40.3593977,-3.7838724",,,https://www.rffm.es/campo/16974050,2026-08-02T16:19:21.197400+00:00
16974065,P.M. LA MASO (futbol sala),LA MASÓ (esquina Cardenal Herrera Oria) S/N,Madrid,Madrid,28034,40.4914926,-3.7128385,"https://www.google.com/maps?q=40.4914926,-3.7128385",,,https://www.rffm.es/campo/16974065,2026-08-02T16:19:21.706746+00:00
16974070,P.M. LA MINA (futbol sala),"Calle de Monseñor Oscar Romero, 41",Madrid,Madrid,28025,40.381794,-3.7466234,"https://www.google.com/maps?q=40.381794,-3.7466234",,,https://www.rffm.es/campo/16974070,2026-08-02T16:19:22.452649+00:00
16974105,ALCORCON - P.M. M-4 Mª JOSE CALERO (futbol sala),"Calle Los Robles, 1. Pabellon",Alcorcón,Madrid,28922,40.3419527,-3.8363489,"https://www.google.com/maps?q=40.3419527,-3.8363489",,,https://www.rffm.es/campo/16974105,2026-08-02T16:19:23.249459+00:00
16974109,VILLAREJO DE SALVANES - P.M. MARIANO DIAZ (futbol sala),BELMONTE S/N,Villarejo De Salvanés,Madrid,28590,40.1673979,-3.2814025,"https://www.google.com/maps?q=40.1673979,-3.2814025",,,https://www.rffm.es/campo/16974109,2026-08-02T16:19:25.036026+00:00
16974117,P.M. MIGUEL GUILLEN PRIM (futbol sala),"Calle de Fuentiduena, 6",Madrid,Madrid,28031,40.3736346,-3.6234425,"https://www.google.com/maps?q=40.3736346,-3.6234425",,,https://www.rffm.es/campo/16974117,2026-08-02T16:19:25.491636+00:00
16974120,P.M. MORATA DE TAJUÑA (futbol sala),JUAN CARLOS I 64,Morata De Tajuña,Madrid,28530,40.22697489999999,-3.4498346,"https://www.google.com/maps?q=40.22697489999999,-3.4498346",,,https://www.rffm.es/campo/16974120,2026-08-02T16:19:26.267776+00:00
16974146,RIVAS - POLID. PARQUE SURESTE (futbol sala),C/ MIRADOR S/N,Rivas-Vaciamadrid,Madrid,28521,40.3243819,-3.5110888,"https://www.google.com/maps?q=40.3243819,-3.5110888",,,https://www.rffm.es/campo/16974146,2026-08-02T16:19:27.047400+00:00
16974147,P.M. PINTO SANDRA AGUILAR (futbol sala),"CALLE ASTURIAS, S/N",0,Madrid,28320,40.2508866,-3.6933328,"https://www.google.com/maps?q=40.2508866,-3.6933328",,,https://www.rffm.es/campo/16974147,2026-08-02T16:19:27.723079+00:00
16974199,P.M. SAN BLAS (futbol sala),"Avenida de Hellín, s/n. Centro Deportivo",Madrid,Madrid,28037,40.4305439,-3.6158115,"https://www.google.com/maps?q=40.4305439,-3.6158115",,,https://www.rffm.es/campo/16974199,2026-08-02T16:19:29.521624+00:00
16974205,SAN FERNANDO - P.M. JUSTO GOMEZ SALTO (futbol sala),PASEO DE LOS PINOS S/N,San Fernando De Henares,Madrid,28830,40.4334703,-3.5260942,"https://www.google.com/maps?q=40.4334703,-3.5260942",,,https://www.rffm.es/campo/16974205,2026-08-02T16:19:30.116913+00:00
16974231,ALCORCON - P.M. SANTO DOMINGO pista 6 (futbol sala),AVENIDA DE ESTEBAN MARQUEZ S/N. Polideportivo,Alcorcón,Madrid,28922,40.337357,-3.8440035,"https://www.google.com/maps?q=40.337357,-3.8440035",,,https://www.rffm.es/campo/16974231,2026-08-02T16:19:31.023207+00:00
16974273,P.M. VELILLA DE SAN ANTONIO (futbol sala),PABLO PICASSO S/N,Velilla De San Antonio,Madrid,28891,40.36917469999999,-3.4700327,"https://www.google.com/maps?q=40.36917469999999,-3.4700327",,,https://www.rffm.es/campo/16974273,2026-08-02T16:19:31.705659+00:00
16974280,P.M. MARGOT MOLES (futbol sala),PASEO DEL POLIDEPORTIVO S/N,Madrid,Madrid,28032,40.4080995,-3.601247,"https://www.google.com/maps?q=40.4080995,-3.601247",,,https://www.rffm.es/campo/16974280,2026-08-02T16:19:32.820404+00:00
16974300,MOSTOLES - PAB. EVA MANGUAN (futbol sala),HERMANOS PINZON S/N,Móstoles,Madrid,28936,40.3225246,-3.8522544,"https://www.google.com/maps?q=40.3225246,-3.8522544",,,https://www.rffm.es/campo/16974300,2026-08-02T16:19:33.425887+00:00
16974568,S.S. REYES - P.M. VALVANERA (futbol sala),DE LA SIERRA S/N,San Sebastián De Los Reyes,Madrid,28701,40.5743517,-3.659789,"https://www.google.com/maps?q=40.5743517,-3.659789",,,https://www.rffm.es/campo/16974568,2026-08-02T16:19:34.720697+00:00
16974574,RIVAS - COL. DULCE CHACON (futbol sala),FEDERICA MONTSENY 3,Rivas-Vaciamadrid,Madrid,28521,40.3358701,-3.5145213,"https://www.google.com/maps?q=40.3358701,-3.5145213",,,https://www.rffm.es/campo/16974574,2026-08-02T16:19:35.148143+00:00
16974577,POLID. COLEGIO EL VALLE SANCHINARRO (futbol sala),ANA DE AUSTRIA 60,Madrid,Madrid,28050,40.5005529,-3.6534918,"https://www.google.com/maps?q=40.5005529,-3.6534918",,,https://www.rffm.es/campo/16974577,2026-08-02T16:19:35.975384+00:00
16974581,PARLA - P.M. LA CANTUEÑA (futbol sala),calle JULIO ROMERO DE TORRES S/N. Pabellon,Parla,Madrid,28982,40.2448724,-3.760998,"https://www.google.com/maps?q=40.2448724,-3.760998",,,https://www.rffm.es/campo/16974581,2026-08-02T16:19:36.715291+00:00
16974588,RIVAS - COL. JOSE HIERRO (futbol sala),JOSE HIERRO 86,Rivas-Vaciamadrid,Madrid,28521,40.3467816,-3.5288592,"https://www.google.com/maps?q=40.3467816,-3.5288592",,,https://www.rffm.es/campo/16974588,2026-08-02T16:19:38.056225+00:00
16974600,PARLA - P.M. EL NIDO (futbol sala),calle de LA PALOMA S/N. Pabellon Municipal,Parla,Madrid,28980,40.23604,-3.76752,"https://www.google.com/maps?q=40.23604,-3.76752",,,https://www.rffm.es/campo/16974600,2026-08-02T16:19:39.626031+00:00
16974607,P.M. PARQUE PUERTA DE HIERRO (futbol sala),"CTRA. DE LA CORUÑA,7",Madrid,Madrid,28035,40.456548,-3.7492222,"https://www.google.com/maps?q=40.456548,-3.7492222",,,https://www.rffm.es/campo/16974607,2026-08-02T16:19:40.326974+00:00
16974619,MOSTOLES - P.M. ESTORIL 2 (futbol sala),PINTOR PICASSO S/N,Móstoles,Madrid,28932,40.3318478,-3.8610953,"https://www.google.com/maps?q=40.3318478,-3.8610953",,,https://www.rffm.es/campo/16974619,2026-08-02T16:19:40.878384+00:00
16974620,PINTO - P.M. PATRICIA CHAMORRO (futbol sala),SEVILLA S/N,Pinto,Madrid,28320,40.242415,-3.693313099999999,"https://www.google.com/maps?q=40.242415,-3.693313099999999",,,https://www.rffm.es/campo/16974620,2026-08-02T16:19:41.641314+00:00
16974621,MOSTOLES - P.M. LA LOMA (futbol sala),DE LA ONU S/N,Móstoles,Madrid,28936,40.3139455,-3.8477173,"https://www.google.com/maps?q=40.3139455,-3.8477173",,,https://www.rffm.es/campo/16974621,2026-08-02T16:19:42.325921+00:00
16974627,MOSTOLES - P.M. PABLO SARASATE (futbol sala),JAEN 4,Móstoles,Madrid,28935,40.3267859,-3.8754097,"https://www.google.com/maps?q=40.3267859,-3.8754097",,,https://www.rffm.es/campo/16974627,2026-08-02T16:19:43.418643+00:00
16974628,SAN FERNANDO - P.M. M-3 (futbol sala),EUGENIA DE MONTIJO S/N,San Fernando De Henares,Madrid,28830,40.4273973,-3.5280851,"https://www.google.com/maps?q=40.4273973,-3.5280851",,,https://www.rffm.es/campo/16974628,2026-08-02T16:19:44.017204+00:00
16974636,ARGANDA - COL. MALVAR (futbol sala),SOLIDARIDAD 4,Arganda Del Rey,Madrid,28500,40.30752409999999,-3.4464427,"https://www.google.com/maps?q=40.30752409999999,-3.4464427",,,https://www.rffm.es/campo/16974636,2026-08-02T16:19:44.816500+00:00
16974671,ALCORCON - CLUB SOCIAL DEPORTIVO PARQUE DE LISBOA (futbol sala),"AVENIDA DE LISBOA, 15",Alcorcón,Madrid,28924,40.3530638,-3.8214239,"https://www.google.com/maps?q=40.3530638,-3.8214239",,,https://www.rffm.es/campo/16974671,2026-08-02T16:19:45.409682+00:00
16974677,P.M. MAJALASTABLAS LOS MOLINOS (futbol sala),SAN PASCUAL S/N,Molinos (Los),Madrid,28460,40.7115095,-4.0707022,"https://www.google.com/maps?q=40.7115095,-4.0707022",,,https://www.rffm.es/campo/16974677,2026-08-02T16:19:46.672121+00:00
16974688,ARGANDA - P.M. LUIS AMADO (Fútbol Sala),RONDA DEL SUR 43. polideportivo,Arganda Del Rey,Madrid,28500,40.2966074,-3.4491246,"https://www.google.com/maps?q=40.2966074,-3.4491246",,,https://www.rffm.es/campo/16974688,2026-08-02T16:19:47.125755+00:00
16974695,TORREJON DE ARDOZ - P.M. JOSE ANTONIO PARAISO (futbol sala),"PLAZA PABLO DE OLAVIDE, S/N",Torrejón De Ardoz,Madrid,28850,40.4630965,-3.4826657,"https://www.google.com/maps?q=40.4630965,-3.4826657",,,https://www.rffm.es/campo/16974695,2026-08-02T16:19:48.059042+00:00
16974699,PARLA - P.M. GINER DE LOS RIOS (futbol sala),GUADIANA S/N,Parla,Madrid,28981,40.224627,-3.7714464,"https://www.google.com/maps?q=40.224627,-3.7714464",,,https://www.rffm.es/campo/16974699,2026-08-02T16:19:48.654769+00:00
16974706,COL. CARDENAL SPÍNOLA (futbol sala),calle Cardenal Marcelo Spinola 34,Madrid,Madrid,28016,40.467663,-3.671316,"https://www.google.com/maps?q=40.467663,-3.671316",,,https://www.rffm.es/campo/16974706,2026-08-02T16:19:49.461134+00:00
16984583,P.M. BARAJAS (futbol sala),"AVDA. LOGROÑO, 70",Madrid,Madrid,28042,40.4627914,-3.587122299999999,"https://www.google.com/maps?q=40.4627914,-3.587122299999999",,,https://www.rffm.es/campo/16984583,2026-08-02T16:19:50.411371+00:00
16986403,COL. GREDOS SAN DIEGO LAS SUERTES (futbol sala),"C/ RAFAEL DE LEON, Nº 10",Madrid,Madrid,28051,40.3662936,-3.6005592,"https://www.google.com/maps?q=40.3662936,-3.6005592",,,https://www.rffm.es/campo/16986403,2026-08-02T16:19:50.995442+00:00
16996452,ALCORCON - P.M. LA CANALEJA (futbol sala),"AVDA LOS CASTILLOS, S/N",Alcorcón,Madrid,28925,40.3534398,-3.8089029,"https://www.google.com/maps?q=40.3534398,-3.8089029",,,https://www.rffm.es/campo/16996452,2026-08-02T16:19:51.616373+00:00
1702,ALCALA - J.A. GLEZ. VIVAS (HA),CALLE RONDA FISCAL 2,Alcalá De Henares,Madrid,28803,40.47498,-3.36462,"https://www.google.com/maps?q=40.47498,-3.36462",Fútbol 11,Hierba Artificial,https://www.rffm.es/campo/1702,2026-08-02T16:19:52.476463+00:00
1704,CAMARMA DE ESTERUELAS - PVO. MUNICIPAL (HA),CAMINO DEL MOLINO S/N,Camarma De Esteruelas,Madrid,28816,40.5364406,-3.3776259,"https://www.google.com/maps?q=40.5364406,-3.3776259",Fútbol 11,Hierba Artificial,https://www.rffm.es/campo/1704,2026-08-02T16:19:53.109253+00:00
1705,COSLADA - ESTADIO EL OLIVO (HA),CALLE DEL MAR CANTÁBRICO S/N,Coslada,Madrid,28821,40.41870189999999,-3.5720452,"https://www.google.com/maps?q=40.41870189999999,-3.5720452",Fútbol 11,Hierba Artificial,https://www.rffm.es/campo/1705,2026-08-02T16:19:53.868936+00:00
1708,LOECHES (HA),CALLE DE LA CRUZ DE PIEDRA 49,Loeches,Madrid,28890,40.3919815,-3.412905,"https://www.google.com/maps?q=40.3919815,-3.412905",Fútbol 11,Hierba Artificial,https://www.rffm.es/campo/1708,2026-08-02T16:19:54.635760+00:00
17099018,COL. EL VALLE LAS TABLAS (futbol sala),"C/ PALAS DEL REY, 2",Madrid,Madrid,28050,40.5039078,-3.6602176,"https://www.google.com/maps?q=40.5039078,-3.6602176",,,https://www.rffm.es/campo/17099018,2026-08-02T16:19:55.359306+00:00
17100274,COL. ESCUELAS PIAS CARABANCHEL(futbol sala),"CALLE EUGENIA DE MONTIJO, 83",Madrid,Madrid,28044,40.3757393,-3.7502795,"https://www.google.com/maps?q=40.3757393,-3.7502795",,,https://www.rffm.es/campo/17100274,2026-08-02T16:19:56.099283+00:00
1711,SAN FERNANDO - SANTIAGO DEL PINO (HA),PASEO DE LOS PINOS S/N,San Fernando De Henares,Madrid,28830,40.4334703,-3.5260942,"https://www.google.com/maps?q=40.4334703,-3.5260942",Fútbol 11,Hierba Artificial,https://www.rffm.es/campo/1711,2026-08-02T16:19:56.861536+00:00
1715,ALALPARDO - PVO. MPAL JUAN ANT. CORBALÁN (HA),CAMINO DEL FRESNO S/N,Valdeolmos-Alalpardo,Madrid,28130,40.6261407,-3.4756026,"https://www.google.com/maps?q=40.6261407,-3.4756026",Fútbol 11,Hierba Artificial,https://www.rffm.es/campo/1715,2026-08-02T16:19:57.618826+00:00
1716,AJALVIR (HA),CALLE VICTOR HURTADO S/N,Ajalvir,Madrid,28864,40.5456291,-3.4867256,"https://www.google.com/maps?q=40.5456291,-3.4867256",Fútbol 11,Hierba Artificial,https://www.rffm.es/campo/1716,2026-08-02T16:19:58.482511+00:00
1717,LOS SANTOS DE LA HUMOSA (HA),CALLE CANAL DE ISABEL II 60,Santos De La Humosa (Los),Madrid,28817,40.4946119,-3.2517945,"https://www.google.com/maps?q=40.4946119,-3.2517945",Fútbol 11,Hierba Artificial,https://www.rffm.es/campo/1717,2026-08-02T16:19:59.152523+00:00
1718,DAGANZO - FRANCISCO JAVIER LOPEZ (HA),CALLE FRESNO DE TOROTE S/N,Daganzo De Arriba,Madrid,28814,40.5502376,-3.4531515,"https://www.google.com/maps?q=40.5502376,-3.4531515",Fútbol 11,Hierba Artificial,https://www.rffm.es/campo/1718,2026-08-02T16:19:59.926181+00:00
1721,ALCALA - FELIPE DE LUCAS 'PIPE' (HA),CALLE DE COGOLLUDOS 2,Alcalá De Henares,Madrid,28805,40.4995667,-3.3339138,"https://www.google.com/maps?q=40.4995667,-3.3339138",Fútbol 11,Hierba Artificial,https://www.rffm.es/campo/1721,2026-08-02T16:20:00.704979+00:00
1728,MEJORADA - PVO. MPAL. LA DEHESA (HA),CALLE DE JOAN MIRÓ 22,Mejorada Del Campo,Madrid,28840,40.3934951,-3.4805552,"https://www.google.com/maps?q=40.3934951,-3.4805552",Fútbol 11,Hierba Artificial,https://www.rffm.es/campo/1728,2026-08-02T16:20:01.357740+00:00
1735,ALCALA - RECINTO FERIAL (HA),"CALLE PASEO DE LOS AGUADORES, 5.",Alcalá De Henares,Madrid,28804,40.4806671,-3.3582448,"https://www.google.com/maps?q=40.4806671,-3.3582448",Fútbol 11,Hierba Artificial,https://www.rffm.es/campo/1735,2026-08-02T16:20:02.682358+00:00
1738,COSLADA - MEJICO (HA),CALLE CHILE 138,Coslada,Madrid,28822,40.422256,-3.5475819,"https://www.google.com/maps?q=40.422256,-3.5475819",Fútbol 11,Hierba Artificial,https://www.rffm.es/campo/1738,2026-08-02T16:20:03.655807+00:00
1739,ALCALA - ISIDRO CEDIEL (HA),CALLE CUESTA DE TEATINOS S/N,Alcalá De Henares,Madrid,28806,40.4945269,-3.3602959,"https://www.google.com/maps?q=40.4945269,-3.3602959",Fútbol 11,Hierba Artificial,https://www.rffm.es/campo/1739,2026-08-02T16:20:04.274445+00:00
1741,TORREJÓN DE ARDOZ - 'GUTI' (HA),AVDA. DE LA CONSTITUCIÓN 193,Torrejón De Ardoz,Madrid,28850,40.463410229165454,-3.4479211946558306,"https://www.google.com/maps?q=40.463410229165454,-3.4479211946558306",Fútbol 11,Hierba Artificial,https://www.rffm.es/campo/1741,2026-08-02T16:20:05.451131+00:00
1752,COSLADA - BARRIO DEL PUERTO (HA),CALLE DEL PUERTO DE BILBAO 1,Coslada,Madrid,28821,40.41733,-3.57545,"https://www.google.com/maps?q=40.41733,-3.57545",Fútbol 11,Hierba Artificial,https://www.rffm.es/campo/1752,2026-08-02T16:20:08.728221+00:00
1777,ALCALA - COLEGIO ESCUELAS PÍAS (H.A.),AVDA. LOPE DE FIGUEROA 27,Alcalá De Henares,Madrid,28804,40.4850292,-3.3525491,"https://www.google.com/maps?q=40.4850292,-3.3525491",Fútbol 11,Hierba Artificial,https://www.rffm.es/campo/1777,2026-08-02T16:20:11.735955+00:00
18142019,VALDEMORO - P.M. HÉLICON (futbol sala),"C/ LILÍ ALVAREZ, S/N",Valdemoro,Madrid,28342,40.2026461,-3.6902325,"https://www.google.com/maps?q=40.2026461,-3.6902325",,,https://www.rffm.es/campo/18142019,2026-08-02T16:20:12.545700+00:00
18148432,POZUELO - UNIVERSIDAD FRANCISCO DE VITORIA,"CTRA. POZUELO - MAJADAHONDA, KM. 1,800",Pozuelo De Alarcón,Madrid,28223,40.4570877,-3.8615494,"https://www.google.com/maps?q=40.4570877,-3.8615494",,,https://www.rffm.es/campo/18148432,2026-08-02T16:20:13.381147+00:00
18168963,MOSTOLES - P.M. PAU 4 (futbol sala),"C/ PERSEO, 95",Móstoles,Madrid,28938,40.3547379,-3.8082965,"https://www.google.com/maps?q=40.3547379,-3.8082965",,,https://www.rffm.es/campo/18168963,2026-08-02T16:20:13.932045+00:00
18169788,TORREJON DE ARDOZ - P.M. NURIA FERNANDEZ (futbol sala),"C/ JOAQUIN BLUME, S/N",Torrejón De Ardoz,Madrid,28850,40.4432362,-3.4705713,"https://www.google.com/maps?q=40.4432362,-3.4705713",,,https://www.rffm.es/campo/18169788,2026-08-02T16:20:15.088694+00:00
18169789,TORREJON DE ARDOZ - P.M. JAVI LIMONES (futbol sala),"C/ JOAQUIN BLUME, S/N",Torrejón De Ardoz,Madrid,28850,40.4432362,-3.4705713,"https://www.google.com/maps?q=40.4432362,-3.4705713",,,https://www.rffm.es/campo/18169789,2026-08-02T16:20:15.678025+00:00
18172747,ALCORCON - Col. Andel (futbol sala),"c/ Fuente Cisneros, 39",Alcorcón,Madrid,28922,40.3382058,-3.8569013,"https://www.google.com/maps?q=40.3382058,-3.8569013",,,https://www.rffm.es/campo/18172747,2026-08-02T16:20:16.389248+00:00
18173539,COL. SAN PEDRO APOSTOL (futbol sala),"C/ BABILONIA, 19",Madrid,Madrid,28042,40.4675299,-3.5882347,"https://www.google.com/maps?q=40.4675299,-3.5882347",,,https://www.rffm.es/campo/18173539,2026-08-02T16:20:17.073995+00:00
18209233,COL. ÁBACO (futbol sala),"AV. DE LA PESETA, 8",Madrid,Madrid,28054,40.3678297,-3.7653731,"https://www.google.com/maps?q=40.3678297,-3.7653731",,,https://www.rffm.es/campo/18209233,2026-08-02T16:20:17.909952+00:00
18214155,PARLA - P.M. SUPERA PARLA ESTE (futbol sala),"AVDA. DE LOS PLANETAS, 42",Parla,Madrid,28983,40.2227232,-3.758825099999999,"https://www.google.com/maps?q=40.2227232,-3.758825099999999",,,https://www.rffm.es/campo/18214155,2026-08-02T16:20:19.163071+00:00
18221632,RIVAS - COL. HIPATIA FUHEM (futbol sala),"AVDA. OCHO DE MARZO, 1",Rivas-Vaciamadrid,Madrid,28521,40.378662,-3.5366626,"https://www.google.com/maps?q=40.378662,-3.5366626",,,https://www.rffm.es/campo/18221632,2026-08-02T16:20:20.026198+00:00
18224038,COL. LOS OLMOS (futbol sala),"C/ DE LOS ASTROS, 13",Madrid,Madrid,28007,40.4114674,-3.6689302,"https://www.google.com/maps?q=40.4114674,-3.6689302",,,https://www.rffm.es/campo/18224038,2026-08-02T16:20:21.044778+00:00
18379587,COL. ALEMAN DE MADRID (futbol sala),"AV. MONASTERIO DE GUADALUPE, Nº 7 (MONTECARMELO)",Madrid,Madrid,28049,40.507176,-3.705576,"https://www.google.com/maps?q=40.507176,-3.705576",,,https://www.rffm.es/campo/18379587,2026-08-02T16:20:21.861965+00:00
18398313,COL. NTRA.SRA.PILAR (PATIO) (futbol sala),"C/ Castelló, 56",Madrid,Madrid,28001,40.4282705,-3.681122,"https://www.google.com/maps?q=40.4282705,-3.681122",,,https://www.rffm.es/campo/18398313,2026-08-02T16:20:22.571288+00:00
18411727,ALCALA - P.M. ALICIA LARROCHA (futbol sala),"C/ RIO GUADARRAMA, S/N",Alcalá De Henares,Madrid,28803,40.4735019,-3.3634531,"https://www.google.com/maps?q=40.4735019,-3.3634531",,,https://www.rffm.es/campo/18411727,2026-08-02T16:20:23.134102+00:00
18545149,COL. RUFINO BLANCO (futbol sala),"CALLE GENERAL ALVAREZ DE CASTRO, 46",Madrid,Madrid,28010,40.43831,-3.7022263,"https://www.google.com/maps?q=40.43831,-3.7022263",,,https://www.rffm.es/campo/18545149,2026-08-02T16:20:23.859730+00:00
18613497,COL. NTRA. SRA. DE LORETO (futbol sala),"C/ General Pardiñas, 52-54",Madrid,Madrid,28001,40.4285729,-3.6782507,"https://www.google.com/maps?q=40.4285729,-3.6782507",,,https://www.rffm.es/campo/18613497,2026-08-02T16:20:24.845364+00:00
18613498,I.B.M. BREOGÁN,"Avda. Brasilia, 2",Madrid,Madrid,28028,40.4371243,-3.660831,"https://www.google.com/maps?q=40.4371243,-3.660831",,,https://www.rffm.es/campo/18613498,2026-08-02T16:20:25.326567+00:00
18783406,S.S. REYES - I.E.S. JULIO PALACIOS (futbol sala),"AVDA. MATAPIÑONERA, 15",San Sebastián De Los Reyes,Madrid,28703,40.544989,-3.6165602,"https://www.google.com/maps?q=40.544989,-3.6165602",,,https://www.rffm.es/campo/18783406,2026-08-02T16:20:26.269218+00:00
202,I.D. MIRADOR DE LA REINA - ARROYOFRESNO,CALLE MIRADOR DE LA REINA 2,Madrid,Madrid,28035,40.4874975,-3.7269501,"https://www.google.com/maps?q=40.4874975,-3.7269501",Fútbol 7,Hierba Artificial,https://www.rffm.es/campo/202,2026-08-02T16:20:26.918339+00:00
203,FUNDACION (HA),CALLE BRAOJOS 21,Madrid,Madrid,28035,40.48149,-3.7386545,"https://www.google.com/maps?q=40.48149,-3.7386545",Fútbol 11,Hierba Artificial,https://www.rffm.es/campo/203,2026-08-02T16:20:27.589098+00:00
20486446,COL. ARTICA (futbol sala),"CALLE DE LOS MORALES, 25",Madrid,Madrid,28054,40.3610008,-3.755489099999999,"https://www.google.com/maps?q=40.3610008,-3.755489099999999",,,https://www.rffm.es/campo/20486446,2026-08-02T16:20:28.503529+00:00
205,EL PARDO - MINGORRUBIO (HA),CARRETERA COLMENAR VIEJO S/N,Madrid,Madrid,28048,40.535592,-3.784518,"https://www.google.com/maps?q=40.535592,-3.784518",Fútbol 11,Hierba Artificial,https://www.rffm.es/campo/205,2026-08-02T16:20:29.212940+00:00
20521303,PARACUELLOS (CIUDAD DEL RUGBY),"PASEO DEL RADAR, 37",Paracuellos De Jarama,Madrid,28860,40.498071,-3.523729,"https://www.google.com/maps?q=40.498071,-3.523729",Fútbol 7,Hierba Artificial,https://www.rffm.es/campo/20521303,2026-08-02T16:20:30.413222+00:00
2101,BECERRIL DE LA SIERRA (HA),CALLE DE SOLOS PRADOS S/N,Becerril De La Sierra,Madrid,28490,40.7113123,-3.984208199999999,"https://www.google.com/maps?q=40.7113123,-3.984208199999999",Fútbol 11,Hierba Artificial,https://www.rffm.es/campo/2101,2026-08-02T16:20:31.265793+00:00
2102,LA CABRERA - C.D.M. JULIAN BERRENDERO (HA),CALLE DE LOS DEPORTES 2,Cabrera (La),Madrid,28751,40.8696868,-3.6083934,"https://www.google.com/maps?q=40.8696868,-3.6083934",Fútbol 11,Hierba Artificial,https://www.rffm.es/campo/2102,2026-08-02T16:20:32.349277+00:00
2103,GUADALIX DE LA SIERRA (HA),CAMINO MAJALGAR S/N,Guadalix De La Sierra,Madrid,28794,40.7866361,-3.6866053,"https://www.google.com/maps?q=40.7866361,-3.6866053",Fútbol 11,Hierba Artificial,https://www.rffm.es/campo/2103,2026-08-02T16:20:32.942158+00:00
2105,MIRAFLORES DE LA SIERRA - MPAL. LA DEHESILLA (HA),AVDA. DE LA CONSTITUCIÓN 30,Miraflores De La Sierra,Madrid,28792,40.81069129999999,-3.7594799,"https://www.google.com/maps?q=40.81069129999999,-3.7594799",Fútbol 11,Hierba Artificial,https://www.rffm.es/campo/2105,2026-08-02T16:20:33.594809+00:00
2106,TORRELAGUNA - PVO. MPAL ANTONIO MARTÍN (HA),CAMINO DE LA SOLEDAD 12,Torrelaguna,Madrid,,,,,Fútbol 7,Hierba Artificial,https://www.rffm.es/campo/2106,2026-08-02T16:20:34.420063+00:00
2107,BUSTARVIEJO (HA),CALLE CUESTA DEL CANTÓN S/N,Bustarviejo,Madrid,28720,40.85770340000001,-3.7189468,"https://www.google.com/maps?q=40.85770340000001,-3.7189468",Fútbol 11,Hierba Artificial,https://www.rffm.es/campo/2107,2026-08-02T16:20:35.044162+00:00
212,ARAVACA - NTRA. SRA. BUEN CAMINO (HA),GLORIETA RIO ZANCARA 1,Madrid,Madrid,28023,40.452637,-3.7797234,"https://www.google.com/maps?q=40.452637,-3.7797234",Fútbol 11,Hierba Artificial,https://www.rffm.es/campo/212,2026-08-02T16:20:36.320365+00:00
21428012,ALCORCON - COL. JUAN PABLO II (futbol sala) ,CALLE DEMOCRACIA S/N,Alcorcón,Madrid,28922,40.3309077,-3.8217832,"https://www.google.com/maps?q=40.3309077,-3.8217832",,,https://www.rffm.es/campo/21428012,2026-08-02T16:20:37.478595+00:00
2201,CERCEDA (HA),CALLE PUENTE MADRID 11 (CERCEDA),Boalo (El),Madrid,28412,40.6977842,-3.9257145,"https://www.google.com/maps?q=40.6977842,-3.9257145",Fútbol 11,Hierba Artificial,https://www.rffm.es/campo/2201,2026-08-02T16:20:42.590489+00:00
2204,EL ESCORIAL - NAVAARMADO (HA),CALLE DE NAVAARMADO S/N,Escorial (El),Madrid,28280,40.5818366,-4.122518200000001,"https://www.google.com/maps?q=40.5818366,-4.122518200000001",Fútbol 11,Hierba Artificial,https://www.rffm.es/campo/2204,2026-08-02T16:20:43.529377+00:00
2205,GUADARRAMA - MUNICIPAL (HA),CALLE DE LOS ESCORIALES 13,Guadarrama,Madrid,28440,40.6644308,-4.0897469,"https://www.google.com/maps?q=40.6644308,-4.0897469",Fútbol 11,Hierba Artificial,https://www.rffm.es/campo/2205,2026-08-02T16:20:43.983782+00:00
2207,ROBLEDO DE CHAVELA (HA),CALLE ERAS DEL CRISTO S/N,Robledo De Chavela,Madrid,28294,40.4982323,-4.2410363,"https://www.google.com/maps?q=40.4982323,-4.2410363",Fútbol 11,Hierba Artificial,https://www.rffm.es/campo/2207,2026-08-02T16:20:44.801956+00:00
22271641,TRES CANTOS - COLEGIO LA MERCED,C/ FUEGO Nº 9,Tres Cantos,Madrid,28760,40.6128721,-3.720395,"https://www.google.com/maps?q=40.6128721,-3.720395",Fútbol 7,Hierba Artificial,https://www.rffm.es/campo/22271641,2026-08-02T16:20:46.448467+00:00
22417872,CD JUAN DE DIOS ROMAN (futbol sala),"CALLE DE JOSE GUTIERREZ MAROTO, 34",Madrid,Madrid,28051,40.3639158,-3.605186099999999,"https://www.google.com/maps?q=40.3639158,-3.605186099999999",,,https://www.rffm.es/campo/22417872,2026-08-02T16:20:47.277386+00:00
22676244,NAVALCARNERO - EL PINAR 2 (H.A.) ,CONIFERAS S/N,Navalcarnero,Madrid,28600,40.3008613,-4.0082563,"https://www.google.com/maps?q=40.3008613,-4.0082563",Fútbol 11,Hierba Artificial,https://www.rffm.es/campo/22676244,2026-08-02T16:20:47.777059+00:00
22791424,MOSTOLES - PAB.MULTIUSOS IVAN - ATHLETIC CLUB MOSTOLES (futbol sala) ,"CAMNIO DE LOS LEÑEROS,27",Móstoles,Madrid,28938,40.2948623,-3.8707624,"https://www.google.com/maps?q=40.2948623,-3.8707624",,,https://www.rffm.es/campo/22791424,2026-08-02T16:20:48.727902+00:00
22935704, COLEGIO GSD. LAS ARTES,C/ GRAN VIA DEL SURESTE Nº 9 (ENSANCHE DE VALLECAS),Madrid,Madrid,28051,40.3645512,-3.5871995,"https://www.google.com/maps?q=40.3645512,-3.5871995",Fútbol 7,Hierba Artificial,https://www.rffm.es/campo/22935704,2026-08-02T16:20:49.291521+00:00
2301,ALDEA DEL FRESNO (HA),CARRETERA DE CHAPINERÍA S/N,Aldea Del Fresno,Madrid,28620,40.3258751,-4.2030043,"https://www.google.com/maps?q=40.3258751,-4.2030043",Fútbol 11,Hierba Artificial,https://www.rffm.es/campo/2301,2026-08-02T16:20:50.251352+00:00
2302,CADALSO DE LOS VIDRIOS (HA),CTRA. DE ROZAS DE PUERTO REAL 24,Cadalso De Los Vidrios,Madrid,28640,40.3018774,-4.4503656,"https://www.google.com/maps?q=40.3018774,-4.4503656",Fútbol 11,Hierba Artificial,https://www.rffm.es/campo/2302,2026-08-02T16:20:50.745984+00:00
2302719,CIUDAD DPTVA. FUND. RAYO VALLECANO 1 (HA),CALLE DEL RAYO VALLECANO DE MADRID 2,Madrid,Madrid,28051,40.3769632,-3.6124013,"https://www.google.com/maps?q=40.3769632,-3.6124013",Fútbol 11,Hierba Artificial,https://www.rffm.es/campo/2302719,2026-08-02T16:20:51.506978+00:00
2304,CHAPINERIA - LAS LAGUNILLAS (HA),AVDA. DEL POLIDEPORTIVO 15,Chapinería,Madrid,28694,40.3822207,-4.2060483,"https://www.google.com/maps?q=40.3822207,-4.2060483",Fútbol 11,Hierba Artificial,https://www.rffm.es/campo/2304,2026-08-02T16:20:52.276685+00:00
2305,NAVAS DEL REY - LA CHOPERA (HA),VÍA OLÍMPICA 7,Navas Del Rey,Madrid,28695,40.38989249999999,-4.248324,"https://www.google.com/maps?q=40.38989249999999,-4.248324",Fútbol 11,Hierba Artificial,https://www.rffm.es/campo/2305,2026-08-02T16:20:52.973482+00:00
2306,PELAYOS DE LA PRESA (HA),AVDA. DEL ARQUITECTO GARCÍA BENITO S/N,Pelayos De La Presa,Madrid,28696,40.363217,-4.3263915,"https://www.google.com/maps?q=40.363217,-4.3263915",Fútbol 11,Hierba Artificial,https://www.rffm.es/campo/2306,2026-08-02T16:20:53.720145+00:00
2307,SAN MARTIN VALDEIGLESIAS (HA),PLAZA DE LOS DEPORTES S/N,San Martín De Valdeiglesias,Madrid,28680,40.3660033,-4.399763099999999,"https://www.google.com/maps?q=40.3660033,-4.399763099999999",Fútbol 11,Hierba Artificial,https://www.rffm.es/campo/2307,2026-08-02T16:20:55.079601+00:00
2308,VILLA DEL PRADO - ALCALDE CARLOS GLEZ. REDONDO (HA),CALLE LA SOLEDAD 6,Villa Del Prado,Madrid,28630,40.2735984,-4.3047802,"https://www.google.com/maps?q=40.2735984,-4.3047802",Fútbol 11,Hierba Artificial,https://www.rffm.es/campo/2308,2026-08-02T16:20:56.140614+00:00
23191186,COLEGIO GREDOS SAN DIEGO VALDEBEBAS ,CALLE DE FELIX CANDELA S/N,Madrid,Madrid,28055,40.4968868,-3.6161433,"https://www.google.com/maps?q=40.4968868,-3.6161433",Fútbol 7,Hierba Artificial,https://www.rffm.es/campo/23191186,2026-08-02T16:20:56.602356+00:00
23289126,ALCALA - COLEGIO GSD ALCALA (H.A.),CALLE OCTAVIO PAZ 29,Alcalá De Henares,Madrid,28809,,,,Fútbol 7,Hierba Artificial,https://www.rffm.es/campo/23289126,2026-08-02T16:20:57.360323+00:00
23331704,MOSTOLES - P.M. EVA MANGUAN (pistas exteriores) (futbol sala) ,calle hermanos pinzon s/n,Móstoles,Madrid,28936,40.3225251,-3.8522535,"https://www.google.com/maps?q=40.3225251,-3.8522535",,,https://www.rffm.es/campo/23331704,2026-08-02T16:20:58.087259+00:00
23644523,ALCORCON - P.M. SANTO DOMINGO (futbol sala),AVENIDA DE ESTEBAN MARQUEZ S/N. Polideportivo,Alcorcón,Madrid,28922,40.3377515,-3.8436129,"https://www.google.com/maps?q=40.3377515,-3.8436129",,,https://www.rffm.es/campo/23644523,2026-08-02T16:20:58.921971+00:00
23762422,VENTURADA - PVO. MUNICIPAL (H.A.),CALLE SAN ISIDRO S/N,Venturada,Madrid,28729,40.8006506,-3.6243873,"https://www.google.com/maps?q=40.8006506,-3.6243873",Fútbol 7,Hierba Artificial,https://www.rffm.es/campo/23762422,2026-08-02T16:20:59.610052+00:00
23796526,CIUDAD DEPORTIVA REAL MADRID,CAMINO DE SINTRA 4,Madrid,Madrid,28055,40.4725174,-3.6116594,"https://www.google.com/maps?q=40.4725174,-3.6116594",,,https://www.rffm.es/campo/23796526,2026-08-02T16:21:00.414234+00:00
24024550,BOADILLA - CLUB LAS ENCINAS (HA) F7,"CTRA. DE POZUELO A BOADILLA Km 4,600",Boadilla Del Monte,Madrid,28660,,,,Fútbol 7,,https://www.rffm.es/campo/24024550,2026-08-02T16:21:01.091601+00:00
2408,VILLAMANTILLA (HA),CALLE DE LOS CEDROS 2,Villamantilla,Madrid,28609,40.3445011,-4.127729,"https://www.google.com/maps?q=40.3445011,-4.127729",Fútbol 11,Hierba Artificial,https://www.rffm.es/campo/2408,2026-08-02T16:21:02.112577+00:00
2502,COLMENAR DE OREJA (HA),CALLE DE MADRID 30,Colmenar De Oreja,Madrid,28380,40.1150927,-3.393485,"https://www.google.com/maps?q=40.1150927,-3.393485",Fútbol 11,Hierba Artificial,https://www.rffm.es/campo/2502,2026-08-02T16:21:02.653452+00:00
2503,VILLACONEJOS (HA),CARRETERA A VILLARRUBIA S/N,Villaconejos,Madrid,28360,40.100457,-3.489385,"https://www.google.com/maps?q=40.100457,-3.489385",Fútbol 11,Hierba Artificial,https://www.rffm.es/campo/2503,2026-08-02T16:21:03.379116+00:00
2508,ARANJUEZ - ENRIQUE MORENO LALO,PASEO DEL DELEITE 7,Aranjuez,Madrid,28300,40.0252521,-3.6120056,"https://www.google.com/maps?q=40.0252521,-3.6120056",Fútbol 11,Hierba Artificial,https://www.rffm.es/campo/2508,2026-08-02T16:21:04.343550+00:00
2510,SAN MARTÍN DE LA VEGA (HA),AVDA. ABOGADOS DE ATOCHA 20,San Martín De La Vega,Madrid,28330,40.2147978,-3.5662837,"https://www.google.com/maps?q=40.2147978,-3.5662837",Fútbol 11,Hierba Artificial,https://www.rffm.es/campo/2510,2026-08-02T16:21:05.108012+00:00
2588592,UNIVERSIDAD ALFONSO X EL SABIO (HA),AVDA. UNIVERSIDAD 1,Villanueva De La Cañada,Madrid,28691,40.455472,-3.982931,"https://www.google.com/maps?q=40.455472,-3.982931",Fútbol 11,Hierba Artificial,https://www.rffm.es/campo/2588592,2026-08-02T16:21:05.773335+00:00
25890848,ALCORCON - P.M. SANTO DOMINGO pista 7 (futbol sala) ,AVENIDA DE ESTEBAN MARQUEZ S/N,Alcorcón,Madrid,28922,40.3377515,-3.8436129,"https://www.google.com/maps?q=40.3377515,-3.8436129",,,https://www.rffm.es/campo/25890848,2026-08-02T16:21:06.384207+00:00
2596943,UNIVERSIDAD FRANCISCO DE VITORIA (HA),"CTRA. DE POZUELO A MAJADAHONDA KM. 1,800",Pozuelo De Alarcón,Madrid,28223,40.442982,-3.83306,"https://www.google.com/maps?q=40.442982,-3.83306",Fútbol 11,Hierba Artificial,https://www.rffm.es/campo/2596943,2026-08-02T16:21:07.178184+00:00
25990799,CIUDAD DPTVA. FUND. RAYO VALLECANO 6 - F7,CALLE DEL RAYO VALLECANO DE MADRID 2,Madrid,Madrid,28051,40.3769436,-3.6124395,"https://www.google.com/maps?q=40.3769436,-3.6124395",Fútbol 7,Hierba Artificial,https://www.rffm.es/campo/25990799,2026-08-02T16:21:08.395183+00:00
2607,RIVAS - EL VIVERO (HA),CALLE PABLO LIMA PRO S/N,Rivas-Vaciamadrid,Madrid,28523,40.3600934,-3.5492531,"https://www.google.com/maps?q=40.3600934,-3.5492531",Fútbol 11,Hierba Artificial,https://www.rffm.es/campo/2607,2026-08-02T16:21:09.225434+00:00
300178,ALCALA - ESPARTALES (HA),ROTONDA PADRE SOLER 37,Alcalá De Henares,Madrid,28805,40.503016,-3.373271,"https://www.google.com/maps?q=40.503016,-3.373271",Fútbol 11,Hierba Artificial,https://www.rffm.es/campo/300178,2026-08-02T16:21:09.944192+00:00
300436,CANODROMO (HA),CALLE VÍA CARPETANA 57,Madrid,Madrid,28019,40.397452,-3.7357944,"https://www.google.com/maps?q=40.397452,-3.7357944",Fútbol 11,Hierba Artificial,https://www.rffm.es/campo/300436,2026-08-02T16:21:10.779434+00:00
300501,CAMPO VALDEBERNARDO 1 (HA) ,"AVDA. DE LA AURORA BOREAL, 4",Madrid,Madrid,28032,40.4002411,-3.6108976,"https://www.google.com/maps?q=40.4002411,-3.6108976",Fútbol 11,Hierba Artificial,https://www.rffm.es/campo/300501,2026-08-02T16:21:11.553158+00:00
305,LOS CARMENES 1 (HA),CALLE ALHAMBRA 37,Madrid,Madrid,28047,40.396904,-3.7436902,"https://www.google.com/maps?q=40.396904,-3.7436902",Fútbol 11,Hierba Artificial,https://www.rffm.es/campo/305,2026-08-02T16:21:12.024362+00:00
305002,ARROYOMOLINOS - PVO. MPAL. LOS MOSQUITOS (HA),CALLE DE SANTANDER 110,Arroyomolinos,Madrid,28939,40.2917684,-3.9135414,"https://www.google.com/maps?q=40.2917684,-3.9135414",Fútbol 11,Hierba Artificial,https://www.rffm.es/campo/305002,2026-08-02T16:21:12.802028+00:00
308,CASTROSERNA (HA),CALLE DE CASTROSERNA S/N,Madrid,Madrid,28047,40.40178179999999,-3.7488698,"https://www.google.com/maps?q=40.40178179999999,-3.7488698",Fútbol 11,Hierba Artificial,https://www.rffm.es/campo/308,2026-08-02T16:21:13.545487+00:00
308321,LAS ROZAS - PVO. DEHESA DE NAVALCARBON 2 (HA),AVDA. NTRA. SRA. DEL RETAMAR 16,Las Rozas de Madrid,Madrid,28232,40.5069984,-3.8895955,"https://www.google.com/maps?q=40.5069984,-3.8895955",Fútbol 11,Hierba Artificial,https://www.rffm.es/campo/308321,2026-08-02T16:21:14.918515+00:00
3083901,POZUELO - LA FINCA (HA),PASEO DEL CLUB DEPORTIVO 4,Pozuelo De Alarcón,Madrid,28223,40.4194466,-3.8048009,"https://www.google.com/maps?q=40.4194466,-3.8048009",Fútbol 7,Hierba Artificial,https://www.rffm.es/campo/3083901,2026-08-02T16:21:15.478506+00:00
309493,S.S. REYES - GABRIEL PEDREGAL 1 (HA) ANT. DEHESA VIEJA,AVENIDA DE LA DEHESA S/N,San Sebastián De Los Reyes,Madrid,28700,40.56619,-3.626749,"https://www.google.com/maps?q=40.56619,-3.626749",Fútbol 11,Hierba Artificial,https://www.rffm.es/campo/309493,2026-08-02T16:21:16.114604+00:00
3095922,CAMPO VALDEBERNARDO 2 (HA),AVDA. DE LA AURORA BOREAL 4,Madrid,Madrid,28032,40.4002411,-3.6108976,"https://www.google.com/maps?q=40.4002411,-3.6108976",Fútbol 11,Hierba Artificial,https://www.rffm.es/campo/3095922,2026-08-02T16:21:16.987075+00:00
314,LOS YEBENES - EUSTASIO CASALLO (HA),CALLE DE LOS YEBENES 137,Madrid,Madrid,28047,40.3938126,-3.750516999999999,"https://www.google.com/maps?q=40.3938126,-3.750516999999999",Fútbol 11,Hierba Artificial,https://www.rffm.es/campo/314,2026-08-02T16:21:17.686927+00:00
316158,MÓSTOLES - ANDRÉS TORREJÓN (HA),CALLE CICLISTA DAVID GEA 3,Móstoles,Madrid,28935,40.3271367,-3.8862393,"https://www.google.com/maps?q=40.3271367,-3.8862393",Fútbol 11,Hierba Artificial,https://www.rffm.es/campo/316158,2026-08-02T16:21:18.358969+00:00
3278201,GUADARRAMA - COLEGIO GREDOS SAN DIEGO (HA),CALLE VEREDA DEL COLMENAR 4,Guadarrama,Madrid,28440,40.666481,-4.096025399999999,"https://www.google.com/maps?q=40.666481,-4.096025399999999",Fútbol 7,Hierba Artificial,https://www.rffm.es/campo/3278201,2026-08-02T16:21:19.963325+00:00
334946,ARGANDA - CIUDAD DEL FUTBOL 1 (HA),CALLE MAR CANTÁBRICO 21 B,Arganda Del Rey,Madrid,28500,40.2924784,-3.4290005,"https://www.google.com/maps?q=40.2924784,-3.4290005",Fútbol 11,Hierba Artificial,https://www.rffm.es/campo/334946,2026-08-02T16:21:20.782960+00:00
3361189,COTORRUELO 1-A,VIA LUSITANA 5,Madrid,Madrid,28025,40.3815817,-3.7239518,"https://www.google.com/maps?q=40.3815817,-3.7239518",Fútbol 7,Hierba Artificial,https://www.rffm.es/campo/3361189,2026-08-02T16:21:21.171539+00:00
3361190,COTORRUELO 1-B,VIA LUSITANA 5,Madrid,Madrid,28025,40.3815817,-3.7239518,"https://www.google.com/maps?q=40.3815817,-3.7239518",Fútbol 7,Hierba Artificial,https://www.rffm.es/campo/3361190,2026-08-02T16:21:22.023977+00:00
3361209,COTORRUELO 2-A,VIA LUSITANA 5,Madrid,Madrid,28025,40.3815817,-3.7239518,"https://www.google.com/maps?q=40.3815817,-3.7239518",Fútbol 7,Hierba Artificial,https://www.rffm.es/campo/3361209,2026-08-02T16:21:22.794208+00:00
3361210,COTORRUELO 2-B,VIA LUSITANA 5,Madrid,Madrid,28025,40.3815817,-3.7239518,"https://www.google.com/maps?q=40.3815817,-3.7239518",Fútbol 7,Hierba Artificial,https://www.rffm.es/campo/3361210,2026-08-02T16:21:23.469593+00:00
3361211,COTORRUELO 3-A,VIA LUSITANA 5,Madrid,Madrid,28025,40.3815817,-3.7239518,"https://www.google.com/maps?q=40.3815817,-3.7239518",Fútbol 7,Hierba Artificial,https://www.rffm.es/campo/3361211,2026-08-02T16:21:24.284042+00:00
3361212,COTORRUELO 3-B,VIA LUSITANA 5,Madrid,Madrid,28025,40.3815817,-3.7239518,"https://www.google.com/maps?q=40.3815817,-3.7239518",Fútbol 7,Hierba Artificial,https://www.rffm.es/campo/3361212,2026-08-02T16:21:25.010508+00:00
346757,IDB DAVID DIEZ DE LA CRUZ (ANTES CC LOS ROSALES - HA),AVDA. DE LOS ROSALES 133,Madrid,Madrid,28021,40.351262,-3.676473099999999,"https://www.google.com/maps?q=40.351262,-3.676473099999999",Fútbol 11,Hierba Artificial,https://www.rffm.es/campo/346757,2026-08-02T16:21:25.765218+00:00
3592915,ALCALA - COLEGIO SAN GABRIEL (HA),AVDA. DE PASIONISTAS 10,Alcalá De Henares,Madrid,28806,40.5083226,-3.3883977,"https://www.google.com/maps?q=40.5083226,-3.3883977",Fútbol 11,Hierba Artificial,https://www.rffm.es/campo/3592915,2026-08-02T16:21:26.810852+00:00
385231,ALCOBENDAS - LICEO EUROPEO (HA),CALLE DEL CAMINO DEL SUR 10,Alcobendas,Madrid,28100,40.5119988,-3.642770199999999,"https://www.google.com/maps?q=40.5119988,-3.642770199999999",Fútbol 11,Hierba Artificial,https://www.rffm.es/campo/385231,2026-08-02T16:21:27.306564+00:00
3923632,OCIO Y DEPORTE CANAL - PARQUE SANTANDER (HA),AVDA. ISLAS FILIPINAS S/N,Madrid,Madrid,28003,40.44068650000001,-3.7084406,"https://www.google.com/maps?q=40.44068650000001,-3.7084406",Fútbol 11,Hierba Artificial,https://www.rffm.es/campo/3923632,2026-08-02T16:21:28.059405+00:00
401,COLEGIO AMOROS (HA),CALLE GÓMEZ DE ARTECHE 28,Madrid,Madrid,28044,40.369196,-3.7558971,"https://www.google.com/maps?q=40.369196,-3.7558971",Fútbol 11,Hierba Artificial,https://www.rffm.es/campo/401,2026-08-02T16:21:28.822185+00:00
404,COTORRUELO I (HA),VIA LUSITANA 5,Madrid,Madrid,28025,40.3815817,-3.7239518,"https://www.google.com/maps?q=40.3815817,-3.7239518",Fútbol 11,Hierba Artificial,https://www.rffm.es/campo/404,2026-08-02T16:21:29.612692+00:00
405,COTORRUELO II (HA),VIA LUSITANA 5,Madrid,Madrid,28025,40.3815817,-3.7239518,"https://www.google.com/maps?q=40.3815817,-3.7239518",Fútbol 11,Hierba Artificial,https://www.rffm.es/campo/405,2026-08-02T16:21:30.584329+00:00
407,COLEGIO AMOROS (HA),CALLE DE JOAQUÍN TURINA 39,Madrid,Madrid,28044,40.371445,-3.757237699999999,"https://www.google.com/maps?q=40.371445,-3.757237699999999",Fútbol 11,Hierba Artificial,https://www.rffm.es/campo/407,2026-08-02T16:21:31.776011+00:00
408,COLONIA ZOFIO (HA),CALLE RICARDO BELTRAN Y ROZPIDE 12,Madrid,Madrid,28026,40.3810285,-3.7181593,"https://www.google.com/maps?q=40.3810285,-3.7181593",Fútbol 11,Hierba Artificial,https://www.rffm.es/campo/408,2026-08-02T16:21:32.286721+00:00
4196765,ALGETE - URBANIZ. STO. DOMINGO (HA),AVDA. DEL GUADALIX S/N (URBANIZ. STO. DOMINGO),Algete,Madrid,28120,40.6285586,-3.5829408,"https://www.google.com/maps?q=40.6285586,-3.5829408",Fútbol 11,Hierba Artificial,https://www.rffm.es/campo/4196765,2026-08-02T16:21:33.372535+00:00
425,PARQUE LAS CRUCES F/7 (HA),CAMINO DE LAS CRUCES 4,Madrid,Madrid,28024,40.375248,-3.7552225,"https://www.google.com/maps?q=40.375248,-3.7552225",Fútbol 7,Hierba Artificial,https://www.rffm.es/campo/425,2026-08-02T16:21:34.238454+00:00
4532747,COLEGIO ESTUDIANTES LAS TABLAS (HA),CALLE FRÓMISTA 1,Madrid,Madrid,28050,40.5090686,-3.6792003,"https://www.google.com/maps?q=40.5090686,-3.6792003",Fútbol 7,Hierba Artificial,https://www.rffm.es/campo/4532747,2026-08-02T16:21:34.722783+00:00
4532771,POLIDEPORTIVO MARIA DE VILLOTA (HA),CALLE ESTEFANITA 3,Madrid,Madrid,28021,40.3476102,-3.6751986,"https://www.google.com/maps?q=40.3476102,-3.6751986",Fútbol 7,Hierba Artificial,https://www.rffm.es/campo/4532771,2026-08-02T16:21:35.543003+00:00
4532965,COLEGIO J.H. NEWMAN (HA),AVDA. DE GUADALAJARA 28,Madrid,Madrid,28032,40.42118790000001,-3.6150129,"https://www.google.com/maps?q=40.42118790000001,-3.6150129",Fútbol 7,Hierba Artificial,https://www.rffm.es/campo/4532965,2026-08-02T16:21:36.830691+00:00
466076,PVO. LAS CRUCES (HA),AVENIDA DE LOS POBLADOS 72,Madrid,Madrid,28044,40.3788628,-3.7566821,"https://www.google.com/maps?q=40.3788628,-3.7566821",Fútbol 11,Hierba Artificial,https://www.rffm.es/campo/466076,2026-08-02T16:21:37.390751+00:00
505,IDB PARQUE LINEAL DEL MANZANARES - VICTORIANO GONZALEZ (H.A.),CALLE DE EMBAJADORES 340 (CAJA MÁGICA),Madrid,Madrid,28053,40.3688321,-3.6844407,"https://www.google.com/maps?q=40.3688321,-3.6844407",Fútbol 11,Hierba Artificial,https://www.rffm.es/campo/505,2026-08-02T16:21:38.101303+00:00
506,SAN CRISTOBAL (HA),CALLE DE ROCAFORT S/N,Madrid,Madrid,28021,40.3415503,-3.6881855,"https://www.google.com/maps?q=40.3415503,-3.6881855",Fútbol 11,Hierba Artificial,https://www.rffm.es/campo/506,2026-08-02T16:21:38.804639+00:00
508,ASOC. VEC. ORCASITAS (H.A.),CAMINO VIEJO DE VILLAVERDE S/N,Madrid,Madrid,28041,40.3695982,-3.7108229,"https://www.google.com/maps?q=40.3695982,-3.7108229",Fútbol 11,Hierba Artificial,https://www.rffm.es/campo/508,2026-08-02T16:21:39.602429+00:00
511,PVO. OROQUIETA - FELIX RUBIO (HA),CALLE DE LA ALIANZA 4,Madrid,Madrid,28041,40.3573143,-3.6917226,"https://www.google.com/maps?q=40.3573143,-3.6917226",Fútbol 11,Hierba Artificial,https://www.rffm.es/campo/511,2026-08-02T16:21:40.340148+00:00
553663,COLEGIO ALAMEDA DE OSUNA (HA),CALLE DE LA RIOJA 1,Madrid,Madrid,28042,40.4552934,-3.5945305,"https://www.google.com/maps?q=40.4552934,-3.5945305",Fútbol 11,Hierba Artificial,https://www.rffm.es/campo/553663,2026-08-02T16:21:41.047652+00:00
560057,ARROYO MEDIA LEGUA (Trece Rosas) - (HA),AVENIDA DE LAS TRECE ROSAS 2,Madrid,Madrid,28017,40.4221006,-3.648098,"https://www.google.com/maps?q=40.4221006,-3.648098",Fútbol 11,Hierba Artificial,https://www.rffm.es/campo/560057,2026-08-02T16:21:41.842321+00:00
605,LA UNION - VALLECAS VILLA (HA),CALLE DE ENRIQUE GARCÍA ÁLVAREZ 65,Madrid,Madrid,28031,40.3837411,-3.6153985,"https://www.google.com/maps?q=40.3837411,-3.6153985",Fútbol 11,Hierba Artificial,https://www.rffm.es/campo/605,2026-08-02T16:21:42.531615+00:00
606,PVO. LA ELIPA (HA),CALLE ALCALDE GARRIDO JUARISTI 17,Madrid,Madrid,28030,40.41603310000001,-3.6560731,"https://www.google.com/maps?q=40.41603310000001,-3.6560731",Fútbol 11,Hierba Artificial,https://www.rffm.es/campo/606,2026-08-02T16:21:43.244493+00:00
608,PVO. LILI ALVAREZ (HA),CALLE DEL CAÑÓN DE RÍO LOBOS 6,Madrid,Madrid,28030,40.4060015,-3.6301604,"https://www.google.com/maps?q=40.4060015,-3.6301604",Fútbol 11,Hierba Artificial,https://www.rffm.es/campo/608,2026-08-02T16:21:44.554819+00:00
609,PVO. MORATALAZ (HA),CALLE VALDEBERNARDO 2,Madrid,Madrid,28030,40.3984386,-3.6323654,"https://www.google.com/maps?q=40.3984386,-3.6323654",Fútbol 11,Hierba Artificial,https://www.rffm.es/campo/609,2026-08-02T16:21:45.113339+00:00
610,NTRA. SRA. DE LA TORRE (HA),CALLE PUERTO DE REINOSA 2,Madrid,Madrid,28031,40.3783613,-3.6171172,"https://www.google.com/maps?q=40.3783613,-3.6171172",Fútbol 11,Hierba Artificial,https://www.rffm.es/campo/610,2026-08-02T16:21:45.731855+00:00
613,JOSE DURAN (HA),AVENIDA DEL PARQUE DE PALOMERAS BAJAS 10,Madrid,Madrid,28018,40.3812367,-3.6653343,"https://www.google.com/maps?q=40.3812367,-3.6653343",Fútbol 11,Hierba Artificial,https://www.rffm.es/campo/613,2026-08-02T16:21:46.522436+00:00
616,COLEGIO TAJAMAR (HA),CALLE DE PÍO FELIPE 12,Madrid,Madrid,28038,40.3968947,-3.6504425,"https://www.google.com/maps?q=40.3968947,-3.6504425",Fútbol 11,Hierba Artificial,https://www.rffm.es/campo/616,2026-08-02T16:21:47.348683+00:00
621,ASOC. VEC. DEL POZO (HA),CALLE REGUERA DE TOMATEROS S/N,Madrid,Madrid,28053,40.3713235,-3.6581242,"https://www.google.com/maps?q=40.3713235,-3.6581242",Fútbol 11,Hierba Artificial,https://www.rffm.es/campo/621,2026-08-02T16:21:48.048211+00:00
626,COLEGIO ARAGON (HA),CALLE ANTONIO MAIRENA 23,Madrid,Madrid,28038,40.3920623,-3.6386559,"https://www.google.com/maps?q=40.3920623,-3.6386559",Fútbol 11,Hierba Artificial,https://www.rffm.es/campo/626,2026-08-02T16:21:48.745335+00:00
678429,PARLA - JAVIER CAMUÑAS (HA),AVDA. DE AMÉRICA S/N,Parla,Madrid,28980,40.232237,-3.761837,"https://www.google.com/maps?q=40.232237,-3.761837",Fútbol 11,Hierba Artificial,https://www.rffm.es/campo/678429,2026-08-02T16:21:49.764115+00:00
680981,COLMENAR VIEJO - CIUDAD DPTVA. J. A. SAMARANCH (HA),AVDA. DE JUAN PABLO II 13,Colmenar Viejo,Madrid,28770,40.6467381,-3.785609999999999,"https://www.google.com/maps?q=40.6467381,-3.785609999999999",Fútbol 11,Hierba Artificial,https://www.rffm.es/campo/680981,2026-08-02T16:21:50.263956+00:00
684932,ALCOBENDAS - COLEGIO ALDOVEA (HA),PASEO DE ALCOBENDAS 3,Alcobendas,Madrid,28100,40.5255314,-3.6308825,"https://www.google.com/maps?q=40.5255314,-3.6308825",Fútbol 11,Hierba Artificial,https://www.rffm.es/campo/684932,2026-08-02T16:21:51.159455+00:00
704,C.D.M. LA CONCEPCIÓN (HA),CALLE DE JOSÉ DEL HIERRO 5,Madrid,Madrid,28027,40.4372497,-3.6484407,"https://www.google.com/maps?q=40.4372497,-3.6484407",Fútbol 11,Hierba Artificial,https://www.rffm.es/campo/704,2026-08-02T16:21:52.047131+00:00
708,NTRA. SRA. DE LA SOLEDAD (H.A.),CALLE DE AYERBE S/N,Madrid,Madrid,28042,40.46981419999999,-3.5793201,"https://www.google.com/maps?q=40.46981419999999,-3.5793201",Fútbol 11,Hierba Artificial,https://www.rffm.es/campo/708,2026-08-02T16:21:52.553644+00:00
709,MUNICIPAL SAN BLAS 1 (HA),AVDA. DE GUADALAJARA 16,Madrid,Madrid,28022,40.4197334,-3.6192439,"https://www.google.com/maps?q=40.4197334,-3.6192439",Fútbol 11,Hierba Artificial,https://www.rffm.es/campo/709,2026-08-02T16:21:53.253386+00:00
711,COLEGIO SANTO DOMINGO SAVIO (HA),CALLE SANTO DOMINGO SAVIO 2,Madrid,Madrid,28017,40.430426,-3.6342289,"https://www.google.com/maps?q=40.430426,-3.6342289",Fútbol 11,Hierba Artificial,https://www.rffm.es/campo/711,2026-08-02T16:21:53.996550+00:00
715,SAN ROQUE (HA),CALLE DE LA BAHIA DE MALAGA 5,Madrid,Madrid,28042,40.4671887,-3.5955373,"https://www.google.com/maps?q=40.4671887,-3.5955373",Fútbol 11,Hierba Artificial,https://www.rffm.es/campo/715,2026-08-02T16:21:54.793216+00:00
716,I.D.B. SAN PASCUAL (HA),CALLE DE ESTEBAN MORA S/N,Madrid,Madrid,28027,40.4384864,-3.6548543,"https://www.google.com/maps?q=40.4384864,-3.6548543",Fútbol 11,Hierba Artificial,https://www.rffm.es/campo/716,2026-08-02T16:21:55.808943+00:00
720,VICALVARADA (HA),CALLE VEREDA DEL PINAR 10,Madrid,Madrid,28032,40.4100816,-3.6071037,"https://www.google.com/maps?q=40.4100816,-3.6071037",Fútbol 11,Hierba Artificial,https://www.rffm.es/campo/720,2026-08-02T16:21:56.262891+00:00
725,PVO. MPAL. SPORTING HORTALEZA (HA),CALLE DE MONÓVAR 8,Madrid,Madrid,28033,40.4781426,-3.6561684,"https://www.google.com/maps?q=40.4781426,-3.6561684",Fútbol 11,Hierba Artificial,https://www.rffm.es/campo/725,2026-08-02T16:21:57.094719+00:00
728029,ALCOBENDAS - FUENTELUCHA (HA),CALLE DE LA FELICIDAD 27,Alcobendas,Madrid,28100,40.5498337,-3.659113799999999,"https://www.google.com/maps?q=40.5498337,-3.659113799999999",Fútbol 11,Hierba Artificial,https://www.rffm.es/campo/728029,2026-08-02T16:21:57.807596+00:00
7685149,VEREDA GANAPANES 2 (HA),CALLE BECERREÁ 4,Madrid,Madrid,28035,40.470647,-3.713545,"https://www.google.com/maps?q=40.470647,-3.713545",Fútbol 11,Hierba Artificial,https://www.rffm.es/campo/7685149,2026-08-02T16:21:58.511982+00:00
801,MUNICIPAL ALAMEDA DE OSUNA (HA),PASEO DE LA ALAMEDA DE OSUNA 46,Madrid,Madrid,28042,40.454366,-3.5996313,"https://www.google.com/maps?q=40.454366,-3.5996313",Fútbol 11,Hierba Artificial,https://www.rffm.es/campo/801,2026-08-02T16:21:59.351523+00:00
806,OLÍMPICO HORTALEZA - LAS CÁRCAVAS (HA),CAMINO DEL MONTORO S/N,Madrid,Madrid,28050,40.4806095,-3.629818799999999,"https://www.google.com/maps?q=40.4806095,-3.629818799999999",Fútbol 11,Hierba Artificial,https://www.rffm.es/campo/806,2026-08-02T16:22:00.002258+00:00
807,SPARTAC MANOTERAS (HA),CALLE TIJOLA S/N,Madrid,Madrid,28033,40.48125,-3.6590153,"https://www.google.com/maps?q=40.48125,-3.6590153",Fútbol 11,Hierba Artificial,https://www.rffm.es/campo/807,2026-08-02T16:22:00.871920+00:00
814,TRIVEMA NAVAL (HA),CALLE DEL VELACHO BAJO S/N,Madrid,Madrid,28033,40.4723815,-3.6578426,"https://www.google.com/maps?q=40.4723815,-3.6578426",Fútbol 11,Hierba Artificial,https://www.rffm.es/campo/814,2026-08-02T16:22:01.894717+00:00
816,CANILLAS (HA),CALLE AGUSTÍN DE ITURBIDE 1,Madrid,Madrid,28043,40.4688312,-3.6487308,"https://www.google.com/maps?q=40.4688312,-3.6487308",Fútbol 11,Hierba Artificial,https://www.rffm.es/campo/816,2026-08-02T16:22:02.414487+00:00
857499,CENTRO DEP. MUN. PEPU HERNANDEZ (HA),AVENIDA DE NIZA S/N,Madrid,Madrid,28022,40.4300214,-3.6070309,"https://www.google.com/maps?q=40.4300214,-3.6070309",Fútbol 11,Hierba Artificial,https://www.rffm.es/campo/857499,2026-08-02T16:22:03.199490+00:00
8802579,ALCOBENDAS - COLEGIO BRAINS (HA),CALLE DE LA SALVIA 48,Alcobendas,Madrid,28109,40.5299591,-3.6314096,"https://www.google.com/maps?q=40.5299591,-3.6314096",Fútbol 7,Hierba Artificial,https://www.rffm.es/campo/8802579,2026-08-02T16:22:04.304730+00:00
8852174,ESC. FUT. CARABANCHEL 2 (HA),VIA LUSITANA 19,Madrid,Madrid,28025,40.3770573,-3.7288408,"https://www.google.com/maps?q=40.3770573,-3.7288408",Fútbol 11,Hierba Artificial,https://www.rffm.es/campo/8852174,2026-08-02T16:22:05.092945+00:00
899063,BOETTICHER - F7 (HA),PASEO TALLERES 1,Madrid,Madrid,28021,40.34871529999999,-3.700349,"https://www.google.com/maps?q=40.34871529999999,-3.700349",Fútbol 7,Hierba Artificial,https://www.rffm.es/campo/899063,2026-08-02T16:22:05.653201+00:00
902437,MEJORADA - NUEVO ESTADIO (HA),CALLE JULIAN BESTEIRO ESQ. CON CALLE MIGUEL ÁNGEL BLANCO,Mejorada Del Campo,Madrid,28840,40.3936585,-3.4772176,"https://www.google.com/maps?q=40.3936585,-3.4772176",Fútbol 11,Hierba Artificial,https://www.rffm.es/campo/902437,2026-08-02T16:22:06.296249+00:00
903,C.D.M. MARQUES DE SAMARANCH (HA),PASEO IMPERIAL 20,Madrid,Madrid,28005,40.4076236,-3.7173636,"https://www.google.com/maps?q=40.4076236,-3.7173636",Fútbol 11,Hierba Artificial,https://www.rffm.es/campo/903,2026-08-02T16:22:07.246769+00:00
980997,GUADARRAMA - COLEGIO SAN AGUSTÍN LOS NEGRALES (HA),CALLE SANTA EMILIA 76,Guadarrama,Madrid,28440,40.6328311,-4.0259331,"https://www.google.com/maps?q=40.6328311,-4.0259331",Fútbol 11,Hierba Artificial,https://www.rffm.es/campo/980997,2026-08-02T16:22:08.013294+00:00
9999,PENDIENTE ASIGNACION CAMPO,,0,,28001,,,,Fútbol 11,,https://www.rffm.es/campo/9999,2026-08-02T16:22:08.550210+00:00
