run_id,timestamp,stage,entity_type,entity_id,source_url,http_status,success,retry_count,parser_type,raw_saved_path,message
56242cf68abc,2026-08-01T09:17:44.150981+00:00,fetch_page,player_ficha,26039181,https://www.rffm.es/fichajugador/26039181?temporada=21,200,True,0,html_next_data,,
56242cf68abc,2026-08-01T09:17:45.017379+00:00,fetch_page,player_ficha,26047106,https://www.rffm.es/fichajugador/26047106?temporada=21,200,True,0,html_next_data,,
56242cf68abc,2026-08-01T09:17:46.480941+00:00,fetch_page,player_ficha,26055346,https://www.rffm.es/fichajugador/26055346?temporada=21,200,True,0,html_next_data,,
56242cf68abc,2026-08-01T09:17:47.248408+00:00,fetch_page,player_ficha,26055859,https://www.rffm.es/fichajugador/26055859?temporada=21,200,True,0,html_next_data,,
56242cf68abc,2026-08-01T09:17:48.631999+00:00,fetch_page,player_ficha,26056753,https://www.rffm.es/fichajugador/26056753?temporada=21,200,True,0,html_next_data,,
56242cf68abc,2026-08-01T09:17:49.752571+00:00,fetch_page,player_ficha,26058422,https://www.rffm.es/fichajugador/26058422?temporada=21,200,True,0,html_next_data,,
56242cf68abc,2026-08-01T09:17:51.031888+00:00,fetch_page,player_ficha,26058537,https://www.rffm.es/fichajugador/26058537?temporada=21,200,True,0,html_next_data,,
56242cf68abc,2026-08-01T09:17:52.267921+00:00,fetch_page,player_ficha,26058628,https://www.rffm.es/fichajugador/26058628?temporada=21,200,True,0,html_next_data,,
56242cf68abc,2026-08-01T09:17:53.512560+00:00,fetch_page,player_ficha,26058852,https://www.rffm.es/fichajugador/26058852?temporada=21,200,True,0,html_next_data,,
56242cf68abc,2026-08-01T09:17:54.768818+00:00,fetch_page,player_ficha,26058990,https://www.rffm.es/fichajugador/26058990?temporada=21,200,True,0,html_next_data,,
56242cf68abc,2026-08-01T09:17:56.029336+00:00,fetch_page,player_ficha,26059004,https://www.rffm.es/fichajugador/26059004?temporada=21,200,True,0,html_next_data,,
56242cf68abc,2026-08-01T09:17:57.248153+00:00,fetch_page,player_ficha,26059382,https://www.rffm.es/fichajugador/26059382?temporada=21,200,True,0,html_next_data,,
56242cf68abc,2026-08-01T09:17:58.508964+00:00,fetch_page,player_ficha,26059430,https://www.rffm.es/fichajugador/26059430?temporada=21,200,True,0,html_next_data,,
56242cf68abc,2026-08-01T09:17:59.772378+00:00,fetch_page,player_ficha,26059460,https://www.rffm.es/fichajugador/26059460?temporada=21,200,True,0,html_next_data,,
56242cf68abc,2026-08-01T09:18:01.010760+00:00,fetch_page,player_ficha,26059972,https://www.rffm.es/fichajugador/26059972?temporada=21,200,True,0,html_next_data,,
56242cf68abc,2026-08-01T09:18:02.190619+00:00,fetch_page,player_ficha,26060010,https://www.rffm.es/fichajugador/26060010?temporada=21,200,True,0,html_next_data,,
56242cf68abc,2026-08-01T09:18:03.770788+00:00,fetch_page,player_ficha,26060023,https://www.rffm.es/fichajugador/26060023?temporada=21,200,True,0,html_next_data,,
56242cf68abc,2026-08-01T09:18:04.870979+00:00,fetch_page,player_ficha,26060055,https://www.rffm.es/fichajugador/26060055?temporada=21,200,True,0,html_next_data,,
56242cf68abc,2026-08-01T09:18:06.034221+00:00,fetch_page,player_ficha,26060112,https://www.rffm.es/fichajugador/26060112?temporada=21,200,True,0,html_next_data,,
56242cf68abc,2026-08-01T09:18:07.295635+00:00,fetch_page,player_ficha,26060293,https://www.rffm.es/fichajugador/26060293?temporada=21,200,True,0,html_next_data,,
56242cf68abc,2026-08-01T09:18:08.511511+00:00,fetch_page,player_ficha,26060344,https://www.rffm.es/fichajugador/26060344?temporada=21,200,True,0,html_next_data,,
56242cf68abc,2026-08-01T09:18:09.853625+00:00,fetch_page,player_ficha,26060400,https://www.rffm.es/fichajugador/26060400?temporada=21,200,True,0,html_next_data,,
56242cf68abc,2026-08-01T09:18:11.016912+00:00,fetch_page,player_ficha,26060948,https://www.rffm.es/fichajugador/26060948?temporada=21,200,True,0,html_next_data,,
56242cf68abc,2026-08-01T09:18:12.286633+00:00,fetch_page,player_ficha,26061224,https://www.rffm.es/fichajugador/26061224?temporada=21,200,True,0,html_next_data,,
56242cf68abc,2026-08-01T09:18:13.510093+00:00,fetch_page,player_ficha,26068978,https://www.rffm.es/fichajugador/26068978?temporada=21,200,True,0,html_next_data,,
56242cf68abc,2026-08-01T09:18:14.772219+00:00,fetch_page,player_ficha,26072664,https://www.rffm.es/fichajugador/26072664?temporada=21,200,True,0,html_next_data,,
56242cf68abc,2026-08-01T09:18:16.266628+00:00,fetch_page,player_ficha,26072846,https://www.rffm.es/fichajugador/26072846?temporada=21,200,True,0,html_next_data,,
56242cf68abc,2026-08-01T09:18:17.257404+00:00,fetch_page,player_ficha,26072872,https://www.rffm.es/fichajugador/26072872?temporada=21,200,True,0,html_next_data,,
56242cf68abc,2026-08-01T09:18:19.009648+00:00,fetch_page,player_ficha,26073188,https://www.rffm.es/fichajugador/26073188?temporada=21,200,True,0,html_next_data,,
56242cf68abc,2026-08-01T09:18:19.796056+00:00,fetch_page,player_ficha,26073231,https://www.rffm.es/fichajugador/26073231?temporada=21,200,True,0,html_next_data,,
56242cf68abc,2026-08-01T09:18:20.994910+00:00,fetch_page,player_ficha,26073270,https://www.rffm.es/fichajugador/26073270?temporada=21,200,True,0,html_next_data,,
56242cf68abc,2026-08-01T09:18:22.266679+00:00,fetch_page,player_ficha,26073293,https://www.rffm.es/fichajugador/26073293?temporada=21,200,True,0,html_next_data,,
56242cf68abc,2026-08-01T09:18:23.507836+00:00,fetch_page,player_ficha,26073304,https://www.rffm.es/fichajugador/26073304?temporada=21,200,True,0,html_next_data,,
56242cf68abc,2026-08-01T09:18:25.169194+00:00,fetch_page,player_ficha,26073350,https://www.rffm.es/fichajugador/26073350?temporada=21,200,True,0,html_next_data,,
56242cf68abc,2026-08-01T09:18:26.307357+00:00,fetch_page,player_ficha,26073374,https://www.rffm.es/fichajugador/26073374?temporada=21,200,True,0,html_next_data,,
56242cf68abc,2026-08-01T09:18:27.379059+00:00,fetch_page,player_ficha,26073943,https://www.rffm.es/fichajugador/26073943?temporada=21,200,True,0,html_next_data,,
56242cf68abc,2026-08-01T09:18:28.850676+00:00,fetch_page,player_ficha,26074007,https://www.rffm.es/fichajugador/26074007?temporada=21,200,True,0,html_next_data,,
56242cf68abc,2026-08-01T09:18:29.749833+00:00,fetch_page,player_ficha,26074101,https://www.rffm.es/fichajugador/26074101?temporada=21,200,True,0,html_next_data,,
56242cf68abc,2026-08-01T09:18:31.005675+00:00,fetch_page,player_ficha,26074143,https://www.rffm.es/fichajugador/26074143?temporada=21,200,True,0,html_next_data,,
56242cf68abc,2026-08-01T09:18:32.896455+00:00,fetch_page,player_ficha,26074618,https://www.rffm.es/fichajugador/26074618?temporada=21,200,True,0,html_next_data,,
56242cf68abc,2026-08-01T09:18:33.531376+00:00,fetch_page,player_ficha,26074689,https://www.rffm.es/fichajugador/26074689?temporada=21,200,True,0,html_next_data,,
56242cf68abc,2026-08-01T09:18:34.771471+00:00,fetch_page,player_ficha,26074780,https://www.rffm.es/fichajugador/26074780?temporada=21,200,True,0,html_next_data,,
56242cf68abc,2026-08-01T09:18:36.425573+00:00,fetch_page,player_ficha,26078270,https://www.rffm.es/fichajugador/26078270?temporada=21,200,True,0,html_next_data,,
56242cf68abc,2026-08-01T09:18:37.266584+00:00,fetch_page,player_ficha,26078330,https://www.rffm.es/fichajugador/26078330?temporada=21,200,True,0,html_next_data,,
56242cf68abc,2026-08-01T09:18:38.496400+00:00,fetch_page,player_ficha,26079387,https://www.rffm.es/fichajugador/26079387?temporada=21,200,True,0,html_next_data,,
56242cf68abc,2026-08-01T09:18:39.949311+00:00,fetch_page,player_ficha,26079430,https://www.rffm.es/fichajugador/26079430?temporada=21,200,True,0,html_next_data,,
56242cf68abc,2026-08-01T09:18:41.455972+00:00,fetch_page,player_ficha,26080710,https://www.rffm.es/fichajugador/26080710?temporada=21,200,True,0,html_next_data,,
56242cf68abc,2026-08-01T09:18:42.265148+00:00,fetch_page,player_ficha,26081264,https://www.rffm.es/fichajugador/26081264?temporada=21,200,True,0,html_next_data,,
56242cf68abc,2026-08-01T09:18:43.796805+00:00,fetch_page,player_ficha,26081349,https://www.rffm.es/fichajugador/26081349?temporada=21,200,True,0,html_next_data,,
56242cf68abc,2026-08-01T09:18:44.938185+00:00,fetch_page,player_ficha,26081414,https://www.rffm.es/fichajugador/26081414?temporada=21,200,True,0,html_next_data,,
56242cf68abc,2026-08-01T09:18:46.120807+00:00,fetch_page,player_ficha,26081451,https://www.rffm.es/fichajugador/26081451?temporada=21,200,True,0,html_next_data,,
56242cf68abc,2026-08-01T09:18:47.629351+00:00,fetch_page,player_ficha,26081652,https://www.rffm.es/fichajugador/26081652?temporada=21,200,True,0,html_next_data,,
56242cf68abc,2026-08-01T09:18:48.806425+00:00,fetch_page,player_ficha,26081733,https://www.rffm.es/fichajugador/26081733?temporada=21,200,True,0,html_next_data,,
56242cf68abc,2026-08-01T09:18:49.735266+00:00,fetch_page,player_ficha,26082897,https://www.rffm.es/fichajugador/26082897?temporada=21,200,True,0,html_next_data,,
56242cf68abc,2026-08-01T09:18:51.042124+00:00,fetch_page,player_ficha,26083356,https://www.rffm.es/fichajugador/26083356?temporada=21,200,True,0,html_next_data,,
56242cf68abc,2026-08-01T09:18:52.294119+00:00,fetch_page,player_ficha,26083377,https://www.rffm.es/fichajugador/26083377?temporada=21,200,True,0,html_next_data,,
56242cf68abc,2026-08-01T09:18:53.505514+00:00,fetch_page,player_ficha,26086230,https://www.rffm.es/fichajugador/26086230?temporada=21,200,True,0,html_next_data,,
56242cf68abc,2026-08-01T09:18:55.156098+00:00,fetch_page,player_ficha,26088464,https://www.rffm.es/fichajugador/26088464?temporada=21,200,True,0,html_next_data,,
56242cf68abc,2026-08-01T09:18:56.009726+00:00,fetch_page,player_ficha,26088655,https://www.rffm.es/fichajugador/26088655?temporada=21,200,True,0,html_next_data,,
56242cf68abc,2026-08-01T09:18:57.255121+00:00,fetch_page,player_ficha,26088863,https://www.rffm.es/fichajugador/26088863?temporada=21,200,True,0,html_next_data,,
56242cf68abc,2026-08-01T09:18:58.520903+00:00,fetch_page,player_ficha,26088905,https://www.rffm.es/fichajugador/26088905?temporada=21,200,True,0,html_next_data,,
56242cf68abc,2026-08-01T09:18:59.752650+00:00,fetch_page,player_ficha,26089014,https://www.rffm.es/fichajugador/26089014?temporada=21,200,True,0,html_next_data,,
56242cf68abc,2026-08-01T09:19:01.020815+00:00,fetch_page,player_ficha,26089135,https://www.rffm.es/fichajugador/26089135?temporada=21,200,True,0,html_next_data,,
56242cf68abc,2026-08-01T09:19:02.325406+00:00,fetch_page,player_ficha,26089965,https://www.rffm.es/fichajugador/26089965?temporada=21,200,True,0,html_next_data,,
56242cf68abc,2026-08-01T09:19:03.530362+00:00,fetch_page,player_ficha,26090953,https://www.rffm.es/fichajugador/26090953?temporada=21,200,True,0,html_next_data,,
56242cf68abc,2026-08-01T09:19:04.955105+00:00,fetch_page,player_ficha,26092884,https://www.rffm.es/fichajugador/26092884?temporada=21,200,True,0,html_next_data,,
56242cf68abc,2026-08-01T09:19:06.144834+00:00,fetch_page,player_ficha,26095945,https://www.rffm.es/fichajugador/26095945?temporada=21,200,True,0,html_next_data,,
56242cf68abc,2026-08-01T09:19:07.270597+00:00,fetch_page,player_ficha,26096434,https://www.rffm.es/fichajugador/26096434?temporada=21,200,True,0,html_next_data,,
56242cf68abc,2026-08-01T09:19:08.864726+00:00,fetch_page,player_ficha,26096707,https://www.rffm.es/fichajugador/26096707?temporada=21,200,True,0,html_next_data,,
56242cf68abc,2026-08-01T09:19:09.767101+00:00,fetch_page,player_ficha,26097598,https://www.rffm.es/fichajugador/26097598?temporada=21,200,True,0,html_next_data,,
56242cf68abc,2026-08-01T09:19:11.071954+00:00,fetch_page,player_ficha,26098531,https://www.rffm.es/fichajugador/26098531?temporada=21,200,True,0,html_next_data,,
56242cf68abc,2026-08-01T09:19:12.266190+00:00,fetch_page,player_ficha,26099076,https://www.rffm.es/fichajugador/26099076?temporada=21,200,True,0,html_next_data,,
56242cf68abc,2026-08-01T09:19:13.566866+00:00,fetch_page,player_ficha,26099197,https://www.rffm.es/fichajugador/26099197?temporada=21,200,True,0,html_next_data,,
56242cf68abc,2026-08-01T09:19:14.770528+00:00,fetch_page,player_ficha,26099282,https://www.rffm.es/fichajugador/26099282?temporada=21,200,True,0,html_next_data,,
56242cf68abc,2026-08-01T09:19:16.031714+00:00,fetch_page,player_ficha,26100232,https://www.rffm.es/fichajugador/26100232?temporada=21,200,True,0,html_next_data,,
56242cf68abc,2026-08-01T09:19:17.259235+00:00,fetch_page,player_ficha,26100294,https://www.rffm.es/fichajugador/26100294?temporada=21,200,True,0,html_next_data,,
56242cf68abc,2026-08-01T09:19:18.515191+00:00,fetch_page,player_ficha,26100578,https://www.rffm.es/fichajugador/26100578?temporada=21,200,True,0,html_next_data,,
56242cf68abc,2026-08-01T09:19:19.864945+00:00,fetch_page,player_ficha,26101840,https://www.rffm.es/fichajugador/26101840?temporada=21,200,True,0,html_next_data,,
56242cf68abc,2026-08-01T09:19:21.027516+00:00,fetch_page,player_ficha,26101956,https://www.rffm.es/fichajugador/26101956?temporada=21,200,True,0,html_next_data,,
56242cf68abc,2026-08-01T09:19:22.305899+00:00,fetch_page,player_ficha,26102160,https://www.rffm.es/fichajugador/26102160?temporada=21,200,True,0,html_next_data,,
56242cf68abc,2026-08-01T09:19:23.539629+00:00,fetch_page,player_ficha,26102255,https://www.rffm.es/fichajugador/26102255?temporada=21,200,True,0,html_next_data,,
56242cf68abc,2026-08-01T09:19:24.790556+00:00,fetch_page,player_ficha,26102283,https://www.rffm.es/fichajugador/26102283?temporada=21,200,True,0,html_next_data,,
56242cf68abc,2026-08-01T09:19:26.574692+00:00,fetch_page,player_ficha,26102322,https://www.rffm.es/fichajugador/26102322?temporada=21,200,True,0,html_next_data,,
56242cf68abc,2026-08-01T09:19:27.298313+00:00,fetch_page,player_ficha,26102397,https://www.rffm.es/fichajugador/26102397?temporada=21,200,True,0,html_next_data,,
56242cf68abc,2026-08-01T09:19:28.980142+00:00,fetch_page,player_ficha,26102596,https://www.rffm.es/fichajugador/26102596?temporada=21,200,True,0,html_next_data,,
56242cf68abc,2026-08-01T09:19:30.221584+00:00,fetch_page,player_ficha,26102980,https://www.rffm.es/fichajugador/26102980?temporada=21,200,True,0,html_next_data,,
56242cf68abc,2026-08-01T09:19:31.031140+00:00,fetch_page,player_ficha,26103125,https://www.rffm.es/fichajugador/26103125?temporada=21,200,True,0,html_next_data,,
56242cf68abc,2026-08-01T09:19:32.266514+00:00,fetch_page,player_ficha,26103929,https://www.rffm.es/fichajugador/26103929?temporada=21,200,True,0,html_next_data,,
56242cf68abc,2026-08-01T09:19:33.764117+00:00,fetch_page,player_ficha,26104558,https://www.rffm.es/fichajugador/26104558?temporada=21,200,True,0,html_next_data,,
56242cf68abc,2026-08-01T09:19:35.074065+00:00,fetch_page,player_ficha,26105046,https://www.rffm.es/fichajugador/26105046?temporada=21,200,True,0,html_next_data,,
56242cf68abc,2026-08-01T09:19:36.166594+00:00,fetch_page,player_ficha,26105101,https://www.rffm.es/fichajugador/26105101?temporada=21,200,True,0,html_next_data,,
56242cf68abc,2026-08-01T09:19:37.269717+00:00,fetch_page,player_ficha,26105548,https://www.rffm.es/fichajugador/26105548?temporada=21,200,True,0,html_next_data,,
56242cf68abc,2026-08-01T09:19:38.509811+00:00,fetch_page,player_ficha,26105589,https://www.rffm.es/fichajugador/26105589?temporada=21,200,True,0,html_next_data,,
56242cf68abc,2026-08-01T09:19:39.764132+00:00,fetch_page,player_ficha,26105601,https://www.rffm.es/fichajugador/26105601?temporada=21,200,True,0,html_next_data,,
56242cf68abc,2026-08-01T09:19:41.017337+00:00,fetch_page,player_ficha,26106199,https://www.rffm.es/fichajugador/26106199?temporada=21,200,True,0,html_next_data,,
56242cf68abc,2026-08-01T09:19:42.292596+00:00,fetch_page,player_ficha,26106225,https://www.rffm.es/fichajugador/26106225?temporada=21,200,True,0,html_next_data,,
56242cf68abc,2026-08-01T09:19:43.810159+00:00,fetch_page,player_ficha,26106285,https://www.rffm.es/fichajugador/26106285?temporada=21,200,True,0,html_next_data,,
56242cf68abc,2026-08-01T09:19:44.924124+00:00,fetch_page,player_ficha,26106607,https://www.rffm.es/fichajugador/26106607?temporada=21,200,True,0,html_next_data,,
56242cf68abc,2026-08-01T09:19:46.326691+00:00,fetch_page,player_ficha,26106649,https://www.rffm.es/fichajugador/26106649?temporada=21,200,True,0,html_next_data,,
56242cf68abc,2026-08-01T09:19:47.300969+00:00,fetch_page,player_ficha,26107024,https://www.rffm.es/fichajugador/26107024?temporada=21,200,True,0,html_next_data,,
56242cf68abc,2026-08-01T09:19:49.119964+00:00,fetch_page,player_ficha,26107593,https://www.rffm.es/fichajugador/26107593?temporada=21,200,True,0,html_next_data,,
56242cf68abc,2026-08-01T09:19:50.379922+00:00,fetch_page,player_ficha,26109401,https://www.rffm.es/fichajugador/26109401?temporada=21,200,True,0,html_next_data,,
56242cf68abc,2026-08-01T09:19:51.099853+00:00,fetch_page,player_ficha,26109659,https://www.rffm.es/fichajugador/26109659?temporada=21,200,True,0,html_next_data,,
56242cf68abc,2026-08-01T09:19:52.323414+00:00,fetch_page,player_ficha,26119550,https://www.rffm.es/fichajugador/26119550?temporada=21,200,True,0,html_next_data,,
56242cf68abc,2026-08-01T09:19:53.979658+00:00,fetch_page,player_ficha,26120711,https://www.rffm.es/fichajugador/26120711?temporada=21,200,True,0,html_next_data,,
56242cf68abc,2026-08-01T09:19:54.783328+00:00,fetch_page,player_ficha,26120966,https://www.rffm.es/fichajugador/26120966?temporada=21,200,True,0,html_next_data,,
56242cf68abc,2026-08-01T09:19:56.033632+00:00,fetch_page,player_ficha,26121355,https://www.rffm.es/fichajugador/26121355?temporada=21,200,True,0,html_next_data,,
56242cf68abc,2026-08-01T09:19:57.354471+00:00,fetch_page,player_ficha,26121467,https://www.rffm.es/fichajugador/26121467?temporada=21,200,True,0,html_next_data,,
56242cf68abc,2026-08-01T09:19:58.542489+00:00,fetch_page,player_ficha,26121586,https://www.rffm.es/fichajugador/26121586?temporada=21,200,True,0,html_next_data,,
56242cf68abc,2026-08-01T09:20:00.324574+00:00,fetch_page,player_ficha,26121701,https://www.rffm.es/fichajugador/26121701?temporada=21,200,True,0,html_next_data,,
56242cf68abc,2026-08-01T09:20:01.020102+00:00,fetch_page,player_ficha,26122151,https://www.rffm.es/fichajugador/26122151?temporada=21,200,True,0,html_next_data,,
56242cf68abc,2026-08-01T09:20:02.963544+00:00,fetch_page,player_ficha,26125063,https://www.rffm.es/fichajugador/26125063?temporada=21,200,True,0,html_next_data,,
56242cf68abc,2026-08-01T09:20:03.665425+00:00,fetch_page,player_ficha,26127427,https://www.rffm.es/fichajugador/26127427?temporada=21,200,True,0,html_next_data,,
56242cf68abc,2026-08-01T09:20:04.835081+00:00,fetch_page,player_ficha,26127590,https://www.rffm.es/fichajugador/26127590?temporada=21,200,True,0,html_next_data,,
56242cf68abc,2026-08-01T09:20:06.024654+00:00,fetch_page,player_ficha,26128167,https://www.rffm.es/fichajugador/26128167?temporada=21,200,True,0,html_next_data,,
56242cf68abc,2026-08-01T09:20:07.515831+00:00,fetch_page,player_ficha,26128865,https://www.rffm.es/fichajugador/26128865?temporada=21,200,True,0,html_next_data,,
56242cf68abc,2026-08-01T09:20:08.964629+00:00,fetch_page,player_ficha,26131784,https://www.rffm.es/fichajugador/26131784?temporada=21,200,True,0,html_next_data,,
56242cf68abc,2026-08-01T09:20:09.834236+00:00,fetch_page,player_ficha,26135716,https://www.rffm.es/fichajugador/26135716?temporada=21,200,True,0,html_next_data,,
56242cf68abc,2026-08-01T09:20:11.023063+00:00,fetch_page,player_ficha,26136378,https://www.rffm.es/fichajugador/26136378?temporada=21,200,True,0,html_next_data,,
56242cf68abc,2026-08-01T09:20:12.797140+00:00,fetch_page,player_ficha,26136444,https://www.rffm.es/fichajugador/26136444?temporada=21,200,True,0,html_next_data,,
56242cf68abc,2026-08-01T09:20:13.534598+00:00,fetch_page,player_ficha,26136575,https://www.rffm.es/fichajugador/26136575?temporada=21,200,True,0,html_next_data,,
56242cf68abc,2026-08-01T09:20:14.801865+00:00,fetch_page,player_ficha,26136672,https://www.rffm.es/fichajugador/26136672?temporada=21,200,True,0,html_next_data,,
56242cf68abc,2026-08-01T09:20:16.133853+00:00,fetch_page,player_ficha,26136961,https://www.rffm.es/fichajugador/26136961?temporada=21,200,True,0,html_next_data,,
56242cf68abc,2026-08-01T09:20:17.532315+00:00,fetch_page,player_ficha,26138286,https://www.rffm.es/fichajugador/26138286?temporada=21,200,True,0,html_next_data,,
56242cf68abc,2026-08-01T09:20:19.018526+00:00,fetch_page,player_ficha,26143867,https://www.rffm.es/fichajugador/26143867?temporada=21,200,True,0,html_next_data,,
56242cf68abc,2026-08-01T09:20:19.838415+00:00,fetch_page,player_ficha,26144184,https://www.rffm.es/fichajugador/26144184?temporada=21,200,True,0,html_next_data,,
56242cf68abc,2026-08-01T09:20:21.068603+00:00,fetch_page,player_ficha,26144504,https://www.rffm.es/fichajugador/26144504?temporada=21,200,True,0,html_next_data,,
56242cf68abc,2026-08-01T09:20:22.758348+00:00,fetch_page,player_ficha,26146553,https://www.rffm.es/fichajugador/26146553?temporada=21,200,True,0,html_next_data,,
56242cf68abc,2026-08-01T09:20:23.541184+00:00,fetch_page,player_ficha,26148679,https://www.rffm.es/fichajugador/26148679?temporada=21,200,True,0,html_next_data,,
56242cf68abc,2026-08-01T09:20:24.824600+00:00,fetch_page,player_ficha,26148992,https://www.rffm.es/fichajugador/26148992?temporada=21,200,True,0,html_next_data,,
56242cf68abc,2026-08-01T09:20:26.140036+00:00,fetch_page,player_ficha,26149128,https://www.rffm.es/fichajugador/26149128?temporada=21,200,True,0,html_next_data,,
56242cf68abc,2026-08-01T09:20:27.283114+00:00,fetch_page,player_ficha,26151266,https://www.rffm.es/fichajugador/26151266?temporada=21,200,True,0,html_next_data,,
56242cf68abc,2026-08-01T09:20:29.209393+00:00,fetch_page,player_ficha,26151814,https://www.rffm.es/fichajugador/26151814?temporada=21,200,True,0,html_next_data,,
56242cf68abc,2026-08-01T09:20:30.059663+00:00,fetch_page,player_ficha,26151824,https://www.rffm.es/fichajugador/26151824?temporada=21,200,True,0,html_next_data,,
56242cf68abc,2026-08-01T09:20:31.074276+00:00,fetch_page,player_ficha,26151844,https://www.rffm.es/fichajugador/26151844?temporada=21,200,True,0,html_next_data,,
56242cf68abc,2026-08-01T09:20:32.336724+00:00,fetch_page,player_ficha,26155821,https://www.rffm.es/fichajugador/26155821?temporada=21,200,True,0,html_next_data,,
56242cf68abc,2026-08-01T09:20:33.688694+00:00,fetch_page,player_ficha,26159728,https://www.rffm.es/fichajugador/26159728?temporada=21,200,True,0,html_next_data,,
56242cf68abc,2026-08-01T09:20:34.864875+00:00,fetch_page,player_ficha,26161698,https://www.rffm.es/fichajugador/26161698?temporada=21,200,True,0,html_next_data,,
56242cf68abc,2026-08-01T09:20:36.040434+00:00,fetch_page,player_ficha,26161741,https://www.rffm.es/fichajugador/26161741?temporada=21,200,True,0,html_next_data,,
56242cf68abc,2026-08-01T09:20:37.694651+00:00,fetch_page,player_ficha,26161752,https://www.rffm.es/fichajugador/26161752?temporada=21,200,True,0,html_next_data,,
56242cf68abc,2026-08-01T09:20:38.812560+00:00,fetch_page,player_ficha,26161833,https://www.rffm.es/fichajugador/26161833?temporada=21,200,True,0,html_next_data,,
56242cf68abc,2026-08-01T09:20:39.844593+00:00,fetch_page,player_ficha,26161868,https://www.rffm.es/fichajugador/26161868?temporada=21,200,True,0,html_next_data,,
56242cf68abc,2026-08-01T09:20:41.080158+00:00,fetch_page,player_ficha,26162183,https://www.rffm.es/fichajugador/26162183?temporada=21,200,True,0,html_next_data,,
56242cf68abc,2026-08-01T09:20:42.328095+00:00,fetch_page,player_ficha,26162899,https://www.rffm.es/fichajugador/26162899?temporada=21,200,True,0,html_next_data,,
56242cf68abc,2026-08-01T09:20:43.533162+00:00,fetch_page,player_ficha,26162923,https://www.rffm.es/fichajugador/26162923?temporada=21,200,True,0,html_next_data,,
56242cf68abc,2026-08-01T09:20:44.789605+00:00,fetch_page,player_ficha,26163122,https://www.rffm.es/fichajugador/26163122?temporada=21,200,True,0,html_next_data,,
56242cf68abc,2026-08-01T09:20:46.071480+00:00,fetch_page,player_ficha,26164925,https://www.rffm.es/fichajugador/26164925?temporada=21,200,True,0,html_next_data,,
56242cf68abc,2026-08-01T09:20:47.423108+00:00,fetch_page,player_ficha,26165438,https://www.rffm.es/fichajugador/26165438?temporada=21,200,True,0,html_next_data,,
56242cf68abc,2026-08-01T09:20:48.541572+00:00,fetch_page,player_ficha,26168798,https://www.rffm.es/fichajugador/26168798?temporada=21,200,True,0,html_next_data,,
56242cf68abc,2026-08-01T09:20:49.801927+00:00,fetch_page,player_ficha,26170378,https://www.rffm.es/fichajugador/26170378?temporada=21,200,True,0,html_next_data,,
56242cf68abc,2026-08-01T09:20:51.064630+00:00,fetch_page,player_ficha,26170482,https://www.rffm.es/fichajugador/26170482?temporada=21,200,True,0,html_next_data,,
56242cf68abc,2026-08-01T09:20:52.285238+00:00,fetch_page,player_ficha,26170897,https://www.rffm.es/fichajugador/26170897?temporada=21,200,True,0,html_next_data,,
56242cf68abc,2026-08-01T09:20:53.582979+00:00,fetch_page,player_ficha,26172143,https://www.rffm.es/fichajugador/26172143?temporada=21,200,True,0,html_next_data,,
56242cf68abc,2026-08-01T09:20:54.798603+00:00,fetch_page,player_ficha,26174102,https://www.rffm.es/fichajugador/26174102?temporada=21,200,True,0,html_next_data,,
56242cf68abc,2026-08-01T09:20:56.071509+00:00,fetch_page,player_ficha,26175161,https://www.rffm.es/fichajugador/26175161?temporada=21,200,True,0,html_next_data,,
56242cf68abc,2026-08-01T09:20:57.509494+00:00,fetch_page,player_ficha,26177045,https://www.rffm.es/fichajugador/26177045?temporada=21,200,True,0,html_next_data,,
56242cf68abc,2026-08-01T09:20:58.556387+00:00,fetch_page,player_ficha,26177254,https://www.rffm.es/fichajugador/26177254?temporada=21,200,True,0,html_next_data,,
56242cf68abc,2026-08-01T09:20:59.781855+00:00,fetch_page,player_ficha,26177421,https://www.rffm.es/fichajugador/26177421?temporada=21,200,True,0,html_next_data,,
56242cf68abc,2026-08-01T09:21:01.038130+00:00,fetch_page,player_ficha,26177872,https://www.rffm.es/fichajugador/26177872?temporada=21,200,True,0,html_next_data,,
56242cf68abc,2026-08-01T09:21:02.600863+00:00,fetch_page,player_ficha,26183640,https://www.rffm.es/fichajugador/26183640?temporada=21,200,True,0,html_next_data,,
56242cf68abc,2026-08-01T09:21:03.668675+00:00,fetch_page,player_ficha,26187651,https://www.rffm.es/fichajugador/26187651?temporada=21,200,True,0,html_next_data,,
56242cf68abc,2026-08-01T09:21:04.836641+00:00,fetch_page,player_ficha,26193005,https://www.rffm.es/fichajugador/26193005?temporada=21,200,True,0,html_next_data,,
56242cf68abc,2026-08-01T09:21:06.042947+00:00,fetch_page,player_ficha,26193764,https://www.rffm.es/fichajugador/26193764?temporada=21,200,True,0,html_next_data,,
56242cf68abc,2026-08-01T09:21:07.344698+00:00,fetch_page,player_ficha,26193921,https://www.rffm.es/fichajugador/26193921?temporada=21,200,True,0,html_next_data,,
56242cf68abc,2026-08-01T09:21:08.536092+00:00,fetch_page,player_ficha,26194429,https://www.rffm.es/fichajugador/26194429?temporada=21,200,True,0,html_next_data,,
56242cf68abc,2026-08-01T09:21:09.983432+00:00,fetch_page,player_ficha,26195867,https://www.rffm.es/fichajugador/26195867?temporada=21,200,True,0,html_next_data,,
56242cf68abc,2026-08-01T09:21:11.058982+00:00,fetch_page,player_ficha,26197446,https://www.rffm.es/fichajugador/26197446?temporada=21,200,True,0,html_next_data,,
56242cf68abc,2026-08-01T09:21:12.319417+00:00,fetch_page,player_ficha,26197978,https://www.rffm.es/fichajugador/26197978?temporada=21,200,True,0,html_next_data,,
56242cf68abc,2026-08-01T09:21:13.589867+00:00,fetch_page,player_ficha,26199647,https://www.rffm.es/fichajugador/26199647?temporada=21,200,True,0,html_next_data,,
56242cf68abc,2026-08-01T09:21:15.301265+00:00,fetch_page,player_ficha,26199660,https://www.rffm.es/fichajugador/26199660?temporada=21,200,True,0,html_next_data,,
56242cf68abc,2026-08-01T09:21:16.044776+00:00,fetch_page,player_ficha,26199680,https://www.rffm.es/fichajugador/26199680?temporada=21,200,True,0,html_next_data,,
56242cf68abc,2026-08-01T09:21:17.413954+00:00,fetch_page,player_ficha,26202161,https://www.rffm.es/fichajugador/26202161?temporada=21,200,True,0,html_next_data,,
56242cf68abc,2026-08-01T09:21:18.537732+00:00,fetch_page,player_ficha,26202288,https://www.rffm.es/fichajugador/26202288?temporada=21,200,True,0,html_next_data,,
56242cf68abc,2026-08-01T09:21:19.807030+00:00,fetch_page,player_ficha,26205718,https://www.rffm.es/fichajugador/26205718?temporada=21,200,True,0,html_next_data,,
56242cf68abc,2026-08-01T09:21:21.160680+00:00,fetch_page,player_ficha,26205819,https://www.rffm.es/fichajugador/26205819?temporada=21,200,True,0,html_next_data,,
56242cf68abc,2026-08-01T09:21:22.420911+00:00,fetch_page,player_ficha,26205909,https://www.rffm.es/fichajugador/26205909?temporada=21,200,True,0,html_next_data,,
56242cf68abc,2026-08-01T09:21:23.636660+00:00,fetch_page,player_ficha,26206162,https://www.rffm.es/fichajugador/26206162?temporada=21,200,True,0,html_next_data,,
56242cf68abc,2026-08-01T09:21:24.828431+00:00,fetch_page,player_ficha,26208153,https://www.rffm.es/fichajugador/26208153?temporada=21,200,True,0,html_next_data,,
56242cf68abc,2026-08-01T09:21:26.055139+00:00,fetch_page,player_ficha,26208252,https://www.rffm.es/fichajugador/26208252?temporada=21,200,True,0,html_next_data,,
56242cf68abc,2026-08-01T09:21:27.495794+00:00,fetch_page,player_ficha,26208624,https://www.rffm.es/fichajugador/26208624?temporada=21,200,True,0,html_next_data,,
56242cf68abc,2026-08-01T09:21:28.568223+00:00,fetch_page,player_ficha,26225602,https://www.rffm.es/fichajugador/26225602?temporada=21,200,True,0,html_next_data,,
56242cf68abc,2026-08-01T09:21:29.868848+00:00,fetch_page,player_ficha,26226130,https://www.rffm.es/fichajugador/26226130?temporada=21,200,True,0,html_next_data,,
56242cf68abc,2026-08-01T09:21:31.055276+00:00,fetch_page,player_ficha,26227682,https://www.rffm.es/fichajugador/26227682?temporada=21,200,True,0,html_next_data,,
56242cf68abc,2026-08-01T09:21:32.328761+00:00,fetch_page,player_ficha,26227783,https://www.rffm.es/fichajugador/26227783?temporada=21,200,True,0,html_next_data,,
56242cf68abc,2026-08-01T09:21:33.546663+00:00,fetch_page,player_ficha,26233184,https://www.rffm.es/fichajugador/26233184?temporada=21,200,True,0,html_next_data,,
56242cf68abc,2026-08-01T09:21:35.098897+00:00,fetch_page,player_ficha,26233362,https://www.rffm.es/fichajugador/26233362?temporada=21,200,True,0,html_next_data,,
56242cf68abc,2026-08-01T09:21:36.039936+00:00,fetch_page,player_ficha,26233522,https://www.rffm.es/fichajugador/26233522?temporada=21,200,True,0,html_next_data,,
56242cf68abc,2026-08-01T09:21:37.820265+00:00,fetch_page,player_ficha,26233649,https://www.rffm.es/fichajugador/26233649?temporada=21,200,True,0,html_next_data,,
56242cf68abc,2026-08-01T09:21:39.116354+00:00,fetch_page,player_ficha,26234276,https://www.rffm.es/fichajugador/26234276?temporada=21,200,True,0,html_next_data,,
56242cf68abc,2026-08-01T09:21:39.781661+00:00,fetch_page,player_ficha,26234977,https://www.rffm.es/fichajugador/26234977?temporada=21,200,True,0,html_next_data,,
56242cf68abc,2026-08-01T09:21:41.053615+00:00,fetch_page,player_ficha,26244951,https://www.rffm.es/fichajugador/26244951?temporada=21,200,True,0,html_next_data,,
56242cf68abc,2026-08-01T09:21:42.306092+00:00,fetch_page,player_ficha,26248040,https://www.rffm.es/fichajugador/26248040?temporada=21,200,True,0,html_next_data,,
56242cf68abc,2026-08-01T09:21:43.534836+00:00,fetch_page,player_ficha,26249337,https://www.rffm.es/fichajugador/26249337?temporada=21,200,True,0,html_next_data,,
56242cf68abc,2026-08-01T09:21:44.816909+00:00,fetch_page,player_ficha,26252809,https://www.rffm.es/fichajugador/26252809?temporada=21,200,True,0,html_next_data,,
56242cf68abc,2026-08-01T09:21:46.212324+00:00,fetch_page,player_ficha,26252821,https://www.rffm.es/fichajugador/26252821?temporada=21,200,True,0,html_next_data,,
56242cf68abc,2026-08-01T09:21:47.320315+00:00,fetch_page,player_ficha,26252841,https://www.rffm.es/fichajugador/26252841?temporada=21,200,True,0,html_next_data,,
56242cf68abc,2026-08-01T09:21:48.554256+00:00,fetch_page,player_ficha,26255666,https://www.rffm.es/fichajugador/26255666?temporada=21,200,True,0,html_next_data,,
56242cf68abc,2026-08-01T09:21:50.258397+00:00,fetch_page,player_ficha,26256148,https://www.rffm.es/fichajugador/26256148?temporada=21,200,True,0,html_next_data,,
56242cf68abc,2026-08-01T09:21:51.401363+00:00,fetch_page,player_ficha,26259457,https://www.rffm.es/fichajugador/26259457?temporada=21,200,True,0,html_next_data,,
56242cf68abc,2026-08-01T09:21:52.325897+00:00,fetch_page,player_ficha,26270517,https://www.rffm.es/fichajugador/26270517?temporada=21,200,True,0,html_next_data,,
56242cf68abc,2026-08-01T09:21:54.379451+00:00,fetch_page,player_ficha,26270767,https://www.rffm.es/fichajugador/26270767?temporada=21,200,True,0,html_next_data,,
56242cf68abc,2026-08-01T09:21:54.849198+00:00,fetch_page,player_ficha,26270811,https://www.rffm.es/fichajugador/26270811?temporada=21,200,True,0,html_next_data,,
56242cf68abc,2026-08-01T09:21:56.169298+00:00,fetch_page,player_ficha,26270936,https://www.rffm.es/fichajugador/26270936?temporada=21,200,True,0,html_next_data,,
56242cf68abc,2026-08-01T09:21:57.319463+00:00,fetch_page,player_ficha,26273443,https://www.rffm.es/fichajugador/26273443?temporada=21,200,True,0,html_next_data,,
56242cf68abc,2026-08-01T09:21:58.576420+00:00,fetch_page,player_ficha,26277310,https://www.rffm.es/fichajugador/26277310?temporada=21,200,True,0,html_next_data,,
56242cf68abc,2026-08-01T09:21:59.798737+00:00,fetch_page,player_ficha,26279071,https://www.rffm.es/fichajugador/26279071?temporada=21,200,True,0,html_next_data,,
56242cf68abc,2026-08-01T09:22:01.059180+00:00,fetch_page,player_ficha,26282074,https://www.rffm.es/fichajugador/26282074?temporada=21,200,True,0,html_next_data,,
56242cf68abc,2026-08-01T09:22:02.934722+00:00,fetch_page,player_ficha,26284853,https://www.rffm.es/fichajugador/26284853?temporada=21,200,True,0,html_next_data,,
56242cf68abc,2026-08-01T09:22:03.556731+00:00,fetch_page,player_ficha,26285112,https://www.rffm.es/fichajugador/26285112?temporada=21,200,True,0,html_next_data,,
56242cf68abc,2026-08-01T09:22:05.131183+00:00,fetch_page,player_ficha,26289546,https://www.rffm.es/fichajugador/26289546?temporada=21,200,True,0,html_next_data,,
56242cf68abc,2026-08-01T09:22:06.117299+00:00,fetch_page,player_ficha,26291437,https://www.rffm.es/fichajugador/26291437?temporada=21,200,True,0,html_next_data,,
56242cf68abc,2026-08-01T09:22:07.333097+00:00,fetch_page,player_ficha,26293124,https://www.rffm.es/fichajugador/26293124?temporada=21,200,True,0,html_next_data,,
56242cf68abc,2026-08-01T09:22:08.666432+00:00,fetch_page,player_ficha,26294489,https://www.rffm.es/fichajugador/26294489?temporada=21,200,True,0,html_next_data,,
56242cf68abc,2026-08-01T09:22:09.796200+00:00,fetch_page,player_ficha,26294642,https://www.rffm.es/fichajugador/26294642?temporada=21,200,True,0,html_next_data,,
56242cf68abc,2026-08-01T09:22:11.081163+00:00,fetch_page,player_ficha,26296041,https://www.rffm.es/fichajugador/26296041?temporada=21,200,True,0,html_next_data,,
56242cf68abc,2026-08-01T09:22:12.316404+00:00,fetch_page,player_ficha,26296561,https://www.rffm.es/fichajugador/26296561?temporada=21,200,True,0,html_next_data,,
56242cf68abc,2026-08-01T09:22:13.592534+00:00,fetch_page,player_ficha,26303979,https://www.rffm.es/fichajugador/26303979?temporada=21,200,True,0,html_next_data,,
56242cf68abc,2026-08-01T09:22:14.804244+00:00,fetch_page,player_ficha,26304068,https://www.rffm.es/fichajugador/26304068?temporada=21,200,True,0,html_next_data,,
56242cf68abc,2026-08-01T09:22:16.071367+00:00,fetch_page,player_ficha,26304571,https://www.rffm.es/fichajugador/26304571?temporada=21,200,True,0,html_next_data,,
56242cf68abc,2026-08-01T09:22:17.428685+00:00,fetch_page,player_ficha,26304801,https://www.rffm.es/fichajugador/26304801?temporada=21,200,True,0,html_next_data,,
56242cf68abc,2026-08-01T09:22:18.556728+00:00,fetch_page,player_ficha,26304832,https://www.rffm.es/fichajugador/26304832?temporada=21,200,True,0,html_next_data,,
56242cf68abc,2026-08-01T09:22:19.812105+00:00,fetch_page,player_ficha,26305008,https://www.rffm.es/fichajugador/26305008?temporada=21,200,True,0,html_next_data,,
56242cf68abc,2026-08-01T09:22:21.560670+00:00,fetch_page,player_ficha,26306085,https://www.rffm.es/fichajugador/26306085?temporada=21,200,True,0,html_next_data,,
56242cf68abc,2026-08-01T09:22:22.311618+00:00,fetch_page,player_ficha,26314223,https://www.rffm.es/fichajugador/26314223?temporada=21,200,True,0,html_next_data,,
56242cf68abc,2026-08-01T09:22:23.557027+00:00,fetch_page,player_ficha,26314665,https://www.rffm.es/fichajugador/26314665?temporada=21,200,True,0,html_next_data,,
56242cf68abc,2026-08-01T09:22:24.795342+00:00,fetch_page,player_ficha,26314748,https://www.rffm.es/fichajugador/26314748?temporada=21,200,True,0,html_next_data,,
56242cf68abc,2026-08-01T09:22:26.072134+00:00,fetch_page,player_ficha,26314837,https://www.rffm.es/fichajugador/26314837?temporada=21,200,True,0,html_next_data,,
56242cf68abc,2026-08-01T09:22:27.338560+00:00,fetch_page,player_ficha,26315001,https://www.rffm.es/fichajugador/26315001?temporada=21,200,True,0,html_next_data,,
56242cf68abc,2026-08-01T09:22:29.125382+00:00,fetch_page,player_ficha,26315297,https://www.rffm.es/fichajugador/26315297?temporada=21,200,True,0,html_next_data,,
56242cf68abc,2026-08-01T09:22:29.810624+00:00,fetch_page,player_ficha,26315634,https://www.rffm.es/fichajugador/26315634?temporada=21,200,True,0,html_next_data,,
56242cf68abc,2026-08-01T09:22:31.046967+00:00,fetch_page,player_ficha,26316107,https://www.rffm.es/fichajugador/26316107?temporada=21,200,True,0,html_next_data,,
56242cf68abc,2026-08-01T09:22:32.752282+00:00,fetch_page,player_ficha,26316569,https://www.rffm.es/fichajugador/26316569?temporada=21,200,True,0,html_next_data,,
56242cf68abc,2026-08-01T09:22:33.535057+00:00,fetch_page,player_ficha,26316900,https://www.rffm.es/fichajugador/26316900?temporada=21,200,True,0,html_next_data,,
56242cf68abc,2026-08-01T09:22:34.828936+00:00,fetch_page,player_ficha,26317481,https://www.rffm.es/fichajugador/26317481?temporada=21,200,True,0,html_next_data,,
56242cf68abc,2026-08-01T09:22:36.057885+00:00,fetch_page,player_ficha,26320920,https://www.rffm.es/fichajugador/26320920?temporada=21,200,True,0,html_next_data,,
56242cf68abc,2026-08-01T09:22:37.611438+00:00,fetch_page,player_ficha,26327446,https://www.rffm.es/fichajugador/26327446?temporada=21,200,True,0,html_next_data,,
56242cf68abc,2026-08-01T09:22:39.055170+00:00,fetch_page,player_ficha,26329234,https://www.rffm.es/fichajugador/26329234?temporada=21,200,True,0,html_next_data,,
56242cf68abc,2026-08-01T09:22:39.973314+00:00,fetch_page,player_ficha,26329755,https://www.rffm.es/fichajugador/26329755?temporada=21,200,True,0,html_next_data,,
56242cf68abc,2026-08-01T09:22:41.068808+00:00,fetch_page,player_ficha,26329885,https://www.rffm.es/fichajugador/26329885?temporada=21,200,True,0,html_next_data,,
56242cf68abc,2026-08-01T09:22:42.303164+00:00,fetch_page,player_ficha,26329949,https://www.rffm.es/fichajugador/26329949?temporada=21,200,True,0,html_next_data,,
56242cf68abc,2026-08-01T09:22:43.671206+00:00,fetch_page,player_ficha,26330011,https://www.rffm.es/fichajugador/26330011?temporada=21,200,True,0,html_next_data,,
56242cf68abc,2026-08-01T09:22:44.818399+00:00,fetch_page,player_ficha,26330020,https://www.rffm.es/fichajugador/26330020?temporada=21,200,True,0,html_next_data,,
56242cf68abc,2026-08-01T09:22:46.444370+00:00,fetch_page,player_ficha,26330423,https://www.rffm.es/fichajugador/26330423?temporada=21,200,True,0,html_next_data,,
56242cf68abc,2026-08-01T09:22:47.338404+00:00,fetch_page,player_ficha,26330435,https://www.rffm.es/fichajugador/26330435?temporada=21,200,True,0,html_next_data,,
56242cf68abc,2026-08-01T09:22:48.572896+00:00,fetch_page,player_ficha,26338995,https://www.rffm.es/fichajugador/26338995?temporada=21,200,True,0,html_next_data,,
56242cf68abc,2026-08-01T09:22:49.805242+00:00,fetch_page,player_ficha,26339073,https://www.rffm.es/fichajugador/26339073?temporada=21,200,True,0,html_next_data,,
56242cf68abc,2026-08-01T09:22:51.078672+00:00,fetch_page,player_ficha,26339547,https://www.rffm.es/fichajugador/26339547?temporada=21,200,True,0,html_next_data,,
56242cf68abc,2026-08-01T09:22:52.327733+00:00,fetch_page,player_ficha,26343190,https://www.rffm.es/fichajugador/26343190?temporada=21,200,True,0,html_next_data,,
56242cf68abc,2026-08-01T09:22:53.611525+00:00,fetch_page,player_ficha,26346629,https://www.rffm.es/fichajugador/26346629?temporada=21,200,True,0,html_next_data,,
56242cf68abc,2026-08-01T09:22:54.841853+00:00,fetch_page,player_ficha,26349007,https://www.rffm.es/fichajugador/26349007?temporada=21,200,True,0,html_next_data,,
56242cf68abc,2026-08-01T09:22:56.224126+00:00,fetch_page,player_ficha,26349568,https://www.rffm.es/fichajugador/26349568?temporada=21,200,True,0,html_next_data,,
56242cf68abc,2026-08-01T09:22:57.306775+00:00,fetch_page,player_ficha,26351300,https://www.rffm.es/fichajugador/26351300?temporada=21,200,True,0,html_next_data,,
56242cf68abc,2026-08-01T09:22:58.539809+00:00,fetch_page,player_ficha,26352686,https://www.rffm.es/fichajugador/26352686?temporada=21,200,True,0,html_next_data,,
56242cf68abc,2026-08-01T09:22:59.898556+00:00,fetch_page,player_ficha,26356206,https://www.rffm.es/fichajugador/26356206?temporada=21,200,True,0,html_next_data,,
56242cf68abc,2026-08-01T09:23:01.113746+00:00,fetch_page,player_ficha,26356364,https://www.rffm.es/fichajugador/26356364?temporada=21,200,True,0,html_next_data,,
56242cf68abc,2026-08-01T09:23:02.622809+00:00,fetch_page,player_ficha,26356547,https://www.rffm.es/fichajugador/26356547?temporada=21,200,True,0,html_next_data,,
56242cf68abc,2026-08-01T09:23:03.757386+00:00,fetch_page,player_ficha,26361492,https://www.rffm.es/fichajugador/26361492?temporada=21,200,True,0,html_next_data,,
56242cf68abc,2026-08-01T09:23:04.841109+00:00,fetch_page,player_ficha,26362453,https://www.rffm.es/fichajugador/26362453?temporada=21,200,True,0,html_next_data,,
56242cf68abc,2026-08-01T09:23:06.055254+00:00,fetch_page,player_ficha,26362488,https://www.rffm.es/fichajugador/26362488?temporada=21,200,True,0,html_next_data,,
56242cf68abc,2026-08-01T09:23:07.645926+00:00,fetch_page,player_ficha,26364576,https://www.rffm.es/fichajugador/26364576?temporada=21,200,True,0,html_next_data,,
56242cf68abc,2026-08-01T09:23:08.962257+00:00,fetch_page,player_ficha,26365368,https://www.rffm.es/fichajugador/26365368?temporada=21,200,True,0,html_next_data,,
56242cf68abc,2026-08-01T09:23:09.841145+00:00,fetch_page,player_ficha,26368047,https://www.rffm.es/fichajugador/26368047?temporada=21,200,True,0,html_next_data,,
56242cf68abc,2026-08-01T09:23:11.052384+00:00,fetch_page,player_ficha,26368387,https://www.rffm.es/fichajugador/26368387?temporada=21,200,True,0,html_next_data,,
56242cf68abc,2026-08-01T09:23:12.316129+00:00,fetch_page,player_ficha,26372001,https://www.rffm.es/fichajugador/26372001?temporada=21,200,True,0,html_next_data,,
56242cf68abc,2026-08-01T09:23:13.670089+00:00,fetch_page,player_ficha,26376954,https://www.rffm.es/fichajugador/26376954?temporada=21,200,True,0,html_next_data,,
56242cf68abc,2026-08-01T09:23:14.859544+00:00,fetch_page,player_ficha,26379377,https://www.rffm.es/fichajugador/26379377?temporada=21,200,True,0,html_next_data,,
56242cf68abc,2026-08-01T09:23:16.055900+00:00,fetch_page,player_ficha,26379693,https://www.rffm.es/fichajugador/26379693?temporada=21,200,True,0,html_next_data,,
56242cf68abc,2026-08-01T09:23:17.679059+00:00,fetch_page,player_ficha,26380721,https://www.rffm.es/fichajugador/26380721?temporada=21,200,True,0,html_next_data,,
56242cf68abc,2026-08-01T09:23:18.582904+00:00,fetch_page,player_ficha,26381289,https://www.rffm.es/fichajugador/26381289?temporada=21,200,True,0,html_next_data,,
56242cf68abc,2026-08-01T09:23:19.806067+00:00,fetch_page,player_ficha,26381379,https://www.rffm.es/fichajugador/26381379?temporada=21,200,True,0,html_next_data,,
56242cf68abc,2026-08-01T09:23:21.271458+00:00,fetch_page,player_ficha,26387915,https://www.rffm.es/fichajugador/26387915?temporada=21,200,True,0,html_next_data,,
56242cf68abc,2026-08-01T09:23:22.328765+00:00,fetch_page,player_ficha,26388009,https://www.rffm.es/fichajugador/26388009?temporada=21,200,True,0,html_next_data,,
56242cf68abc,2026-08-01T09:23:23.553825+00:00,fetch_page,player_ficha,26388580,https://www.rffm.es/fichajugador/26388580?temporada=21,200,True,0,html_next_data,,
56242cf68abc,2026-08-01T09:23:24.802051+00:00,fetch_page,player_ficha,26389796,https://www.rffm.es/fichajugador/26389796?temporada=21,200,True,0,html_next_data,,
56242cf68abc,2026-08-01T09:23:26.339208+00:00,fetch_page,player_ficha,26394068,https://www.rffm.es/fichajugador/26394068?temporada=21,200,True,0,html_next_data,,
56242cf68abc,2026-08-01T09:23:27.340214+00:00,fetch_page,player_ficha,26399880,https://www.rffm.es/fichajugador/26399880?temporada=21,200,True,0,html_next_data,,
56242cf68abc,2026-08-01T09:23:28.605541+00:00,fetch_page,player_ficha,26399890,https://www.rffm.es/fichajugador/26399890?temporada=21,200,True,0,html_next_data,,
56242cf68abc,2026-08-01T09:23:29.816512+00:00,fetch_page,player_ficha,26400848,https://www.rffm.es/fichajugador/26400848?temporada=21,200,True,0,html_next_data,,
56242cf68abc,2026-08-01T09:23:31.165224+00:00,fetch_page,player_ficha,26409537,https://www.rffm.es/fichajugador/26409537?temporada=21,200,True,0,html_next_data,,
56242cf68abc,2026-08-01T09:23:32.326589+00:00,fetch_page,player_ficha,26412534,https://www.rffm.es/fichajugador/26412534?temporada=21,200,True,0,html_next_data,,
56242cf68abc,2026-08-01T09:23:33.580940+00:00,fetch_page,player_ficha,26416669,https://www.rffm.es/fichajugador/26416669?temporada=21,200,True,0,html_next_data,,
56242cf68abc,2026-08-01T09:23:34.827184+00:00,fetch_page,player_ficha,26419831,https://www.rffm.es/fichajugador/26419831?temporada=21,200,True,0,html_next_data,,
56242cf68abc,2026-08-01T09:23:36.062466+00:00,fetch_page,player_ficha,26431355,https://www.rffm.es/fichajugador/26431355?temporada=21,200,True,0,html_next_data,,
56242cf68abc,2026-08-01T09:23:37.625597+00:00,fetch_page,player_ficha,26431819,https://www.rffm.es/fichajugador/26431819?temporada=21,200,True,0,html_next_data,,
56242cf68abc,2026-08-01T09:23:38.572238+00:00,fetch_page,player_ficha,26433053,https://www.rffm.es/fichajugador/26433053?temporada=21,200,True,0,html_next_data,,
56242cf68abc,2026-08-01T09:23:39.932238+00:00,fetch_page,player_ficha,26433106,https://www.rffm.es/fichajugador/26433106?temporada=21,200,True,0,html_next_data,,
56242cf68abc,2026-08-01T09:23:41.174936+00:00,fetch_page,player_ficha,26433117,https://www.rffm.es/fichajugador/26433117?temporada=21,200,True,0,html_next_data,,
56242cf68abc,2026-08-01T09:23:42.339142+00:00,fetch_page,player_ficha,26433130,https://www.rffm.es/fichajugador/26433130?temporada=21,200,True,0,html_next_data,,
56242cf68abc,2026-08-01T09:23:43.917666+00:00,fetch_page,player_ficha,26433151,https://www.rffm.es/fichajugador/26433151?temporada=21,200,True,0,html_next_data,,
56242cf68abc,2026-08-01T09:23:44.975390+00:00,fetch_page,player_ficha,26433164,https://www.rffm.es/fichajugador/26433164?temporada=21,200,True,0,html_next_data,,
56242cf68abc,2026-08-01T09:23:46.095240+00:00,fetch_page,player_ficha,26445307,https://www.rffm.es/fichajugador/26445307?temporada=21,200,True,0,html_next_data,,
56242cf68abc,2026-08-01T09:23:47.309612+00:00,fetch_page,player_ficha,26445684,https://www.rffm.es/fichajugador/26445684?temporada=21,200,True,0,html_next_data,,
56242cf68abc,2026-08-01T09:23:48.996869+00:00,fetch_page,player_ficha,26449042,https://www.rffm.es/fichajugador/26449042?temporada=21,200,True,0,html_next_data,,
56242cf68abc,2026-08-01T09:23:49.856320+00:00,fetch_page,player_ficha,26449160,https://www.rffm.es/fichajugador/26449160?temporada=21,200,True,0,html_next_data,,
56242cf68abc,2026-08-01T09:23:51.066600+00:00,fetch_page,player_ficha,26449902,https://www.rffm.es/fichajugador/26449902?temporada=21,200,True,0,html_next_data,,
56242cf68abc,2026-08-01T09:23:52.899299+00:00,fetch_page,player_ficha,26451976,https://www.rffm.es/fichajugador/26451976?temporada=21,200,True,0,html_next_data,,
56242cf68abc,2026-08-01T09:23:53.601687+00:00,fetch_page,player_ficha,26454482,https://www.rffm.es/fichajugador/26454482?temporada=21,200,True,0,html_next_data,,
56242cf68abc,2026-08-01T09:23:55.347913+00:00,fetch_page,player_ficha,26454715,https://www.rffm.es/fichajugador/26454715?temporada=21,200,True,0,html_next_data,,
56242cf68abc,2026-08-01T09:23:56.103938+00:00,fetch_page,player_ficha,26456463,https://www.rffm.es/fichajugador/26456463?temporada=21,200,True,0,html_next_data,,
56242cf68abc,2026-08-01T09:23:57.643045+00:00,fetch_page,player_ficha,26458032,https://www.rffm.es/fichajugador/26458032?temporada=21,200,True,0,html_next_data,,
56242cf68abc,2026-08-01T09:23:59.142323+00:00,fetch_page,player_ficha,26463920,https://www.rffm.es/fichajugador/26463920?temporada=21,200,True,0,html_next_data,,
56242cf68abc,2026-08-01T09:23:59.819592+00:00,fetch_page,player_ficha,26469679,https://www.rffm.es/fichajugador/26469679?temporada=21,200,True,0,html_next_data,,
56242cf68abc,2026-08-01T09:24:01.143950+00:00,fetch_page,player_ficha,26470142,https://www.rffm.es/fichajugador/26470142?temporada=21,200,True,0,html_next_data,,
56242cf68abc,2026-08-01T09:24:02.517442+00:00,fetch_page,player_ficha,26470241,https://www.rffm.es/fichajugador/26470241?temporada=21,200,True,0,html_next_data,,
56242cf68abc,2026-08-01T09:24:03.575536+00:00,fetch_page,player_ficha,26470249,https://www.rffm.es/fichajugador/26470249?temporada=21,200,True,0,html_next_data,,
56242cf68abc,2026-08-01T09:24:05.057111+00:00,fetch_page,player_ficha,26471233,https://www.rffm.es/fichajugador/26471233?temporada=21,200,True,0,html_next_data,,
56242cf68abc,2026-08-01T09:24:06.106943+00:00,fetch_page,player_ficha,26471889,https://www.rffm.es/fichajugador/26471889?temporada=21,200,True,0,html_next_data,,
56242cf68abc,2026-08-01T09:24:07.455853+00:00,fetch_page,player_ficha,26473054,https://www.rffm.es/fichajugador/26473054?temporada=21,200,True,0,html_next_data,,
56242cf68abc,2026-08-01T09:24:08.549676+00:00,fetch_page,player_ficha,26477224,https://www.rffm.es/fichajugador/26477224?temporada=21,200,True,0,html_next_data,,
56242cf68abc,2026-08-01T09:24:10.255137+00:00,fetch_page,player_ficha,26478079,https://www.rffm.es/fichajugador/26478079?temporada=21,200,True,0,html_next_data,,
56242cf68abc,2026-08-01T09:24:11.077742+00:00,fetch_page,player_ficha,26482371,https://www.rffm.es/fichajugador/26482371?temporada=21,200,True,0,html_next_data,,
56242cf68abc,2026-08-01T09:24:13.146058+00:00,fetch_page,player_ficha,26485339,https://www.rffm.es/fichajugador/26485339?temporada=21,200,True,0,html_next_data,,
56242cf68abc,2026-08-01T09:24:13.571911+00:00,fetch_page,player_ficha,26491062,https://www.rffm.es/fichajugador/26491062?temporada=21,200,True,0,html_next_data,,
56242cf68abc,2026-08-01T09:24:14.880134+00:00,fetch_page,player_ficha,26491677,https://www.rffm.es/fichajugador/26491677?temporada=21,200,True,0,html_next_data,,
56242cf68abc,2026-08-01T09:24:16.106475+00:00,fetch_page,player_ficha,26491766,https://www.rffm.es/fichajugador/26491766?temporada=21,200,True,0,html_next_data,,
56242cf68abc,2026-08-01T09:24:17.333489+00:00,fetch_page,player_ficha,26493146,https://www.rffm.es/fichajugador/26493146?temporada=21,200,True,0,html_next_data,,
56242cf68abc,2026-08-01T09:24:18.574797+00:00,fetch_page,player_ficha,26494003,https://www.rffm.es/fichajugador/26494003?temporada=21,200,True,0,html_next_data,,
56242cf68abc,2026-08-01T09:24:19.801279+00:00,fetch_page,player_ficha,26495869,https://www.rffm.es/fichajugador/26495869?temporada=21,200,True,0,html_next_data,,
56242cf68abc,2026-08-01T09:24:21.167151+00:00,fetch_page,player_ficha,26506917,https://www.rffm.es/fichajugador/26506917?temporada=21,200,True,0,html_next_data,,
56242cf68abc,2026-08-01T09:24:22.325910+00:00,fetch_page,player_ficha,26508132,https://www.rffm.es/fichajugador/26508132?temporada=21,200,True,0,html_next_data,,
56242cf68abc,2026-08-01T09:24:23.569711+00:00,fetch_page,player_ficha,26511780,https://www.rffm.es/fichajugador/26511780?temporada=21,200,True,0,html_next_data,,
56242cf68abc,2026-08-01T09:24:24.807120+00:00,fetch_page,player_ficha,26511956,https://www.rffm.es/fichajugador/26511956?temporada=21,200,True,0,html_next_data,,
56242cf68abc,2026-08-01T09:24:26.399728+00:00,fetch_page,player_ficha,26512044,https://www.rffm.es/fichajugador/26512044?temporada=21,200,True,0,html_next_data,,
56242cf68abc,2026-08-01T09:24:27.335474+00:00,fetch_page,player_ficha,26512253,https://www.rffm.es/fichajugador/26512253?temporada=21,200,True,0,html_next_data,,
56242cf68abc,2026-08-01T09:24:28.568114+00:00,fetch_page,player_ficha,26512435,https://www.rffm.es/fichajugador/26512435?temporada=21,200,True,0,html_next_data,,
56242cf68abc,2026-08-01T09:24:29.802789+00:00,fetch_page,player_ficha,26532231,https://www.rffm.es/fichajugador/26532231?temporada=21,200,True,0,html_next_data,,
56242cf68abc,2026-08-01T09:24:31.061621+00:00,fetch_page,player_ficha,26535745,https://www.rffm.es/fichajugador/26535745?temporada=21,200,True,0,html_next_data,,
56242cf68abc,2026-08-01T09:24:32.335253+00:00,fetch_page,player_ficha,26540077,https://www.rffm.es/fichajugador/26540077?temporada=21,200,True,0,html_next_data,,
56242cf68abc,2026-08-01T09:24:33.557624+00:00,fetch_page,player_ficha,26541553,https://www.rffm.es/fichajugador/26541553?temporada=21,200,True,0,html_next_data,,
56242cf68abc,2026-08-01T09:24:34.799825+00:00,fetch_page,player_ficha,26541562,https://www.rffm.es/fichajugador/26541562?temporada=21,200,True,0,html_next_data,,
56242cf68abc,2026-08-01T09:24:36.493307+00:00,fetch_page,player_ficha,26541603,https://www.rffm.es/fichajugador/26541603?temporada=21,200,True,0,html_next_data,,
56242cf68abc,2026-08-01T09:24:37.747678+00:00,fetch_page,player_ficha,26542198,https://www.rffm.es/fichajugador/26542198?temporada=21,200,True,0,html_next_data,,
56242cf68abc,2026-08-01T09:24:38.574276+00:00,fetch_page,player_ficha,26542581,https://www.rffm.es/fichajugador/26542581?temporada=21,200,True,0,html_next_data,,
56242cf68abc,2026-08-01T09:24:39.795970+00:00,fetch_page,player_ficha,26547354,https://www.rffm.es/fichajugador/26547354?temporada=21,200,True,0,html_next_data,,
56242cf68abc,2026-08-01T09:24:41.055769+00:00,fetch_page,player_ficha,26548008,https://www.rffm.es/fichajugador/26548008?temporada=21,200,True,0,html_next_data,,
56242cf68abc,2026-08-01T09:24:42.872879+00:00,fetch_page,player_ficha,26549595,https://www.rffm.es/fichajugador/26549595?temporada=21,200,True,0,html_next_data,,
56242cf68abc,2026-08-01T09:24:43.585614+00:00,fetch_page,player_ficha,26550182,https://www.rffm.es/fichajugador/26550182?temporada=21,200,True,0,html_next_data,,
56242cf68abc,2026-08-01T09:24:44.862953+00:00,fetch_page,player_ficha,26553732,https://www.rffm.es/fichajugador/26553732?temporada=21,200,True,0,html_next_data,,
56242cf68abc,2026-08-01T09:24:46.107637+00:00,fetch_page,player_ficha,26556603,https://www.rffm.es/fichajugador/26556603?temporada=21,200,True,0,html_next_data,,
56242cf68abc,2026-08-01T09:24:47.317197+00:00,fetch_page,player_ficha,26561105,https://www.rffm.es/fichajugador/26561105?temporada=21,200,True,0,html_next_data,,
56242cf68abc,2026-08-01T09:24:48.551633+00:00,fetch_page,player_ficha,26572903,https://www.rffm.es/fichajugador/26572903?temporada=21,200,True,0,html_next_data,,
56242cf68abc,2026-08-01T09:24:49.818866+00:00,fetch_page,player_ficha,26574002,https://www.rffm.es/fichajugador/26574002?temporada=21,200,True,0,html_next_data,,
56242cf68abc,2026-08-01T09:24:51.055662+00:00,fetch_page,player_ficha,26584319,https://www.rffm.es/fichajugador/26584319?temporada=21,200,True,0,html_next_data,,
56242cf68abc,2026-08-01T09:24:52.406707+00:00,fetch_page,player_ficha,9994086,https://www.rffm.es/fichajugador/9994086?temporada=21,200,True,0,html_next_data,,
